200
0.20102155840716 0.15575402112153 0.26558822567789 0.84976196701905 0.66091522385143 0.65474162528988 0.73803626234839 0.61545882713813 0.37958566295053 0.53240488966433 0.97646740335965 0.58295035075048 0.75357000910285 0.05918645536726 0.86015403830439 0.99249730556166 0.35956146257900 0.28074263478967 0.59773414963373 0.42479850657044 0.48902683742142 0.56423084843962 0.57605773619280 0.00597010010297 0.88605909093954 0.84531714028603 0.74132179643484 0.00507016263771 0.48990925927932 0.51577365359642 0.17682635280643 0.40130300609843 0.39342351403393 0.03710849124850 0.37567042463723 0.21238202570327 0.54244648896829 0.40561029638943 0.61413656375000 0.86025235607426 0.07301314041737 0.52050307453088 0.72498721431066 0.54616128214152 0.45302434056210 0.55766108381968 0.86926170009568 0.53451940556009 0.25215167493732 0.67331616530611 0.56428796943598 0.64157513326048 0.76419758680714 0.79123897262177 0.16772452027385 0.47709799178625 0.74261741051220 0.53982595959685 0.08011812675207 0.64869211259213 0.94995152946721 0.51192284877517 0.93764091838079 0.02395918950475 0.28485809310400 0.45263219744848 0.63710446631790 0.85854584752700 0.27083312136824 0.23257335537755 0.24223006739786 0.11322957205227 0.93406072407422 0.50618338788896 0.00365386518540 0.60639905868924 0.90246585559451 0.90843390855655 0.57458773674692 0.20132320298432 0.02929917376068 0.40877554302466 0.13671148637117 0.65502778373007 0.17352109039172 0.61690897818958 0.10968197924705 0.20426213594777 0.00643541079702 0.91433739717338 0.90432896781536 0.40225583936757 0.63909490145661 0.69500914640831 0.98086851599809 0.16455447918343 0.85685971702757 0.34204113409533 0.60319575446031 0.48885372169461 0.89025427385498 0.73183546872024 0.13112624432964 0.77597277789368 0.58249947461171 0.64549780138313 0.48126618278800 0.57203950541053 0.19684467497309 0.00270717515569 0.95576911495848 0.63527368610226 0.91019115443991 0.70860251821817 0.15318869381230 0.05501689509415 0.79714352247770 0.42446955924931 0.84058196362005 0.47742260610906 0.88040329900412 0.91160620923801 0.35322578709259 0.46779854407955 0.18978852677904 0.71614576342032 0.20437305923135 0.10435612347514 0.05418850459112 0.47570826824799 0.35956721811286 0.00330975310797 0.46843390141377 0.59909827726267 0.41946197012514 0.25459527895674 0.72591031044524 0.66694946743672 0.09939291538273 0.68750722175693 0.69995004332427 0.95888367430878 0.93271453138400 0.58314431816243 0.08017874400998 0.15756744600899 0.44513607911100 0.64329596627842 0.44901425232795 0.37245199421623 0.91791375010166 0.29874955347740 0.61900612091780 0.52631218277045 0.04945989251069 0.31744711512282 0.72090472549530 0.34955666453542 0.92981111247782 0.53715091495761 0.80843086666374 0.02539543968126 0.14525831686616 0.62906264855585 0.39859561832759 0.92940821059158 0.57602838145529 0.99628786008608 0.23204334033228 0.51981853690642 0.99309684557135 0.25715377759292 0.85564246235263 0.42309787572126 0.79552051397014 0.11080383847574 0.44277640448068 0.22480244695013 0.49824692154420 0.71539990108190 0.10331890020840 0.97874663906796 0.52878484268836 0.99639642789820 0.65455896098199 0.59727048144924 0.07779268087413 0.68866284865768 0.29946376754733 0.50494456117444 0.99235843623191 0.39250423325882 0.54522559617958 0.75648021732957 0.54001882577946 0.80973448455658 0.37047732294191 0.59074901660910 0.99839885251792 0.90871290427572
0.89177149147495 0.66953581590585 0.52654194982067 0.30148212931096 0.38941280988552 0.26721394121968 0.38252600058368 0.73921387811571 0.60746358007578 0.35746434046545 0.96300800634031 0.16979613348070 0.44561454340149 0.99755032993033 0.72837618134223 0.86880658897071 0.57731108298441 0.31922231720084 0.36095945555486 0.57781663687485 0.08399272487458 0.85970908855756 0.72104645975253 0.20795898235327 0.55163489032167 0.67691040103064 0.48755036551175 0.75578159305387 0.76846388257682 0.73057536593270 0.65527670692861 0.29465552825412 0.26760481275064 0.90550802884882 0.65732656634467 0.32200807533716 0.28085724642615 0.09494230937526 0.22751310666643 0.19111160781790 0.09213075415652 0.24115412214842 0.46606288197470 0.82116098443511 0.17273809975168 0.89104788747528 0.15513711817930 0.05171319516410 0.62155425289336 0.16243301815916 0.90102261699221 0.46358919850906 0.48385080189838 0.57025396263842 0.92992349670923 0.02314767696017 0.37923856278742 0.97218365580535 0.62150032076156 0.82122159569234 0.80336442845173 0.50148333629409 0.93438371862995 0.40586929884299 0.71813491442669 0.04493811493967 0.36331355435351 0.34409483429373 0.36647483838167 0.97612399784002 0.05886938960587 0.16058413656776 0.37784812609154 0.94042311817629 0.39073296112321 0.49676769584518 0.98412929598031 0.74542112851386 0.97318290150521 0.30977958108636 0.27769322161359 0.22805912797958 0.41672167813719 0.05587636527577 0.35419131854463 0.24715624748140 0.38265610086285 0.57210921137877 0.34454752107093 0.88212754922855 0.83896247355611 0.26429540761202 0.46462785303382 0.58059608957457 0.70541074117265 0.45437973725987 0.66009364160303 0.61975188001462 0.61034306404118 0.28692428722059 0.26238549843901 0.73787179938467 0.30866539760499 0.48817793268019 0.10431256394946 0.64339772297289 0.60941017786707 0.64434444180773 0.34322901885492 0.23011485833252 0.37292697487657 0.17413991777151 0.06913477857657 0.44560465722106 0.21877585158396 0.59950396562634 0.42016053692925 0.05791484273126 0.76349772947689 0.81957738701492 0.99083906351193 0.71791950572882 0.79044889652507 0.58247985731570 0.57974084672825 0.30170452178177 0.03503863436421 0.11199498772172 0.08415564997762 0.85290550645666 0.30866941039924 0.15401336545257 0.96099117203715 0.89218383835811 0.12619830883031 0.57487149137991 0.60507946277352 0.36453351410994 0.35036531824696 0.40895625289833 0.44966854239967 0.25526694732116 0.76508694675589 0.63975330075729 0.50143739278426 0.48500741411442 0.53760621295715 0.23258302023942 0.46389692482773 0.71895205182269 0.28776179850631 0.56693123381815 0.05116104924526 0.88455190887058 0.82251804109095 0.40878146887722 0.73943049342330 0.61517919385217 0.35700460253737 0.77133595271825 0.12568367777935 0.58743257919966 0.90876029739349 0.23469851941397 0.98012330653503 0.96681384465799 0.70336565935739 0.71851479315376 0.60536190843117 0.59364667478468 0.71669140152604 0.97933729709930 0.59408087568772 0.77450450837715 0.78754458907739 0.70622921941405 0.94358429039915 0.24209289638355 0.07514756148660 0.77243501387458 0.49304727512365 0.55173873817106 0.06497737653482 0.46912034692617 0.08504284255642 0.56850469786544 0.93694431115982 0.20033976207438 0.07474460456536 0.04417248440563 0.49212002745878 0.89118797065387 0.61152864581708 0.39751821071448 0.75114262414904 0.81984653287546 0.19656330455061 0.31951480722458 0.53670457070678 0.30170880590221
0.52065471004656 0.24489608090836 0.28528636598175 0.09602852177391 0.36442440843212 0.14321588886072 0.09966084063102 0.47742762233194 0.46424944053761 0.48732734845238 0.10005551964522 0.34306577850798 0.41583683829917 0.58316117650092 0.53769748509485 0.85559190146487 0.80746119925549 0.35066911011747 0.45493480832078 0.87894878284670 0.69005989194617 0.83816179298299 0.67593777452944 0.22025895272266 0.89788514881799 0.30152918897416 0.56743578837242 0.16542126557734 0.63516496198086 0.19776014391908 0.41194138720179 0.50242339208724 0.52400822766876 0.32700556517859 0.29071154862712 0.58268983172852 0.21182673048380 0.59641557900709 0.26206639822391 0.63028579650636 0.66664328274220 0.82869707417796 0.85916217525820 0.98372428209998 0.80470131435831 0.35453176417532 0.33131941208852 0.73789788046882 0.82399573354793 0.32891041294244 0.48416895932340 0.49779117432606 0.31316410817059 0.85081733339105 0.41065933457366 0.57624093562897 0.61460336422811 0.24319780414215 0.21512961446537 0.27513251145236 0.82141537382185 0.14970066202803 0.31825569653111 0.35312124551858 0.74621720171939 0.19142799192556 0.75516899114610 0.76421755538590 0.75785968320488 0.68629160185974 0.04495853900617 0.86598375878258 0.56229888444513 0.89700858788350 0.16482656423712 0.41640197188759 0.41789495761696 0.65505203907244 0.16067816417242 0.19607812583343 0.47780963592663 0.10611198041108 0.94918766402980 0.73992118312215 0.96338648161629 0.74966313548616 0.03325488001995 0.93911318971640 0.17174012551511 0.56995279875053 0.89824842921161 0.44165390031468 0.73550269444725 0.87460322910485 0.27069607622071 0.60936155426348 0.86784200634275 0.07407625162769 0.58513427176958 0.84168718069793 0.20312699955000 0.02677034326802 0.47010834930997 0.27162065560050 0.50549318119301 0.61179834992087 0.53813359160042 0.64860689055486 0.06421298700775 0.01768262214014 0.36914182940133 0.72247207654088 0.99583214927476 0.86960748725100 0.68158263859824 0.47168561450133 0.47055588114668 0.89939951280110 0.84535604693848 0.93053078834616 0.20634021563332 0.36578840711560 0.44742475260610 0.78443216017349 0.03147198799840 0.12192599118644 0.66387389535385 0.71120987181882 0.63223625510783 0.44435278215716 0.49772208998360 0.52381928017842 0.68435297252257 0.51288186480436 0.94969999105707 0.93958160736819 0.87894646365865 0.55821999403450 0.25752727680535 0.89542207534806 0.86097163383666 0.79985955928629 0.78052750265028 0.07027790452876 0.83114650659885 0.19096946370163 0.18422126470640 0.34579774196292 0.89224732250994 0.42120224249716 0.50547329923074 0.25266502707791 0.75548201684822 0.08507566410003 0.84106573668179 0.42840230351644 0.28477492154376 0.54343079389220 0.69776523000032 0.24149847855783 0.24759694255979 0.82253355831448 0.98678971037566 0.93138720897935 0.98956397242619 0.57016423598565 0.04143756575006 0.20559649236516 0.31026356790898 0.71279716899516 0.42878098257961 0.57587888609502 0.14219918935245 0.19746269333897 0.35952795783499 0.56688342097169 0.59890223443668 0.56257851067428 0.39037900831949 0.15232377898150 0.19127585073933 0.95882114051728 0.35123857964526 0.39766749738994 0.09289838420835 0.81284308014930 0.78206596478277 0.96116347394111 0.76758613503482 0.22223969106472 0.76398507714840 0.56854068086235 0.06209967863518 0.55141449170458 0.26244122620708 0.11500226024519 0.76858043634816 0.13894999169580 0.72012295170813 0.57100857818338
0.17170756956557 0.45934013500170 0.59789121041813 0.14364170781910 0.60607055045620 0.40629664855742 0.88741504969091 0.28998951324050 0.58285212107374 0.59336003996288 0.06655758560651 0.89452024450480 0.01316135685761 0.23345281281389 0.86285160175188 0.53510159907319 0.21021342381588 0.57905014645502 0.74581445841580 0.51725678668253 0.25691580602469 0.73298338740949 0.16204328499097 0.90105123563764 0.07259637742788 0.19370478684081 0.42076618757919 0.82057611674622 0.62938686574734 0.13543244393350 0.65706328547435 0.27750196926092 0.77658521403475 0.76865128951712 0.33114078933325 0.90359663737985 0.83083616024808 0.01389906851708 0.79192803631325 0.96146268054269 0.44291739214241 0.63799753006773 0.03463807703797 0.10217439227549 0.22952478486976 0.29692701332311 0.33993111980861 0.36492205825884 0.09680309097481 0.58713292201871 0.01950276626003 0.15527463374295 0.03931658720022 0.49565924951949 0.38366915920500 0.96402688151786 0.49849872800789 0.52566463413008 0.02068789842606 0.00408412914662 0.68798832218873 0.72571043386831 0.21446415041914 0.70240917031153 0.78780488608383 0.64413860930258 0.19559886585125 0.18636055808444 0.11275008663806 0.37056866315108 0.23235191820318 0.72674035245470 0.22362971436634 0.66810464670329 0.55934425729038 0.34580783479910 0.35659052581964 0.88962467700421 0.55270551459158 0.96123098585513 0.27921358973218 0.78636484978750 0.70017054921442 0.42683193284622 0.21127681870244 0.20850996814626 0.14170206113941 0.89410851892624 0.02997432288671 0.89909372659659 0.26155538000089 0.07272535050759 0.46890311644516 0.74116095893668 0.03610621991423 0.12360434229312 0.36554218014867 0.58038057288300 0.89914570707396 0.63892886814091 0.42734129501869 0.45075329561206 0.15367848531867 0.67022756987289 0.14717690589846 0.27985074813232 0.68902498031323 0.58495155641218 0.68282892904460 0.59494387809548 0.50703897698993 0.96452421457567 0.18387401629015 0.73961269568024 0.87214631609194 0.21931948171039 0.96761640927613 0.97299993897111 0.03167718107641 0.76838291919409 0.73891789569677 0.34285127389501 0.37588545146099 0.60982678850497 0.71260736491517 0.35710071885297 0.09670186247689 0.04231355292854 0.02647983259082 0.10548197628590 0.52942685215150 0.66723284861551 0.01373186582191 0.98813435529921 0.29251063117061 0.04971053180563 0.72579212598745 0.78953808760776 0.95678111041410 0.01951984444087 0.79397331308050 0.17038791181099 0.44595696770447 0.07118024550767 0.96341848825539 0.24421533256176 0.17649934252438 0.29044800288285 0.39996526807314 0.61446611337498 0.37036741507486 0.49925702418337 0.47510226686051 0.65902028090153 0.73747979605692 0.70949073836974 0.86277031867836 0.93065145506815 0.91410564781135 0.13117918458281 0.72626718083407 0.83394441068519 0.96366375897975 0.12113524278342 0.00602612962796 0.82905869656565 0.55228172024521 0.78675467543151 0.27844832825347 0.88039333812386 0.08705892939035 0.24323079862511 0.08860193501171 0.42964630104480 0.15078402349907 0.60594717393054 0.95312918269753 0.79915930681117 0.54134464544137 0.86827652736541 0.76954361666689 0.46101952156874 0.48592243921284 0.07763291556761 0.05790251215329 0.25142503973475 0.57404901937959 0.28494658275601 0.43006210637433 0.34993082651002 0.93301510046897 0.13510767985356 0.08242581316191 0.76831735036323 0.18755898279309 0.93666503046034 0.90853399959448 0.82212023146034 0.77493153685736 0.82555732062778
0.40890976617836 0.06304947658015 0.05249348115536 0.85731813271564 0.43830580215478 0.84295411664148 0.54772128921956 0.48913493676999 0.26554904279516 0.14353651520331 0.29403734748675 0.70722465862850 0.50141125467494 0.09117963787267 0.69069015855443 0.69497164546802 0.71233592547450 0.35565967501765 0.09414591220175 0.18622506684500 0.04564523687688 0.88861427228911 0.50483596326601 0.96863415750557 0.57720927933689 0.02796684026686 0.33857389085837 0.18129238603757 0.46939266699915 0.91356524108790 0.69510288265636 0.32792577237922 0.41017864859572 0.78242138204836 0.40930451767530 0.86208307864620 0.33234822748474 0.13169119648503 0.27343662186796 0.80778892766027 0.68612853607291 0.58200284853943 0.37379372679941 0.88061532582588 0.29015661105036 0.92221975750503 0.97235972546446 0.38874485973660 0.78896338342372 0.24708898925111 0.51132072912694 0.46809288635632 0.81401255025615 0.31637247904618 0.50243651481809 0.74086053051909 0.76100970393373 0.51562437322651 0.35007949890207 0.75693187525879 0.92377869265230 0.27436811797252 0.08252120774337 0.71321624431708 0.11636543577914 0.94467438367060 0.28298845241461 0.89040780068545 0.81250676476313 0.36578065110184 0.01791841627699 0.49717623967345 0.41388590041734 0.29891204277035 0.21950512671746 0.29234889656800 0.68488005532849 0.21452947893365 0.21745371205835 0.28968504240146 0.28600115601213 0.61979639089364 0.15296155920806 0.50441349061369 0.56834233271660 0.25127002495537 0.68222919281894 0.09425756306418 0.52712590281161 0.57494937667213 0.15166158295455 0.05289324423849 0.94955904456574 0.69470869244810 0.30529071264239 0.49579418730581 0.09534724307588 0.10951551634017 0.69295748160968 0.24911090597311 0.65103986758647 0.13909139625231 0.76062068754385 0.69219741877279 0.35973134454705 0.32176787683785 0.07411468692066 0.16210977248194 0.85635524857602 0.64272366069978 0.84914188232373 0.50871447098628 0.55032114693988 0.26429370996864 0.19594723926376 0.19165438117348 0.03657698270744 0.51385637101616 0.76329089590971 0.24246067210045 0.73530952422889 0.71160448327180 0.37638015172915 0.43005418325694 0.89525380406628 0.63487664276663 0.77016163961480 0.18170479746277 0.26593752607233 0.69384170904041 0.62629612233870 0.07776449565642 0.73193448498304 0.45365666544682 0.19736516742940 0.01209122361338 0.04973382642521 0.63663021317816 0.98720680155205 0.60961713804855 0.04327557007279 0.86480777627099 0.57612368417098 0.06468461219783 0.19626703459646 0.70969639957153 0.28290334452285 0.85859346337441 0.26614314436340 0.08487432232875 0.80986750791879 0.43307187598028 0.96759489171079 0.32120161821321 0.59682448173365 0.71264984225413 0.82342834522146 0.66372123419542 0.47180970738657 0.10092775015340 0.70033271854905 0.05426947555269 0.05735832823183 0.79440496283661 0.99211757910774 0.06247117029260 0.90256942447436 0.91913346656613 0.89355061585901 0.94584867155351 0.32345793424612 0.78858760458943 0.03550621000835 0.73943441004548 0.19984057224728 0.64463203700049 0.57486471790174 0.80053974474170 0.95577724570132 0.99502055653717 0.56497247123290 0.43706717775978 0.38689977429263 0.14292981653833 0.88102414351054 0.04824853335152 0.12512028317009 0.71309119328517 0.16246157791988 0.71907554836839 0.73972919397497 0.54276607686066 0.07691378277962 0.82628006452076 0.33646497915600 0.97586030795876 0.11899861219353 0.87607159498114 0.86857862331194 0.87534408087031
0.41859359181913 0.66957202485249 0.50986190621678 0.61336263812672 0.33120676263796 0.68453719038962 0.78853626800917 0.80366662530911 0.28154488510663 0.36842752641319 0.05790869167342 0.14866091360633 0.88802613790001 0.79571278277261 0.39480440908980 0.41306382277324 0.57957917106358 0.25841644496458 0.95923385368094 0.27051780199001 0.55930117100191 0.96437047109973 0.60018367627526 0.17377690874398 0.01469705425205 0.96356330255576 0.40678147243958 0.40262861905677 0.54113162078056 0.05799698124870 0.12466677478869 0.25500178033995 0.27291398698998 0.53219415521579 0.24067660292902 0.60182170214491 0.57511506724554 0.12533778989097 0.20811942458189 0.52078772716127 0.03438235765963 0.60822506511596 0.89246145421997 0.59411002823879 0.00382137892137 0.02921580882733 0.72019908422980 0.76289215060455 0.11184447937948 0.12925822017742 0.35230788085457 0.84819742877107 0.89248245233940 0.93884672511706 0.58038185271127 0.44214374641591 0.13773668213381 0.51110965015867 0.44711887919288 0.28460889172284 0.02376242558154 0.95650352295154 0.71316012709148 0.71960747795969 0.02963341791591 0.17003491924552 0.45562329186701 0.83786210454693 0.63023001334797 0.55542374901891 0.54770262616211 0.80050432434146 0.63147383976400 0.12849797978920 0.59129592188341 0.68915892448137 0.08195009717403 0.30246556858575 0.53182114693278 0.66249504497332 0.95962351342129 0.22635237208003 0.98254101233124 0.00817091695132 0.91248110150605 0.54566120555793 0.34890260077473 0.69041526156449 0.52953089825847 0.78986813290002 0.27907263102703 0.15320080294036 0.64767083274971 0.47053041826411 0.22777137160479 0.09695650570542 0.95068602862712 0.09235390045621 0.48826917548809 0.97124668043764 0.71111811929691 0.83634668621199 0.36330741416241 0.59117382038209 0.48274106833527 0.71460047303538 0.47878279453945 0.20156522109767 0.11802140877910 0.19359552275879 0.66361700055648 0.26423763166125 0.03322184090601 0.06611393148458 0.44406174397298 0.02791832539330 0.85330706582096 0.90558929804102 0.47624413605858 0.22871053840862 0.22186204815344 0.97472660712440 0.43935972603133 0.24048184471884 0.63958740390465 0.04504094385830 0.12596606746858 0.46002572822371 0.99091542525985 0.60473278395961 0.00937973489225 0.52400571638603 0.17893245289177 0.20212482603095 0.65943651085326 0.01602692096466 0.10351195517714 0.05807320699448 0.54574340229764 0.60528952695254 0.88405895834873 0.10388731244702 0.18389593428697 0.37068891916088 0.63102067465324 0.98393787917049 0.27008581839400 0.56809997977731 0.53265462300204 0.51486439461310 0.56479063698767 0.42491021572916 0.83240208746061 0.56061859593406 0.88068475429225 0.39022232753011 0.15792453297725 0.01661493270174 0.53116127432098 0.37805653868672 0.90707869148416 0.67420401403978 0.17182514451831 0.47400188211945 0.35273272837152 0.78413260079512 0.17007866747168 0.42414255989436 0.20416870163295 0.36373346865383 0.27355136105503 0.16192436026488 0.15081635947793 0.64922439972338 0.83726372289228 0.55612271880555 0.87472246510935 0.21053834555118 0.99079553821883 0.73993849283400 0.48784801838045 0.12517877064544 0.01420794904836 0.44906942465645 0.88521371092243 0.24800156075244 0.44820710492953 0.38257464110151 0.35407350753339 0.45991382340853 0.74965648926036 0.16158002857964 0.11729663029498 0.68019003717983 0.89192928336533 0.90196070092854 0.53291373955126 0.05744020200640 0.08637368657782 0.68153686923012
0.44802379018284 0.89057602534742 0.69816067873761 0.47824714058673 0.73292851473348 0.57089597585611 0.94431837799902 0.43682426223281 0.36922714437518 0.54036281909561 0.85623946979086 0.25499407293400 0.61868799175475 0.28445578930476 0.16547264583205 0.97096668521437 0.10382978070502 0.16727863081322 0.60672524579523 0.38652640305651 0.64489173532124 0.73640509830740 0.87809044689562 0.16509101635981 0.96167269551445 0.24656044798959 0.33612596651835 0.55081737735976 0.61022195034459 0.22969091700771 0.59724017072922 0.06039590437535 0.32427200252431 0.56094580224357 0.81336338468344 0.46552877515124 0.91472638539161 0.25950235911241 0.70325128876217 0.91530753055005 0.52643841271217 0.37549338281525 0.53494793560484 0.37640207986309 0.41373808460723 0.56461588588218 0.74914669857708 0.69513896484667 0.53336466080993 0.33705266746179 0.74552325018824 0.11252973881764 0.14933912374362 0.03158314288615 0.32996184703117 0.22565676330242 0.61801173970832 0.64634544891399 0.46316234405625 0.50487765667782 0.74213933380171 0.72492581177451 0.69526185436319 0.45380871202273 0.02268769667851 0.22927892972545 0.33764887414988 0.74441090108667 0.20565548330597 0.50665957176994 0.63678272163180 0.00484053934609 0.33434918479129 0.08888005277867 0.68412214152273 0.40921748688966 0.83154478565271 0.66025831219516 0.30947583735704 0.07131486418309 0.24957832202024 0.34026579825115 0.38132823374803 0.27665181658456 0.86125958603469 0.68593645106822 0.82656929414082 0.76002923722566 0.47200110099749 0.99495350350027 0.92551345289581 0.48605395004230 0.10999782652889 0.98943347771992 0.11311634151940 0.75801317818986 0.12537538074031 0.49292066260985 0.55188252987556 0.88776308519469 0.84019530280984 0.71288996271986 0.16414047393462 0.29311557462433 0.37833020988757 0.48462372621719 0.25869491316965 0.20884424950635 0.33284390744187 0.74650019311655 0.91870283236323 0.40350208633885 0.58683987931516 0.93199244942912 0.01069931167577 0.93624522078581 0.23689048753964 0.25579935592290 0.68029010840976 0.16550786179586 0.31750570192745 0.51132347935747 0.34623380613720 0.89346537132284 0.81481197851995 0.42737392508230 0.12662840770751 0.66324280449141 0.04657988922252 0.36908861696820 0.76346543390223 0.64490828169821 0.50757400033526 0.47103196772287 0.39112970433657 0.31616877274580 0.51103992289499 0.43073028156180 0.28820076088184 0.16302662367818 0.38409290980211 0.17332342348899 0.75251703215227 0.88013837977189 0.43986516008795 0.82764184535973 0.84481614892005 0.47010283320908 0.28006322527582 0.06335365360993 0.54671170298728 0.39628981584848 0.04792603351265 0.20647002980215 0.84486199862529 0.17045553388806 0.21698273164785 0.56184978225413 0.54723906806314 0.60474164693804 0.99218923372685 0.01303498862677 0.63863650940198 0.85193294750034 0.88355598339657 0.24367437074896 0.36941969978974 0.13687372945764 0.77633292098766 0.66019383249557 0.55142862725697 0.94122881247238 0.00808005706705 0.95907900473504 0.02828092421562 0.58673138374502 0.53376927455947 0.19298075224508 0.44349561057093 0.37305525607111 0.79185099034485 0.11989307967896 0.80727184965853 0.89565468556584 0.28256094079102 0.04484023784224 0.08076033470666 0.70902597840794 0.03050290554405 0.91300324935418 0.50849055227549 0.39047969820667 0.03374155565727 0.00423459633980 0.58087539321340 0.83106062887025 0.60303226708767 0.58326209206867 0.94897042019576 0.30998581278642
0.02808771750382 0.01937102994139 0.14623109800993 0.22961524719591 0.42142158433641 0.88975708941426 0.73260419021150 0.74518263305255 0.35624639049827 0.85584941918719 0.24903034131458 0.63187243020454 0.66689262736522 0.28857248815910 0.64476517067237 0.37077657094346 0.76504606610424 0.11989800800963 0.57839835254332 0.33747206539736 0.55829812967613 0.28576507997145 0.33125988022261 0.94783795324159 0.51184645588945 0.06981026641352 0.41529630947231 0.82192608762930 0.42737621700513 0.97186093040357 0.72452499827292 0.99731374316869 0.98445255305339 0.47224682178845 0.20390826112545 0.22481770903732 0.46452935322502 0.28975522774177 0.56721685849679 0.58645967053739 0.46495683557467 0.39619176668581 0.63030395311410 0.88592895210567 0.44714019615676 0.09349468358484 0.02689360130242 0.71372810348473 0.55192864679598 0.01323039192296 0.32733142287473 0.91104765435542 0.95736301603637 0.16564659132281 0.52925856247314 0.39430531437725 0.98701213837271 0.25299574196861 0.11794792642617 0.23853402916639 0.13941005563641 0.31870662480084 0.06995223846580 0.75071757364965 0.18447734823709 0.74197603093551 0.00471011915206 0.75005025721530 0.85077775428136 0.93710572055978 0.04276800880090 0.26592407936877 0.74664955851422 0.24562620816313 0.45708056300713 0.31347108334165 0.38590833981003 0.35682726513828 0.35037487171324 0.41951731851859 0.99979970952764 0.81169886343628 0.57404513695506 0.26313480444583 0.30965795261969 0.86595095746244 0.81739358610267 0.46847812039752 0.87828263857794 0.21890545737447 0.58380691786518 0.85776849066847 0.68534619788953 0.36829658887681 0.05590007103587 0.25628739988266 0.68170882338666 0.88419570235707 0.46660510516165 0.00397106912741 0.93576729639677 0.57343624707559 0.16472655297908 0.93244694685378 0.54443815308914 0.32889940673448 0.33843466426570 0.22863591020490 0.96897577369292 0.87380415650193 0.06294456907950 0.61942192285267 0.41870222528546 0.42756553444061 0.31344197625956 0.48253000640498 0.20895983632768 0.94574794676149 0.90499869232428 0.94960798409672 0.99725084895834 0.76157307096631 0.67680842506656 0.78935416634614 0.28424105551341 0.64533069780710 0.27134680874449 0.65988600879506 0.16866836075326 0.40515960784672 0.88969771873588 0.81210811731830 0.59725231632601 0.70645060006056 0.67258780780970 0.49190093622203 0.54138185514944 0.66463361828953 0.74237597247960 0.63308632278868 0.22166791141898 0.67745368851891 0.62099045295678 0.19971132442476 0.01963783348815 0.07102622480896 0.65729199531235 0.89038415731050 0.85715244673299 0.97470370167198 0.70577485455812 0.90508330733987 0.26126887286517 0.01365455880071 0.37463951316229 0.16241363897601 0.14435459473672 0.73676034663618 0.86866296812080 0.04592738083795 0.70749231683822 0.16865532044518 0.30079808065926 0.17539570018665 0.09309454533023 0.66722634499974 0.87618484466470 0.58460134444739 0.92844753731318 0.41045011417276 0.93524316035133 0.30921384620369 0.09841074824546 0.84435412605605 0.56677625533768 0.95872568123564 0.86284653063363 0.86999513266816 0.38235021118219 0.01161471832288 0.50493433888321 0.14114310792436 0.60900620594626 0.45923428122733 0.27687422551619 0.16150872075415 0.21494119613027 0.77938263740255 0.34483757627593 0.90663658967793 0.57607270983885 0.94407444568467 0.00684678674086 0.36613140596083 0.80840590724826 0.22512496470018 0.09517871115119 0.40339518134261 0.19201823989650 0.53274746462227
0.42279117654031 0.60536136798201 0.12236793177483 0.44713562358324 0.47900835838250 0.98144781933164 0.44112050576278 0.80238803547463 0.02541100424802 0.30021764411982 0.84074364291305 0.98800824149788 0.02048774968142 0.04641801358039 0.05164596068995 0.36229152759095 0.06460769101358 0.23916556233343 0.22098993311334 0.51055247543676 0.31741809856587 0.76656287990276 0.82602438957094 0.19844570773122 0.23290386794751 0.39801507185424 0.71394852215277 0.99516866465258 0.73319593175045 0.59300537039572 0.26016805834312 0.95778526646365 0.00895991776707 0.70011834850222 0.26664088035164 0.80476194906240 0.32491161261972 0.79776239935197 0.29253275289749 0.72554631234045 0.17525484931818 0.65373366213132 0.11918741406849 0.31972781717981 0.80868381754524 0.88570165076190 0.64399824226297 0.15560929497157 0.00116342953181 0.04707731499504 0.44037324684432 0.65758856483545 0.21877660829203 0.36699089837810 0.34410704698843 0.31519201570377 0.08727117774830 0.56171224095573 0.20451969701723 0.25373125158993 0.47496354990921 0.96588128422231 0.48498518383716 0.69693873597633 0.78182140031405 0.27249749427347 0.26384552557225 0.46799432460171 0.74846769654974 0.55460965144697 0.71999038222692 0.80045739382414 0.82463069305628 0.26871931173378 0.83379991040674 0.45082799974458 0.04075018322362 0.51094707553994 0.34376926222849 0.69598095719429 0.15692307381741 0.77992861301624 0.48362232761246 0.80087430871514 0.71510153398612 0.72130772360217 0.06685810307936 0.17449389078235 0.68628300357317 0.74046153223705 0.49251118586209 0.59026576718833 0.01766322500327 0.10353299831259 0.79957557161614 0.91775191416893 0.39281141376615 0.83910726137282 0.81902713801137 0.01803875612315 0.41896103240367 0.82573711793864 0.32299678731222 0.27768742050504 0.97286797804294 0.47571673733584 0.58425555649424 0.50382748206236 0.04365560569342 0.86783949609093 0.35689250750593 0.15279599145364 0.08486526908832 0.69051684412104 0.79850491575268 0.10433831948996 0.23777557839072 0.02648044358781 0.02407145385687 0.74369975029561 0.07153366335340 0.43586566908042 0.67118108954855 0.16934058843536 0.16029623875536 0.80277171874689 0.39476698548290 0.68010885614740 0.00964859527590 0.85579713386421 0.88420404495214 0.66913122747724 0.81004606177390 0.21231139630293 0.41425223558935 0.95787102896333 0.31446037534212 0.50211724567950 0.81254737280655 0.16145832000904 0.78812710865149 0.39509103520736 0.03046367074381 0.66485447288974 0.25050501563873 0.18481442102266 0.15385028363497 0.83744453135339 0.69121576942227 0.98030566338374 0.20484520202429 0.27997547019437 0.18175345867695 0.57111991286878 0.61921834745606 0.59514709201262 0.94738760194542 0.80817103429251 0.78536794479471 0.08719264619526 0.66375043578922 0.04700441476129 0.02583610422924 0.12027048060917 0.33345102873402 0.26132337281205 0.57941421288860 0.56716373100950 0.11180306084370 0.87435870233326 0.12194561844326 0.30748667165659 0.78541183322915 0.16175373986341 0.85629762728618 0.89771824896609 0.59126728531125 0.94760589571902 0.12807204277641 0.83202488367849 0.44530434570475 0.41134143744351 0.53767077054831 0.28169127484134 0.89250171104057 0.80840077530101 0.11063591126699 0.52380422347561 0.37180401519948 0.96196350245788 0.94503719334853 0.11472879275438 0.95065133114820 0.05116307531339 0.02923081002151 0.04978107509327 0.71433652698566 0.76306075133854 0.19861169742331 0.63833820461383
0.96950406039042 0.44783985357875 0.94466264666753 0.14951752855010 0.44574143559180 0.50008428872150 0.72844741067351 0.98013530678285 0.10263720950328 0.98953097884729 0.61271004559603 0.38008588403348 0.12732037124127 0.20975807711286 0.09068890431352 0.69382291310896 0.10260936368837 0.30658648558440 0.10469844504408 0.40248476858747 0.88889229079883 0.48920395869387 0.04524755016001 0.65981229790066 0.98584660772892 0.77098573207878 0.45673845100780 0.99674866328208 0.13548319084247 0.68559271684986 0.18726387917758 0.80440958081432 0.01055591325943 0.08417371467402 0.65604101658064 0.81894286230842 0.49543117310967 0.62331643384867 0.92964713408487 0.74778613219349 0.50745827199140 0.99492826026132 0.85598944613668 0.34686000325991 0.14881719948157 0.86679108152987 0.56148329161679 0.75477836264784 0.63284341531087 0.61587925365826 0.27262198691157 0.16433163577592 0.52273024742239 0.65814475163640 0.87638904381429 0.83958009840530 0.20267493334487 0.55471469757087 0.17225095238492 0.85840831273139 0.89973505552244 0.54642009601351 0.01132551003342 0.68442097575744 0.67297193371695 0.88359980872666 0.78530602703368 0.43934549114764 0.18021900698210 0.42409668297965 0.76577987387807 0.17596312562444 0.33641391296125 0.31085318071444 0.49432701116645 0.89194623894882 0.82077910362971 0.44034614436103 0.80538621309094 0.12594149325905 0.41899073104232 0.91122736305901 0.08723495077136 0.89358778341448 0.56838518497341 0.80161950010063 0.19436457823429 0.25685580531262 0.40263367059853 0.99678864356398 0.27826406109433 0.45375351336781 0.27798709245827 0.82364044896958 0.98768319966985 0.52887643813551 0.48124524879648 0.40776512044835 0.93246555160339 0.04445030282943 0.49821302422016 0.89737799095820 0.08520259898118 0.19305944890840 0.93596720705812 0.14854323406569 0.87238964019913 0.53968524431581 0.65872343410213 0.16376018361321 0.81289415232445 0.34046212755202 0.31555372874044 0.32524523720524 0.04176271307664 0.52901213137698 0.89263295135165 0.59615837634847 0.76208305968258 0.76212864297522 0.89217080461321 0.80222194945784 0.09932966375651 0.43688999807557 0.32860464816203 0.92934448761608 0.35449635861506 0.95811711780642 0.82653939771692 0.63981156488745 0.58353600056238 0.02194008964371 0.66890072586254 0.98958671223773 0.49987179320463 0.75633923158610 0.73922942275111 0.66345585113907 0.51774868510847 0.23616889220563 0.10634801907798 0.64524526479014 0.42347087266669 0.61305537756290 0.17622992384991 0.12234058488744 0.26488818255416 0.59065660821354 0.60163565408951 0.36978606584508 0.85807873871904 0.61687847952217 0.42539800083067 0.30224607221132 0.76503683121296 0.91808933734739 0.33628613243819 0.65862159633555 0.72365507477016 0.11115184828883 0.66644965651082 0.79643135835947 0.37507128191546 0.59963422163667 0.40874866059381 0.44787348416892 0.07251553393939 0.43291653872731 0.61991157444841 0.59992851581260 0.38989461211367 0.93308229992682 0.00233524120326 0.95039445917687 0.44613915006493 0.20690987913368 0.73750789084771 0.99332635210058 0.43924401838948 0.79431275389280 0.99181304210826 0.88025490394030 0.76180750736641 0.39253285926056 0.85501557274128 0.77014019197158 0.62214881706933 0.30401995339542 0.31457496165245 0.37825633729525 0.36994999811071 0.93567820198826 0.74813754898692 0.32066901316142 0.48680552488419 0.81902541035217 0.86886942682753 0.83308367761749 0.87989097450870 0.62909314138225
0.06886236019422 0.51743600477583 0.02438134721729 0.37626284870081 0.64827498829367 0.37650735918864 0.85689902687240 0.89443103236173 0.13314822472347 0.10408496183136 0.33768269778783 0.51404449989356 0.27289231222441 0.03793657186097 0.17428036773687 0.13894777161227 0.09340592210047 0.81300301924155 0.84608660345299 0.47225229228378 0.24061802595804 0.99010043930598 0.75063375664397 0.25292333850173 0.92005836508709 0.31895410117065 0.31572488521428 0.39690104273029 0.17406769488200 0.75104166986904 0.31976094075339 0.32552236518374 0.74801960501193 0.67687012412423 0.20774529303230 0.92718179234419 0.44986657901978 0.21239770991038 0.74550108531336 0.17530161593430 0.62874414130119 0.43215343603019 0.97083011357130 0.21328585847389 0.16336943946368 0.18167181905455 0.84205999240057 0.02607046635593 0.85689291951458 0.22901015002579 0.04300218010475 0.48177995579869 0.27017642460577 0.20354574654178 0.76957780621100 0.47631093808809 0.74445522811843 0.76055526509904 0.07232040012721 0.29050238283120 0.70466683287028 0.22027062243498 0.77025061091908 0.79024077374338 0.63696750012480 0.52623644398049 0.34564248327964 0.40771984538257 0.96493985165597 0.47575752193605 0.26041403547360 0.73945241564088 0.67697934437311 0.47019288449746 0.91194343838445 0.13897820349745 0.41842701346108 0.40441183612258 0.94567924934676 0.46549050857307 0.63254387217639 0.08228452865520 0.96664905438082 0.83724523482114 0.13210427206028 0.65913793157062 0.36087218125428 0.97100641821622 0.29130963713089 0.24112492705081 0.68160499302898 0.32665535495669 0.95215298924631 0.71756253414708 0.23069779729819 0.31701677429347 0.48113350546825 0.59675801734018 0.54458897309002 0.19650067004292 0.12251809447515 0.33768385827826 0.78792299171286 0.35144202652453 0.28273469376065 0.01011813184166 0.69718889656937 0.35125767362850 0.66853387980654 0.40739705891990 0.29466639978542 0.79443937046776 0.23555874618985 0.98670962680798 0.34197985089655 0.52270235416140 0.02468626147268 0.40834466194597 0.38292953453714 0.26999139682954 0.90251380336201 0.49278128003540 0.33996640516566 0.57518937129315 0.19522447082572 0.05810694782801 0.21600624858740 0.26511206258037 0.78581813582880 0.53757279802353 0.16358478876423 0.09964878011856 0.39183137729275 0.56608510421971 0.21768065560513 0.13011907199047 0.44975013308718 0.16899132358215 0.20446434759090 0.15331123372301 0.78867044946483 0.84626375147782 0.24614728854138 0.28516877856250 0.34901255925037 0.64268873172285 0.05579229732462 0.46192114868275 0.12405156395884 0.88563098221429 0.86544660859160 0.10344032858460 0.06445802468792 0.64118525115033 0.53306933597697 0.17248932110844 0.20454371764160 0.03583636503534 0.44892559917195 0.08997281672944 0.11582818579137 0.20053488924840 0.82925557978876 0.89430212046459 0.84624884961839 0.82728883703658 0.27974038633027 0.76810620514027 0.98675096687337 0.82150085205409 0.97140108861364 0.01242003498430 0.22131303677829 0.56107327587595 0.30997901783519 0.95596895253310 0.15277408234371 0.57466197721923 0.59417119099724 0.80935780114404 0.70941569875511 0.42050790799213 0.43669809622920 0.84549951329170 0.04998287559378 0.49630764168825 0.92893931746069 0.21949465266454 0.11160465010417 0.76897034358303 0.42789201410107 0.18151783814027 0.91515965132618 0.69195179817608 0.22787006012112 0.50208715770938 0.49120274366644 0.34886089024536 0.58962886903504 0.15425010078865
0.83403582103500 0.09714995360084 0.05686321656191 0.54065477224836 0.57626389533071 0.87577475101029 0.59932735775877 0.22705096702931 0.64991897295693 0.10205445842265 0.01980937370007 0.78341080331344 0.62116102453410 0.17445962646377 0.11694219141049 0.25979379708521 0.15361037926214 0.34007892532385 0.10637831101861 0.87061090598384 0.69437910710797 0.76846138571161 0.16928255421929 0.12994133582368 0.54132965921636 0.54526498329618 0.53338454977757 0.49925572642984 0.25703169825641 0.52701071027038 0.85846583040792 0.41755545478195 0.40050693352595 0.63291956387077 0.41645467559384 0.18824317757473 0.59924977231734 0.59526541603762 0.51009218926477 0.37215995077453 0.24679673098809 0.63945760226821 0.40211859886238 0.80932744474336 0.52982591901903 0.59349686516871 0.41103114361857 0.84780857673762 0.39500948177673 0.13074436695346 0.23727828890648 0.13646922682408 0.37959971164978 0.15181493370511 0.81363888882453 0.20190712653150 0.14236878733908 0.70884090698894 0.63568749723146 0.97347952899887 0.21265650794723 0.15011658768032 0.25611738473200 0.73509075099151 0.47832679814110 0.15060460498466 0.99371779888782 0.83038134054998 0.56607289574013 0.98516197175686 0.06845360972408 0.69357897413665 0.65471917619436 0.80399970232713 0.48926886108742 0.89141776330017 0.86787131171694 0.24770937873732 0.16825352840450 0.86163155191922 0.91667892312523 0.63911563013479 0.97578914090444 0.21609052371402 0.71153355464708 0.85125903776489 0.43375977438479 0.93596734186251 0.20975693287488 0.97012644153468 0.66740244178483 0.83752822337020 0.72526726603703 0.36193503596618 0.69085063039229 0.33839801313828 0.15697657159833 0.92555581264060 0.17265302697872 0.30096148776364 0.38577794319488 0.80601735522927 0.75156053478978 0.47922939645802 0.66345408322730 0.46500077245214 0.98024930370876 0.70785319104596 0.80804593195271 0.66369096916024 0.45952502794190 0.37199405104828 0.65571901299855 0.06604420256538 0.58990626995375 0.86697438331929 0.59196842582464 0.83271522856740 0.79685101377776 0.07450315198965 0.29253676205383 0.51785459530287 0.46698175480326 0.75890297525618 0.60210432886011 0.39187456440260 0.83064039796573 0.08379636477828 0.48328912137831 0.48662251055669 0.92772715233063 0.60714689431192 0.57898514139884 0.44233804596299 0.91538641184180 0.55736370693115 0.53885509543306 0.11932567349298 0.93607824422092 0.65966040903575 0.15255169113911 0.38979009784382 0.79018529417148 0.77662920838609 0.30460220079240 0.55713246414361 0.26766388250736 0.47805580838043 0.87468365430971 0.54998305840382 0.52554253599269 0.25476302298841 0.90876536759438 0.91313192398275 0.77895106515952 0.43617636984533 0.16184052619336 0.55842393907647 0.22642936070885 0.51143848444492 0.35495301211789 0.18186405370450 0.81632678026956 0.10633686475694 0.07813584252199 0.58918738564521 0.52351607704631 0.69033108676496 0.38689315872986 0.39945565793691 0.72805213067205 0.62930127203296 0.41474176367873 0.96549040734116 0.11035111744964 0.55171508903496 0.40477622349443 0.95928155875953 0.32241344761865 0.47910622750679 0.29732300290282 0.95129419176236 0.15408041772056 0.03752587082020 0.56635662791025 0.52210196445014 0.21261855656274 0.19331981724468 0.37915185836987 0.77020693649703 0.21754389251720 0.39977565532094 0.72934121399548 0.69753268266827 0.72214316999819 0.14713103841225 0.91756561456867 0.86925709043741 0.21414643890636 0.27536004669894
0.62009676236630 0.87982141951520 0.66858477939289 0.95516629366011 0.83268643371958 0.42620578882540 0.63203634060073 0.98094403724730 0.89095341450945 0.30582115065356 0.56087449108133 0.53335791664850 0.86470619589423 0.71486091119016 0.20119796977145 0.23154419284566 0.96558986362860 0.42241156684788 0.91099284206714 0.83264612831435 0.86458061325680 0.17971704553017 0.44419036400602 0.70943117221035 0.18341578986312 0.25687076475028 0.44874249234011 0.72379019322481 0.59130936792934 0.83321550905073 0.13872115929612 0.84888549984488 0.23512681934481 0.33972643966835 0.74051094734262 0.07062435222649 0.20267563683513 0.19432787814566 0.10288447250969 0.52861055370915 0.06327008004386 0.23206742918169 0.49952124879147 0.76673122783995 0.25473234679449 0.48285046789360 0.86668862299062 0.38798048735932 0.31816544809526 0.55030166657570 0.92000677716922 0.16065122380846 0.61479810982184 0.36279240436374 0.74862243128110 0.38975044356740 0.18055908559443 0.90800472821021 0.64241877816940 0.44810070239495 0.50060228121976 0.46416871178828 0.18960252286058 0.35746626444061 0.51132112839329 0.48292575159073 0.17060318141677 0.75882357144000 0.65737063309198 0.79559436039431 0.77118027248125 0.94135539932286 0.74705056572541 0.97009403109516 0.50989254028524 0.00527763606014 0.03882199365048 0.33488255497703 0.70824328693020 0.48788573854685 0.19906464655900 0.84308421344358 0.97034427200210 0.39167479178041 0.22803083597864 0.87774616244798 0.89096768971107 0.25701182157035 0.33912527802040 0.30574852296995 0.02170104684217 0.21232665919595 0.32457310483077 0.37256231893997 0.92116838854884 0.71100986801604 0.65955910559000 0.92434386921537 0.20972780932874 0.70060470547331 0.30140682551371 0.77566777375542 0.10084028851798 0.07676055887118 0.08789295925847 0.48326749122049 0.47624297809158 0.75627145473523 0.43285087033425 0.93544597027121 0.68218656117788 0.56541239619607 0.28990680582106 0.12178006696793 0.33050916518179 0.96814450589339 0.63688149204911 0.29163344498417 0.77937980906282 0.78544227984717 0.67516539316619 0.13725158757781 0.04687307909532 0.21347800078593 0.34817001767680 0.41835858481111 0.69596353902673 0.85069802139807 0.82158436262578 0.99891521504795 0.21893196437807 0.97169391806263 0.77570296398099 0.33461512992419 0.73006005799042 0.57527162134204 0.13032586834622 0.46919744077264 0.27561204303003 0.67474505057592 0.92755297711799 0.86215186280937 0.48122185094552 0.41326964315531 0.20770495253603 0.89623715876223 0.69678960336351 0.90514422102921 0.94938546872945 0.21700361123534 0.99861886815458 0.07858517569411 0.39504250389866 0.26728155748610 0.22961865165769 0.22418782096188 0.92483523541318 0.43320964575579 0.94327453137788 0.06602858391354 0.99653828885319 0.17701942554951 0.72361160361393 0.94788787699858 0.24107916881964 0.22342865753879 0.97981830294596 0.69464592113687 0.36664176306042 0.50090616729938 0.91314512288373 0.88682128060719 0.76105408702133 0.93818192633441 0.20701856606295 0.09597127140195 0.71429124837052 0.23089007680979 0.65703178610453 0.13961173161876 0.84700562202176 0.82993354451824 0.12526863442736 0.48318811914724 0.44197921398968 0.17293053200807 0.55164340176683 0.71610509564295 0.48415146343472 0.22267148502202 0.58726738292652 0.80457222679706 0.15687882063452 0.21559642507133 0.89856112201945 0.39957402184602 0.93876298548558 0.62612232937472 0.74255352792469 0.63631813631899
0.74232109105690 0.80135098885552 0.43820993797230 0.92276779060013 0.06550219585148 0.95801114353866 0.82965233341863 0.85086300208842 0.97411964671484 0.51704746757587 0.83154975580385 0.85401174494611 0.22515666935310 0.23029216519641 0.88484887109486 0.11609647310838 0.08469737724543 0.10778722415616 0.80442347498292 0.85035850343116 0.85118852273249 0.66766707809816 0.67006035086180 0.98554950315923 0.32557226805208 0.07713936033294 0.95814365115352 0.47678391723834 0.81229845599420 0.94526523225479 0.94285006094725 0.98204758859830 0.08258507900675 0.52309746416353 0.48470436190475 0.79515099460478 0.14332255280782 0.98693102864832 0.55168848770373 0.44683982972102 0.11710076625452 0.18582050664293 0.86989468893308 0.71683099618422 0.74360376475412 0.36751210805261 0.96150551272968 0.78621322473954 0.26302418158008 0.67888046557019 0.61257327290765 0.75275433038019 0.75830429922853 0.78265454190177 0.88266116482047 0.94316277951147 0.86645245616112 0.90792400453931 0.03069370618194 0.62729845585590 0.14892830891881 0.40068981817461 0.68111360357926 0.47907799339499 0.56904456192775 0.46886023138356 0.02846628598071 0.20385364087737 0.71551376310584 0.11917591437481 0.24700116053650 0.79758997071258 0.01845287397245 0.89816285443439 0.29380460305250 0.08236784196062 0.05954121941092 0.97922295699748 0.54328534329874 0.90760811745419 0.97948443283700 0.36739725285796 0.03051742248706 0.22178682834195 0.98845863091200 0.09264293042519 0.00710147996060 0.79951855444995 0.84619866391253 0.14464999546429 0.20365727544320 0.40324103089929 0.58562028806859 0.30626293447810 0.65778933281656 0.01466232490319 0.07673799117537 0.79056315822282 0.92910229974103 0.70637877567352 0.04258893142924 0.48003335370712 0.05272292690750 0.04988033842272 0.48656821460278 0.01308612317151 0.04112168057788 0.91388206713170 0.12285165468796 0.10658275705270 0.76317243166111 0.87781226008731 0.27312883693651 0.96343410777371 0.08411322396745 0.14619425404095 0.05954051604919 0.83593471797593 0.92983207989492 0.49166922417371 0.26853530094889 0.02005865909368 0.91753183200402 0.06553884238925 0.12544881026090 0.54649514562667 0.94625504064190 0.09961611576645 0.22278323973804 0.05825051087507 0.62289660819479 0.64089603851440 0.54992445813022 0.30040369205677 0.64626703396029 0.45316576375748 0.73145269899363 0.25131662585881 0.79751854592272 0.39567494223544 0.27689626656978 0.16152274924349 0.96676745163814 0.41222860328786 0.85444185797072 0.53798230281827 0.03742869200035 0.93079375813488 0.30152451153625 0.99095903332696 0.44195414298738 0.89051112058460 0.58998809677051 0.87695030910911 0.56862991326248 0.29031957344150 0.55104574762234 0.22985601095374 0.74363271787227 0.44652171331865 0.02584612414377 0.69405408520202 0.25822277839518 0.43834806292144 0.67523290831947 0.88276390069193 0.31141458011301 0.06468377559590 0.15833850633873 0.52659900190139 0.30153822540841 0.75007839141223 0.21120214829730 0.22258390207173 0.05868480096957 0.47452630188171 0.19515453972076 0.73541475933999 0.36080024301713 0.52468897542661 0.45033469263089 0.64565356899474 0.54369692253886 0.26641650840164 0.07825649759635 0.50244120426271 0.80957755529801 0.67066759783202 0.68145867154967 0.43343640929950 0.45576876589960 0.18074694752656 0.91053053034205 0.38368683427133 0.45458785359158 0.24616385821388 0.96235914696502 0.91470352505717 0.37353655106683 0.69932498653843
0.37605355552091 0.49660255841255 0.15000936088814 0.59943031278307 0.61631681110697 0.17545370987518 0.34303482177804 0.01819320224749 0.35632298379748 0.60483727576334 0.78485327935367 0.98218772498195 0.19371400871044 0.23248505975560 0.27453537746532 0.23263850157864 0.17217029381957 0.24983941175552 0.22887251948719 0.61561225815220 0.93187440185845 0.15090654561006 0.72180125894647 0.44416662511373 0.79483301361138 0.61960266692357 0.02496747554569 0.99486162831498 0.40196996663367 0.86603996586534 0.85412345011454 0.39691280961089 0.13431261580101 0.49010379688673 0.42033287580559 0.57969249943355 0.22452691045466 0.66432331312900 0.45639936122796 0.56360215917474 0.91729005060295 0.59756099331884 0.00684289918102 0.79019382711166 0.92119925283211 0.86176596951045 0.54359716159368 0.88505611728862 0.83621515541463 0.04300736233954 0.66052921420733 0.91818158232278 0.62220168475897 0.36897421934214 0.89705819089245 0.97919317960105 0.43684572397883 0.35673606835682 0.37806955509953 0.70036565999249 0.71019284596107 0.08518268979552 0.23208019204903 0.95131652076828 0.08064232949931 0.36785990126101 0.07911722846023 0.15052282665647 0.14080688212025 0.15086020039844 0.78159451427937 0.10464316040946 0.26501140957069 0.20939342605247 0.23523807868647 0.97973844751900 0.24607036465399 0.24883279108567 0.22155585633049 0.40833049320833 0.87024925912370 0.90755568032828 0.27397998300996 0.17429433476687 0.83459683957457 0.40275766730202 0.06142781059982 0.08231535184436 0.89083049767571 0.11885930522488 0.84162321536326 0.96914147061571 0.28986791250859 0.74697811896485 0.84123970487814 0.56009010726000 0.99616424138005 0.84919965191030 0.15660660673319 0.61974086329982 0.96568898983777 0.13660706363632 0.77618193534008 0.58684864399418 0.47747995591182 0.75822410260912 0.05344404746843 0.43281253359747 0.09539628049937 0.25189661547134 0.51123148483451 0.82437733363368 0.18771312173034 0.35447815624506 0.56579495440856 0.25348845608522 0.97643829060579 0.41069492894832 0.90887777573579 0.03717382741688 0.00932590718148 0.31351816416735 0.54831534515490 0.51006249294803 0.02282299725311 0.23282626393771 0.80217760962047 0.48180426709316 0.88193232005851 0.93571680611316 0.25652016220498 0.98976271919168 0.82149682503908 0.12799326179774 0.42667068244203 0.09071203773630 0.26656018781684 0.07612209371425 0.88622744126567 0.30064541464907 0.96215422506908 0.67949012986329 0.79181989592365 0.98525020011856 0.92835658772137 0.34506003018017 0.01293294272827 0.01952833972503 0.90786363093540 0.86772068877617 0.59844937655246 0.83801572064246 0.12890933266914 0.66546104298097 0.39045867471187 0.64986720312658 0.26289024381527 0.30638445297688 0.26735912376042 0.31913749257028 0.55672658596145 0.80944266281820 0.23157676413012 0.95138559851900 0.97750469932009 0.63069206760544 0.43695007835741 0.40708055107632 0.75408915606987 0.97902930264051 0.35723053498907 0.39327014782516 0.51875726495577 0.35136884762597 0.63861743570739 0.24221536631073 0.02498005760712 0.54043982627174 0.26723421439231 0.64353374368881 0.98251327541924 0.00000473943812 0.21437247958743 0.38484104176985 0.10216877724307 0.42416604233803 0.01328665922517 0.88176359402662 0.02558541545222 0.87964289138635 0.40389081653377 0.84885856311999 0.72996728214840 0.33830601537879 0.14546851490210 0.94112792132838 0.57695362378415 0.48233031326562 0.64750901270232 0.99737131818380
0.99920625414690 0.41264406764704 0.46990132123084 0.56766920425782 0.26227968466389 0.29702392916372 0.18364570884073 0.44775451896824 0.33310297554360 0.65207639000838 0.13822582082133 0.48447516287402 0.51694828893013 0.91550230620989 0.27727675004234 0.21071903354001 0.28585914491754 0.73749856178382 0.44642212277064 0.77234138953789 0.41521298640099 0.44093858444971 0.89532182868731 0.10597149957832 0.47639591561349 0.83809275738827 0.95592245668455 0.69148394040471 0.80790893443151 0.46273552712765 0.79542194455919 0.26717354586979 0.70006139068424 0.52098539957844 0.36858519302681 0.14324405232574 0.19605595877572 0.06092334232506 0.72024783120364 0.49898544810950 0.70723014364883 0.95158377737029 0.27723952326527 0.23524237069689 0.24620191225298 0.44955807615490 0.57652299631476 0.26530401715274 0.06498489975749 0.77543306998622 0.46548797923651 0.69833332778692 0.06900428791154 0.13123406953264 0.40031533663128 0.91964590376378 0.57200760838629 0.67475686722301 0.79200590850064 0.63409131575053 0.31439884415462 0.04235866870397 0.29720032968350 0.84461900552204 0.48159597671135 0.01488038909487 0.54911307194110 0.00451185848950 0.05867292597441 0.98869415978857 0.87189896504357 0.18145414908907 0.00170880841532 0.36230395323438 0.69646587266749 0.52125815186922 0.83081609507332 0.87116740660790 0.25838373859015 0.89894675271728 0.81343122263593 0.69071830398073 0.45139669631006 0.35048013646322 0.65327940116639 0.53428847088768 0.61855050954839 0.11906016494469 0.66466733539463 0.59957891098424 0.56713791507390 0.61389316029590 0.93368733554618 0.61460815328247 0.63373137639295 0.67406394813780 0.09568155459498 0.39264896849188 0.50715838467578 0.28631258245103 0.02175370074168 0.39780511384999 0.05141475353062 0.51399498970879 0.18105001773139 0.87936509549587 0.29328787177872 0.15250413358942 0.37869352444718 0.88805739263680 0.86175656400046 0.44680341117348 0.64394663348373 0.35394874122339 0.08312659231846 0.57816252621111 0.86085797527585 0.62891318933503 0.76167082460915 0.92642658421994 0.88621204346086 0.63104723975344 0.66534670528821 0.13360400702368 0.48391823239792 0.19493348684017 0.34361808623869 0.91956624838766 0.45273196230958 0.81760939891409 0.04689578709370 0.67198587161423 0.27157234576123 0.20803789992258 0.06436087606045 0.43834583784846 0.96075561075726 0.69652562302581 0.88659141239450 0.88173631773328 0.25168667847442 0.65604632060339 0.80270563312092 0.05572983593727 0.64130954589983 0.70505233988321 0.00456979453241 0.22557522421481 0.95845317555273 0.05673894974661 0.92355993357237 0.79955701963653 0.49612656216230 0.61930023080050 0.00776182673556 0.02300959184504 0.02281994784274 0.56280387947519 0.84736332161586 0.39633821332919 0.43225851364755 0.19983948729733 0.08356710285887 0.96103256846346 0.21422614325548 0.49294633117317 0.66420206839098 0.48899848111333 0.22482794742738 0.45896800910789 0.99867141435346 0.84562516927703 0.84216430870946 0.68938349702352 0.32750806512339 0.98284099809930 0.75911069207540 0.60318614811162 0.38219169954065 0.61726490922965 0.63809749146917 0.99069528570565 0.09774190144012 0.84490505183597 0.54296245330429 0.15342509753852 0.65497449157821 0.07589012464194 0.47777848833221 0.38884419117123 0.07106313743794 0.84547683080597 0.80571367416351 0.16868775844249 0.53519707023489 0.41448381643810 0.75307907105949 0.07262245097416 0.96261685039598 0.80277071081909
0.64584092096162 0.68867454916715 0.21950047170466 0.41545578939617 0.56933888765265 0.58826679724937 0.93063235707011 0.00748370219228 0.00708504487620 0.62241547198210 0.31218098080405 0.93860278055241 0.70941739396751 0.84200495444149 0.36205658065602 0.56324330440981 0.44205069474091 0.73590957961670 0.83742311738610 0.58881019589261 0.00488774687257 0.16257098910754 0.81106563414555 0.35878352193978 0.18349687103738 0.48250031040781 0.05964205782688 0.71661145740838 0.68917079990586 0.41767378486215 0.48779649625382 0.52187404275258 0.27822150757917 0.54169267116431 0.81507960551448 0.48117606475346 0.06324931571745 0.83133156075825 0.89838654697224 0.43710139965766 0.01778507600039 0.67871621580700 0.66770294658271 0.49519805496834 0.79046564697960 0.32011777019359 0.25440907814534 0.53432782752539 0.05125094486382 0.77784719693050 0.20366843056287 0.41934397020698 0.33867632652693 0.86467935777156 0.77440786691168 0.34991052870223 0.10792411520361 0.19142237531753 0.19631460706129 0.22304020451456 0.99636454425329 0.02501305319082 0.22463946072846 0.70195470517853 0.92943159247458 0.33095594723081 0.14640844525684 0.19079300787008 0.39534002326068 0.86805484889802 0.80017788712695 0.23302061911597 0.80604289698057 0.93422613526733 0.96204336967573 0.39857975512061 0.39356585164694 0.64784428256947 0.52479416796828 0.99731466345261 0.96305241116204 0.86003150419087 0.99047987943037 0.25973803906219 0.41036997834043 0.84045694984242 0.11277065042220 0.92195840893543 0.25680186547025 0.09948934659564 0.76110125342184 0.91335845190065 0.42811577210177 0.72874365041528 0.61557602568267 0.66711574427279 0.21855145751366 0.59758272237506 0.07484619662349 0.12942035662690 0.94266975603746 0.57290227082613 0.85781058372524 0.45121689825719 0.68529812852664 0.63837299477435 0.55097995937501 0.44701171226932 0.62070462091687 0.74066211481861 0.25067906840375 0.34916674484806 0.13092393351678 0.28617574144446 0.56437966895154 0.15232267454329 0.68809969657090 0.35459044134057 0.41461678994236 0.56328474813908 0.61223798116304 0.64712589987837 0.89662112627825 0.53313021618480 0.64235846596943 0.87210798040965 0.84445987146032 0.20523545814882 0.87117947210408 0.90968078534487 0.68850584135032 0.28592794566298 0.12176064264867 0.55952171207179 0.43414306973707 0.63650685327090 0.88394993100207 0.77119532136646 0.85509066818737 0.51539139329308 0.97840868688161 0.06013284945317 0.44576070524677 0.03136255299976 0.37244606919708 0.78983770033283 0.73070930141060 0.05933996623801 0.65141454550672 0.27480657726352 0.50757845865093 0.59412227202386 0.32439487827988 0.06572140273294 0.06350266376561 0.52997447100604 0.46507873044941 0.96637108889485 0.90905967189255 0.67880821846349 0.49687934465332 0.12637579027438 0.73911518354025 0.70882278784211 0.21886152028200 0.78754661889382 0.35684946142451 0.77297281937246 0.71987459824786 0.49148290092151 0.36022663229252 0.46240756094618 0.91348671967489 0.34311685662525 0.17745502798853 0.19276143543599 0.62907759477146 0.64005678618457 0.27680915321396 0.80329895115872 0.68146609336218 0.38234766021770 0.30284445050610 0.87676030303865 0.66401373118115 0.63459341543658 0.54199080556131 0.95669557919829 0.94902293891083 0.10888296948175 0.39209057740919 0.21643435727411 0.66836277483737 0.52430049793957 0.64975718677503 0.56953782423982 0.24591421001413 0.32210099639448 0.36532566161144 0.07570807220545
0.36597221957399 0.47229118459128 0.55076420643893 0.38157493773647 0.19306028988634 0.57801506614974 0.34384223009076 0.13901564313938 0.65912778218218 0.61531025868861 0.84045425198985 0.72126028387530 0.69458573956824 0.04498386266451 0.62532642244968 0.48711082207193 0.77474171498988 0.66208932778743 0.64840867125369 0.92182307166164 0.68399031570132 0.90272793254337 0.24876622004028 0.32358157738276 0.54193280677625 0.11918189839306 0.96931019634201 0.60206170607398 0.83574370581454 0.23218359007006 0.51713478370741 0.26814875098797 0.43838870459922 0.30161825682830 0.58284241443974 0.22354915388757 0.94806058777193 0.42978903401279 0.24042834588502 0.46826240883205 0.72024781412977 0.31546616904046 0.61543738661942 0.72283582452225 0.82829479257851 0.41315115483206 0.21923150349377 0.12299011714944 0.97208714545525 0.32162531199288 0.03182552556355 0.55618208960652 0.34679565502832 0.46755606356259 0.68591755395019 0.10276135627957 0.77056589104036 0.48621406024242 0.07314108875203 0.83656726761041 0.46449182119751 0.38083013889859 0.36527645568478 0.64910636471357 0.39595666354687 0.96021175763568 0.93674145571773 0.31960518868054 0.83586341565521 0.57124830032381 0.75102559375796 0.23039432429763 0.69905088188863 0.21880332998840 0.52691684687608 0.92171653145053 0.01525965950460 0.41225019058247 0.72629328456559 0.72794128751708 0.82088391900302 0.56601835851454 0.32448834603709 0.80313957732854 0.54820647967317 0.95453222853566 0.44465888242468 0.69976145384111 0.85053962742905 0.71330354945025 0.01774008035468 0.29675126324165 0.15548995139629 0.22043149208681 0.24820279667149 0.80621758995804 0.30332962198368 0.27193696425726 0.20716406397000 0.22772085769089 0.69160908715941 0.25464058174644 0.26804079829570 0.63101021236562 0.59761626571647 0.06016429683263 0.47673956263547 0.07233411301533 0.98376989377296 0.61697733935199 0.49466839055197 0.59759420524601 0.78949748734890 0.20921931100815 0.24070968415731 0.12160402570730 0.42928421497769 0.52275530521503 0.91352262811852 0.82454508531048 0.61045825347112 0.97136579216281 0.49906524538070 0.26473575132861 0.33620765404467 0.87762978933341 0.29137555561786 0.10773749758404 0.37662399833800 0.57635673150796 0.46421499153004 0.69040436893385 0.86893746856577 0.46125603876308 0.47600206636555 0.49497566315386 0.02498111888586 0.54566217702467 0.69753574531089 0.31484400510355 0.46068992436056 0.57715125967895 0.51889621415873 0.39949264432555 0.33276459712210 0.50723917602200 0.72485333781343 0.65483623898671 0.46427602896569 0.54861074802439 0.76949430436970 0.79092116197408 0.10827010547308 0.01413979413947 0.87165307970081 0.40463031870766 0.28937735130826 0.47229470383553 0.19603286440113 0.48100973281469 0.04569696724210 0.35636502000553 0.44419091507292 0.91797162616340 0.20262779721001 0.57323515791394 0.00345259494928 0.40282299280149 0.04453981001075 0.55762278292457 0.61498230758631 0.89874264372175 0.89274098022587 0.18313327718273 0.26616485000579 0.29690375170456 0.98570834296267 0.28501258932742 0.44861959016876 0.54872549276964 0.83883261794071 0.41157979346745 0.78001493749054 0.69546102651731 0.81954157408933 0.65081144007001 0.28983455901497 0.81156406853430 0.07783459033168 0.78134686362527 0.20217282865371 0.66720330184462 0.85275294116688 0.59050460280068 0.36683505675751 0.38806253920140 0.77059093039425 0.87781875377470 0.16216989151399 0.37141630238877
0.03906758572024 0.13266996253846 0.15298724359548 0.36142698196178 0.72964171227418 0.64408903438685 0.96196717046745 0.07636644165787 0.53684842853181 0.79997612167536 0.95513224057434 0.91436206576384 0.79187238233923 0.70018589106425 0.93649495529653 0.46901362441863 0.19497075008253 0.66361160188777 0.98892430664895 0.07476318122012 0.17959656826972 0.08414644025597 0.32080070903899 0.48157251221507 0.29575924608621 0.54873050450358 0.77216852684447 0.02981839817472 0.27816256987438 0.88857240197307 0.76839942746737 0.58162867015288 0.22980773241710 0.62053857647446 0.84608098892821 0.83651564082240 0.34889278327109 0.82719699476744 0.65285041165958 0.43875844915019 0.69261959544627 0.70187033062905 0.31243904423449 0.72750027943772 0.81079019041029 0.48664115796643 0.15089808626342 0.00536117061037 0.06568947545787 0.36460475960776 0.56610572089892 0.69828591046116 0.86402837139282 0.12175283382988 0.15932549162440 0.90187872609775 0.54764298728571 0.48281442221461 0.61387827022792 0.16354469085332 0.20475280303864 0.25893969650655 0.58334035159506 0.13340229777585 0.58370460139311 0.88273246739246 0.52283600107739 0.15245534703813 0.94373816406229 0.06224776769883 0.22660179233480 0.67863580073893 0.14338230313260 0.77866294148014 0.13806513849019 0.18554488680966 0.23532791969947 0.56260856259909 0.36083100013713 0.03586356537007 0.42914845555446 0.84990278504988 0.78492525175300 0.31902930079562 0.77123567042308 0.92841935588110 0.24097827271001 0.75289460297835 0.95065929299931 0.74387493003799 0.09051979750500 0.22827015488532 0.45073383454226 0.11439703447369 0.07480720455361 0.89877844854570 0.18134308042826 0.38621504460714 0.67966806074182 0.70933748849538 0.01834148909759 0.76184943417405 0.41085696177215 0.87044874553014 0.95713236392280 0.16627268620977 0.82689077293668 0.74087040432053 0.35230248240897 0.27131491407675 0.71399993858728 0.67003888562539 0.31829084953434 0.54563789119364 0.14653735308826 0.88267814945059 0.73654459628717 0.26220004466716 0.26854193199526 0.49359523477956 0.88647438592779 0.48651102538104 0.14381096012378 0.05428629026591 0.40592763415223 0.69544149353743 0.16084236970267 0.84740837176454 0.74302431587276 0.41701767876066 0.28343789453843 0.93724793501178 0.96653743207380 0.83154193366498 0.20894343939320 0.06532065158155 0.94504384902408 0.62279678990883 0.70678246566701 0.49455991298382 0.72271064512247 0.17311565103023 0.76425677511318 0.99452647043753 0.38194146660674 0.08579829541440 0.08065015639225 0.00448694696781 0.34744388198859 0.62176518763396 0.55926879469633 0.85004864420792 0.71914606974261 0.05885728962802 0.39386245501805 0.72457390406125 0.35180016791169 0.53276882775858 0.38822398177221 0.15829102355635 0.15140192771130 0.38085847040352 0.86298758320171 0.42465364083203 0.72426851267299 0.13509168062281 0.03864790135717 0.70458665029926 0.93328316246965 0.24528681689597 0.74618927715562 0.29276013867576 0.95045797582562 0.24597222804675 0.92656592627440 0.44092225241115 0.14266836108745 0.54696856550567 0.60595548373177 0.42088300572491 0.04266058016639 0.41959955779843 0.47408689929291 0.63765035762089 0.95137849827749 0.68603341051127 0.79972586306279 0.81025454406073 0.01982242928917 0.31196465315712 0.79140013764956 0.02548063615032 0.93099067111006 0.97085190908706 0.56977010042842 0.02911245972737 0.80660353075179 0.04854111317628 0.38196202738409 0.17232291454548
0.79795267498287 0.04269990742431 0.35471204695403 0.50904812884391 0.15232246670927 0.41117866784768 0.20381192251781 0.17390651956152 0.25429047254572 0.42062325842138 0.32194091644360 0.53762929684714 0.91921722208713 0.51515104920493 0.65212532224580 0.66647014217894 0.02884560055773 0.57439088300263 0.72247920775234 0.60945505290669 0.87085073484421 0.40346067690481 0.91079933060173 0.16706798994487 0.45084988103635 0.82187789016934 0.85276536255760 0.47225571182421 0.31111581861125 0.94959199925730 0.38654926067999 0.44284686880683 0.08608343736667 0.86229200792483 0.37869003774595 0.68009409308029 0.34364572005146 0.38966396462774 0.06259130856309 0.94090205675024 0.82149289414068 0.51041234353371 0.69292023177276 0.03934184676005 0.77792302715178 0.86684476650633 0.64307589344917 0.53009064357491 0.82023931832137 0.40875670504806 0.99926790923051 0.24383797243116 0.46896027714955 0.35108516285363 0.78792893891198 0.34430375909912 0.82992858577677 0.78276251080950 0.68823347821563 0.54822580146162 0.94398512093768 0.95534724765386 0.95930610218073 0.67712468083029 0.47191766095200 0.02134201062806 0.27450913088340 0.34412131891012 0.67136047741262 0.91823253827175 0.37010032534077 0.66704561430567 0.23231825630905 0.97822238180895 0.01483559602673 0.67249274723516 0.10888480045709 0.71059773035775 0.43652127111712 0.29809944048244 0.49736268045421 0.59754628373923 0.90972281452150 0.03614932225665 0.97733363696841 0.60638214989221 0.88994804447606 0.83201365768433 0.20511085358938 0.01127945679346 0.01351261779167 0.41265893734446 0.86971878099120 0.46705187276659 0.00469709088876 0.34672548900340 0.93503218743531 0.75996006746695 0.39594509695934 0.58317888078147 0.83566138764997 0.83331586273339 0.72762180656781 0.98750218662622 0.21248838111815 0.95105025732158 0.66714431996711 0.06337562526295 0.95140659307496 0.59250865246113 0.05725063454580 0.59082479072733 0.74624186963750 0.82003407424750 0.19442637299781 0.04810300798423 0.74706593558332 0.04491066332377 0.66095131712285 0.60122058543364 0.47868463040882 0.32720220958674 0.92185115114497 0.91089722256169 0.50373027030536 0.31371064775858 0.08350267036558 0.63291282814165 0.91377818831080 0.10130982668638 0.65363973970678 0.59502611787536 0.47533847876795 0.36907729228162 0.17008123349999 0.30390509637906 0.91916502206296 0.23042866124181 0.66437308998620 0.30114774595505 0.53340093072518 0.38365896089924 0.64095284983789 0.35464811356176 0.26867766223787 0.41100409499240 0.74439523845852 0.78137593605036 0.89002290090818 0.62226220440348 0.39945101565259 0.52451706453245 0.04054528052917 0.03444412190726 0.20989370763315 0.35093471975260 0.03916290533416 0.17073046629085 0.34938444851258 0.46710837574121 0.49134893139442 0.62687496527198 0.24867913400992 0.62634291482711 0.50528660814547 0.23212451498271 0.72208468043627 0.69914507006186 0.02554645727675 0.80097901801150 0.15197925136261 0.62174316745826 0.57355751766372 0.43650076168593 0.23862181508793 0.03094744291768 0.62420719141868 0.93836359023392 0.45328049336449 0.48932804212849 0.65619493712012 0.21736429994913 0.02093307513372 0.87401503956058 0.42475440560680 0.88225802966371 0.93397871570023 0.12868257094275 0.16374246237656 0.17547837589601 0.27953243786961 0.03559395956483 0.44096278040209 0.23794035139466 0.74642273252781 0.06552991162397 0.37635735424419 0.07326959420360 0.85082793737907 0.82282216513905
0.65428699856545 0.49146264558529 0.97403694363294 0.20487017748415 0.42425377952651 0.75350908290017 0.31395207403434 0.21099685848502 0.71953488650330 0.13300618360505 0.82381629405785 0.33472814679491 0.27112565603380 0.67926511006037 0.81543837644397 0.00948700939519 0.16287774619449 0.77527541411262 0.68015021163338 0.22758516552436 0.54736476436784 0.19419340169180 0.13165722427673 0.21546534404196 0.50510592380258 0.15191169627357 0.72820363729988 0.58938031420653 0.68979525995863 0.14008701366742 0.80553090942060 0.87059890852956 0.31816760610570 0.56518528402903 0.25658587344255 0.12430178697535 0.67339752774828 0.97231441811239 0.98285799198119 0.97243541516095 0.18971893326239 0.74746185207549 0.62414495238692 0.57758703491432 0.03489899805263 0.17894168820313 0.11776853303119 0.23336641687664 0.11181263877231 0.03992068583010 0.50082738033362 0.25051394746758 0.39834155280071 0.08325619223738 0.18171352615901 0.95035144616370 0.31391341343819 0.12068127720269 0.46117572438284 0.24432798397093 0.37061548106031 0.10672741172228 0.19131572220949 0.86998404906726 0.95761729779625 0.83302333153850 0.02935657711984 0.48325993393427 0.49770765239176 0.09326008490817 0.76515514755649 0.70044000175563 0.00224200725512 0.17034211095850 0.29165356444729 0.17194365219266 0.85192154883893 0.44755933388112 0.84827689257167 0.35372399949578 0.07150783796628 0.03986810842653 0.07400963626034 0.74832542198469 0.81226777100196 0.81770183003224 0.30957065844870 0.46427003422385 0.90100378619652 0.54862613695513 0.98559931926745 0.20205448120424 0.32841423775048 0.92568234995060 0.79648420001424 0.59393296748624 0.28711162924628 0.90351881257756 0.40205930008254 0.50840774831348 0.32829204184251 0.00664185358742 0.74252180579784 0.79041492342273 0.98515886496041 0.33566259451699 0.67229341130599 0.68959186983049 0.33237778218695 0.43350911477075 0.28704377134192 0.00511220302233 0.60792938994084 0.01392212331160 0.89838279304672 0.42058086887433 0.17246534632678 0.63547490557438 0.90518761330137 0.37971977736144 0.50469204460667 0.19644373529458 0.11646500597962 0.55235339471219 0.70323839796105 0.65982099551313 0.95654105201096 0.09800745906748 0.97319878480534 0.80954403792394 0.43075751856475 0.02242241657142 0.36769744798609 0.92854423138286 0.03284925761243 0.98862475754785 0.34935542414039 0.26137882213673 0.77636809743544 0.36021706741506 0.95030699573548 0.00723753750186 0.47785820128377 0.82579882640039 0.38409204391372 0.83785180027535 0.36818717515398 0.01592102659076 0.09031819216665 0.25152125041932 0.94044450754137 0.66500031004131 0.77699572412102 0.58034418896421 0.30128370464313 0.64091030691345 0.41891150703707 0.78662012760679 0.85552719026421 0.93040718080142 0.65815365009069 0.45873271451159 0.72469589148985 0.56506129960265 0.85578144315631 0.77979689055084 0.12366582097895 0.15678159271614 0.82556973974978 0.35430849126703 0.69141833324307 0.00221854620199 0.16687326128117 0.79081420259442 0.38655618842839 0.98509443389193 0.06343990661171 0.14314297293479 0.47908173385684 0.15606746297197 0.68278790257070 0.03651431280453 0.95449672993604 0.22973506213307 0.16982790318973 0.76697420215287 0.00163927905976 0.77795636547623 0.08427297687485 0.04217445515571 0.13383469362085 0.07563675474283 0.62210291416882 0.66340377571913 0.66924336019673 0.66897161494970 0.97796765919410 0.55350350686765 0.32747736784914 0.33460762060293
0.33027858639076 0.35813094059300 0.64463929484157 0.17159383711217 0.43398502479659 0.52637612658034 0.80895271078894 0.41764110002510 0.39489877281679 0.85987907816400 0.37041667715561 0.66588100734547 0.59925032347003 0.46322455339548 0.42810705647277 0.62162636120545 0.37593393591441 0.73025504840412 0.34773190932190 0.63594843183451 0.08171556296240 0.10905912189684 0.27161514544894 0.01753885332850 0.38513484195445 0.05398908315465 0.96251273906102 0.60399067717185 0.53912382041937 0.62627238112929 0.60017577146949 0.45187428332435 0.35729630648147 0.76761832143530 0.66569870276671 0.44457276304546 0.36339561783893 0.35019195131101 0.25588878073758 0.10272219028214 0.54478165855954 0.32596533413871 0.87622040057690 0.79787414902748 0.47123650249917 0.15798623855278 0.47741007189990 0.15080419468551 0.27666608893984 0.10617313066137 0.40403327105914 0.24066648831948 0.53617951413868 0.32353220033436 0.29719107709664 0.25103716696970 0.20554733728949 0.59653828488040 0.85528030282951 0.18992875968152 0.72102640766764 0.81576010487172 0.75915321170150 0.19104493678579 0.15094384454574 0.23073551656334 0.90820390906897 0.85157743872727 0.05719582037928 0.24153681452375 0.10745802207084 0.35309130694650 0.10061092988331 0.75631280128431 0.31423318984962 0.00147943127429 0.32493846018237 0.73759625256648 0.46371480338029 0.86589231017650 0.24054319440457 0.11143924639894 0.31921005401800 0.83470783425984 0.94077223921929 0.28151246170090 0.50264873856318 0.71124105291027 0.63472576897611 0.59535224294132 0.80820221955889 0.14734189274594 0.44937382673077 0.14203059426637 0.72182269160096 0.50992586172494 0.45837727266072 0.37123982381185 0.17961624101615 0.90761236395179 0.62044402017516 0.37533641913295 0.03068733570613 0.64690974479743 0.27138899342295 0.97756634205259 0.12792694294434 0.60824714046359 0.25676630587496 0.11559618139438 0.34796145939051 0.07903516836170 0.01923223277501 0.71126089917062 0.41681413367296 0.03773592423909 0.69348711258665 0.53309419637977 0.06596565211438 0.12569213263621 0.01018324838439 0.97346150332435 0.66251749845206 0.22965439276815 0.77891126608553 0.44409371217221 0.95871260920144 0.34022285048787 0.53787669671815 0.24195983456170 0.15028267572678 0.40801436943498 0.86071691525469 0.75185896522632 0.88322036805956 0.51945801102686 0.67750433404847 0.34256208688221 0.39673802071334 0.69827441127459 0.99317456368346 0.20828048162819 0.99896631101064 0.68239531009481 0.74770027106464 0.21583865670219 0.65935674241101 0.55954002162638 0.82356339350531 0.07270442756918 0.38652163466025 0.10275533088849 0.08301651636755 0.48162670302460 0.44767466280145 0.58269349298420 0.83753169363535 0.41249190469736 0.43622287303892 0.67918146491549 0.70323407850417 0.48659461077808 0.03146361078452 0.54486999344123 0.89158388585887 0.74115942677627 0.26294668236544 0.72270119305193 0.94851423027596 0.69347499921315 0.59035682646450 0.10450392312395 0.10791799774370 0.43171871148370 0.30274629666967 0.13548559551017 0.46389342585798 0.59067421739787 0.08716549769020 0.38389139962993 0.92257068340413 0.40296581553075 0.47293291039556 0.66963434266712 0.01072526802885 0.36887531465554 0.81086944178711 0.31006025445433 0.22432434800171 0.32076251602590 0.78822286642973 0.75436568540875 0.69462628378334 0.86750694973937 0.08733926729943 0.50207164497710 0.72083046614616 0.79494610978653 0.75805414949372 0.41661636058033
0.75149230093014 0.75713105113803 0.89845787175333 0.54357283517909 0.93512027892662 0.48093687668327 0.34511976906862 0.44728348103433 0.29004566282830 0.66217540956537 0.93791027429939 0.82141067872732 0.64095012069428 0.15446766868049 0.49342271521992 0.64118304920901 0.31241324978260 0.86261456179002 0.30637831477975 0.53469633738822 0.60620587925774 0.39293253514913 0.52002960755110 0.49893226824842 0.23576527180735 0.97414753665660 0.47012199042198 0.52721652684188 0.86218054291859 0.43177327380384 0.20669360045002 0.88769565254074 0.35651531693436 0.95314340910053 0.53908011662996 0.93648171183107 0.34963788373660 0.58293402513770 0.29944429528990 0.76692134286954 0.22413866747181 0.12169924102642 0.47415183650555 0.38318942353764 0.50319984086525 0.67965857868989 0.32899660239645 0.75291992663544 0.82305273641205 0.68114195550790 0.82427911352275 0.17737478016731 0.75190858775107 0.28235135283919 0.08430143970115 0.40417111495745 0.74906483929957 0.23770209191517 0.01502496491583 0.28554994319153 0.64534609557392 0.74087665606870 0.09073582084388 0.33231199333221 0.86884027274009 0.37407508098429 0.02041781982089 0.64182621563666 0.00388411639460 0.28385152338153 0.80042109142734 0.58880705904581 0.22968305590325 0.64770739458645 0.26372564959886 0.70629669959886 0.26408930375528 0.53739066725087 0.89912668919430 0.19611699635626 0.92059964413897 0.76840680783161 0.63012219366166 0.90499430303686 0.76412696043706 0.63622652493657 0.58313056865917 0.23655290443655 0.53120434276218 0.05669398727598 0.15141029358635 0.86632790712834 0.40926587514186 0.04451162145614 0.41781529954984 0.64753390743109 0.66224805334039 0.15786063216362 0.62522269993410 0.35160890181039 0.08607019431301 0.15761010359407 0.64405131483897 0.56720120058000 0.98380896187945 0.76672170444907 0.25039934124440 0.52042000585755 0.85463785394447 0.61308685155481 0.80364624647333 0.70183167693216 0.36744254838678 0.69633477280343 0.22494663499080 0.43895673962790 0.85302553213795 0.49045258362272 0.05962973887664 0.84372122376379 0.71880731309652 0.94155774902424 0.37808480624657 0.63070183661912 0.33036863269107 0.25827963625900 0.64728147495492 0.52679610354104 0.36614011428839 0.90758021472068 0.44413902261210 0.02756389853099 0.12790354106034 0.48113445509002 0.25266157028678 0.94541391827382 0.79735161812112 0.15634151805194 0.49679845858305 0.07075185314520 0.43577323515089 0.69663141298491 0.14726478772995 0.65131155709494 0.98582822765139 0.52125059879986 0.77585396920159 0.74905696111525 0.41728206734801 0.55943268897462 0.00264861568334 0.87034101923613 0.40460025037853 0.06294184412580 0.32659492254512 0.04841293165277 0.84412566258937 0.92849367236760 0.41385694328178 0.51209558569481 0.82430384748953 0.55800615859677 0.05339128152181 0.88596781687478 0.46000183719623 0.61841141308720 0.81036174862642 0.41021156136254 0.38298262914746 0.92940017879807 0.68678896185813 0.60827070197267 0.74845758175225 0.61317164105403 0.79290694657552 0.61544123258507 0.58585704097000 0.23821627903498 0.98295960307361 0.88785619287141 0.11661642961327 0.93974248663556 0.23592784213222 0.30633636383472 0.20240338253919 0.94156892220127 0.57905365544669 0.03738472551073 0.67303347664912 0.27155872335296 0.07113174873239 0.20246331948592 0.70170878413713 0.09792315301486 0.23702936353309 0.78909231332317 0.53824813374099 0.71531841881152 0.89984384908835 0.04219055180899
0.90754459770466 0.91350088635706 0.93873940502465 0.85952018410994 0.80506771441612 0.31020107606750 0.58307728081668 0.26674351812773 0.03469287324454 0.43877235707988 0.17479735432927 0.26191292843112 0.06699015815091 0.20122708787159 0.00910770266106 0.81235540513663 0.53443882596075 0.46917563322659 0.15216147962421 0.64378257057776 0.51270015096333 0.28718112339750 0.34792920939160 0.02640009646054 0.83612492810638 0.71528779121680 0.80370163009287 0.90036659190973 0.19426733115276 0.49703904039156 0.53612348254799 0.15195023929876 0.64193695395600 0.83022050574618 0.19210489311476 0.39332488539676 0.37010101313304 0.79493829627635 0.49609218689403 0.41139480640478 0.41823796234269 0.73097257753177 0.13182302845287 0.30892998128118 0.98148661740111 0.80111148489436 0.62098292364851 0.83650074661526 0.21551196329439 0.00956936015388 0.09567567022830 0.25825182612776 0.59335830783509 0.79523943746107 0.12263335316029 0.41878059759800 0.32691644219007 0.03653584419406 0.89357419474622 0.49594791240725 0.03724174428467 0.54721070252373 0.58585349671179 0.50316990943820 0.04669154303656 0.03765917610538 0.09733110440688 0.63364479725189 0.71262105213362 0.46896470101486 0.20802372988365 0.90125718591063 0.22389889034767 0.22517088094990 0.67736734270950 0.33167672288463 0.12913720401722 0.83001752825999 0.62904817498787 0.36968272056434 0.76294586476787 0.96728999812092 0.95764818275798 0.74762420950371 0.54051471949258 0.26762733160988 0.18628112564502 0.67413240031607 0.67059755584694 0.71755447557801 0.12189276787830 0.90708021512942 0.26983687143256 0.68139643102413 0.39384160987021 0.83231479704788 0.66105104688815 0.48110946031703 0.30706284364651 0.69516004043029 0.99883613109564 0.20036566124636 0.59298527316641 0.61626322024876 0.44632221890413 0.65998714079457 0.39957741315126 0.03232923375460 0.20679579439151 0.72939554865520 0.33250220541523 0.09902857173315 0.76803267908488 0.47136980637441 0.90159437518548 0.02715804987982 0.76536010734485 0.41841521303194 0.28824125697955 0.05053309718591 0.36272118447640 0.30714673764426 0.14116494913928 0.38997378810760 0.47623484049689 0.55146753979702 0.61144749358269 0.08439864263048 0.76086739706486 0.22667962129327 0.68682939514731 0.80806865887678 0.26495658238205 0.59485183315407 0.98215763837322 0.04951093581711 0.90248154988301 0.99564519611185 0.18667391614289 0.18187018320319 0.73412630139214 0.05920185586508 0.09956587291886 0.78541092296746 0.73817336070603 0.36867146939995 0.16319201677389 0.82089259128522 0.82223832062289 0.87113548484479 0.49723527701410 0.25215800968378 0.75228826995162 0.32097255291696 0.59573791829032 0.05598164334241 0.62926418936282 0.37921109671153 0.08523283868319 0.16472779113260 0.01210859008489 0.62950537182986 0.56945799527291 0.04700982935782 0.79108158537878 0.05055383072943 0.59886269994462 0.58367932971670 0.27426602623122 0.83091645458216 0.71892345444100 0.12989820782805 0.29986502076184 0.12999128790162 0.35971135785186 0.05844095624400 0.56252620876439 0.43631267661084 0.89944535709793 0.81660016891236 0.50535428395706 0.40076463120049 0.04324862235546 0.79204823885490 0.50682670761856 0.01943509289613 0.46377490665854 0.29579534624735 0.70612104711230 0.17776765275959 0.05566884239317 0.81553499021209 0.48712879321328 0.38073112419390 0.33438521903848 0.75523469739698 0.26806095545740 0.41119428176365 0.41418590529549 0.61073720598821
0.23780641771585 0.16903858938463 0.16889011624064 0.89456121464501 0.72194458909251 0.56321774344115 0.12416609296441 0.04600456621524 0.36242088363335 0.76249597034904 0.13117386355095 0.76510226536249 0.43057162230168 0.04132573997008 0.51614558037571 0.21655718904960 0.87118214272737 0.94438497081004 0.35088143591069 0.99024551189403 0.10914582379695 0.59532446810725 0.54592646633484 0.96474069055879 0.38453496476321 0.71484671438734 0.46489996489347 0.70874737629612 0.00741800737225 0.59120321958478 0.30550773618036 0.23358303306356 0.61187684459546 0.01423379595198 0.13654472217607 0.59877947855673 0.19583982192129 0.38558750708643 0.83309836769098 0.48584530899810 0.40882028537975 0.95745844931953 0.65418954046987 0.72096866562371 0.79193133140333 0.99319238933580 0.06807398960413 0.85307088636164 0.40643623713026 0.55817577020854 0.12342717450161 0.17116023249817 0.62192991443320 0.70083923951928 0.38924142426270 0.62791558024177 0.49703726404355 0.41710839800191 0.26548106295171 0.30820089446584 0.21346869958408 0.32883004181404 0.63989414253352 0.59095356370868 0.81438195934186 0.83933636136186 0.79283201539883 0.01104419731108 0.64807360002313 0.48757264841011 0.87643425393893 0.31626891608122 0.77247811770441 0.82546032368018 0.72331096516535 0.27110082177693 0.65372993156041 0.89474329090900 0.26305265377570 0.29802377150864 0.32524583246172 0.95651954622125 0.53226516309255 0.78644898238320 0.47018233608439 0.59144944969722 0.95749017048271 0.00796804438901 0.80873649803300 0.68004842267325 0.99050172988800 0.17375061990087 0.61109122508833 0.59539100501914 0.85309701263096 0.70278095102487 0.87821349232039 0.00493879447567 0.95145665475227 0.78315358795209 0.23288433053873 0.94196582432691 0.86226486839015 0.77536796069983 0.32220738906246 0.28254056705727 0.79758656042934 0.68866577980958 0.09195665752752 0.95622022817886 0.42030359002394 0.96086852328014 0.60626777257374 0.21602391888778 0.30577883927752 0.63443546962226 0.99001234619524 0.09543771723474 0.37200379071763 0.79191108215786 0.77771046820541 0.14178567963268 0.84331681739514 0.13645562919753 0.02151484375277 0.17506227233981 0.01424068932667 0.36357841668677 0.39830544069884 0.52131377856218 0.73501886888728 0.33793580971063 0.84703210047899 0.99536265275680 0.33340557331104 0.59080007391475 0.83339252992978 0.40494287203482 0.32569111939594 0.03841636886608 0.72855303425311 0.24196277907013 0.20466621836124 0.43013862055879 0.00632349546424 0.70714513810648 0.70174382149694 0.62494355035855 0.49737544077747 0.78143075444468 0.86525084591767 0.92095882553147 0.05365408347734 0.37996823587691 0.88000039718238 0.02754096352825 0.91423679891037 0.89533465391751 0.96001983057684 0.79187598627331 0.39937378129000 0.87099520725115 0.10134006105400 0.61142177015523 0.43345047313006 0.01138743446963 0.30464605451330 0.65903757141775 0.95766674406075 0.74582105715028 0.34337333582521 0.17906243469531 0.96168988840279 0.33363926946644 0.20965893045376 0.12078821322814 0.39367196057803 0.89315985441066 0.23666195259094 0.72914771942931 0.51412512531657 0.10344222824227 0.00085659936570 0.36259136536427 0.54096308720074 0.50386071213897 0.51073101250272 0.84296546718823 0.64334048314161 0.08791533309818 0.04926611581882 0.69095891011602 0.47281510037175 0.15823816020692 0.23231516964448 0.05639137476849 0.98676185718488 0.64299348184585 0.10612966434230 0.75413751138605
0.04722299364274 0.91793414042244 0.31020390320062 0.92336784601790 0.03479875132493 0.00874685835380 0.37637466716976 0.81962616751239 0.88763935591587 0.69309541426417 0.56123660277006 0.03081193397230 0.89682813794343 0.77858185248542 0.52740543674227 0.09018526707590 0.74568844618738 0.68171701135552 0.68870202063388 0.73607407949953 0.07121172685419 0.40183251286851 0.31547430681469 0.62633481210578 0.09113841584838 0.82336381952747 0.30897551989549 0.62094685530000 0.05200893932547 0.43749789189154 0.65175843646612 0.59796699432400 0.58730027226831 0.24500183167219 0.33243737378072 0.29224414890106 0.67274374963290 0.46144481664299 0.77838950635716 0.58848749615757 0.51668503491900 0.73864603816487 0.24478865410545 0.64098890198768 0.93068130507349 0.55298283905946 0.55006229245377 0.52477647428921 0.60095218692610 0.43694757537325 0.34838813851841 0.71804745343198 0.87310496773749 0.30048906161096 0.56844244711694 0.09553656325685 0.53503138139436 0.02703133134986 0.30212862457034 0.18625503874581 0.04195442827476 0.80144357458874 0.46419664921291 0.13798659811788 0.84023418465322 0.75618181818617 0.22505512136269 0.97120519006505 0.27402985337391 0.06959314473764 0.99941539646547 0.42332094627953 0.98179412815916 0.08225226683169 0.02121626836873 0.48208209398953 0.17399955744885 0.96967149957879 0.08570549845305 0.66114792434394 0.46991854281677 0.43821327980503 0.83133509178942 0.46281530809576 0.51078260581571 0.40424796116379 0.40983286113281 0.40336201370982 0.59560515461763 0.03962540531515 0.23739814820918 0.53142114381578 0.69029604542728 0.95220222031448 0.72378488663152 0.06627881882648 0.30341039408033 0.73447497475075 0.75305018368359 0.22899006977544 0.82652356726773 0.91981406951353 0.90230580553633 0.41437006129049 0.75207750444436 0.42311152774591 0.87865849631651 0.63916964572123 0.23666649829843 0.53524472243979 0.40469956787909 0.47008526067839 0.78170270112481 0.86619841010591 0.96536635375949 0.48316272208514 0.48916712867506 0.34583736462652 0.09783215825013 0.68474777543691 0.04914493451892 0.90586761581208 0.65702687675073 0.96562034220550 0.91181726084193 0.97651372317188 0.00314193621712 0.42247596695726 0.20856460099796 0.04729536037319 0.09445050280193 0.28022833884939 0.07471560700228 0.50270221936421 0.36043936282629 0.75456109817395 0.10747918450367 0.94803841951536 0.52555448854515 0.88690843925216 0.10160232939943 0.14877942649222 0.48041435216944 0.50172043319178 0.46786082365197 0.99960516171913 0.18829966296784 0.70104010208661 0.22732097179647 0.28615557019336 0.27162646400997 0.21554078038303 0.55176633815656 0.07513948558814 0.68808752981201 0.79575941818225 0.46047686598308 0.00033735909932 0.58424652490420 0.73581321824678 0.69218268050195 0.65382355617773 0.48498151278337 0.31605821397841 0.83140046552759 0.03763394285342 0.11475287389145 0.45625777213608 0.31907150261137 0.07129388670309 0.64236066337184 0.07193521827992 0.42428534644753 0.42475886172551 0.16156031471234 0.64353454997580 0.32271976388354 0.37721818491021 0.76587416564883 0.10681373661083 0.12922170949800 0.74289391318702 0.59453137071907 0.47768214985032 0.65224777671559 0.47654647408313 0.72135685778686 0.84665347320068 0.07239388584409 0.05320791145140 0.81740990188703 0.47814270245837 0.20011642443442 0.20011209639761 0.67914710397360 0.44908339549140 0.28618943162740 0.09008316914883 0.62389074791262 0.91134972824150
0.48779331658710 0.33184642778379 0.48924651002207 0.21345570496990 0.04743360210926 0.49813477663608 0.95110213602782 0.36703427499207 0.90429600053722 0.86583940999193 0.56853833957520 0.21718767455185 0.33433932038799 0.81109168227684 0.18267148280533 0.04771453805852 0.20627383613561 0.89396662805584 0.49354057107226 0.84522904194858 0.51074922558236 0.96938974650044 0.76160130089782 0.62840040049641 0.64947452859427 0.18004726618535 0.93338776237342 0.86450700274620 0.90854933311283 0.66038667676217 0.88552569801857 0.01698951325919 0.02699529255232 0.79441569327648 0.89098319920245 0.10951933075070 0.56061302490045 0.12077909902371 0.61662763674719 0.31832914118367 0.40390714110605 0.40825563099201 0.07737421278656 0.31118839051893 0.85222580407397 0.26763200640180 0.26207547075286 0.42404509160315 0.15706076564283 0.02362408622878 0.61179254324893 0.93016170406214 0.71711361644806 0.62599139004295 0.81160007462781 0.65161765912823 0.03265811921607 0.41976147570796 0.51589513093657 0.71218092846804 0.28368976426208 0.25160972208567 0.46975461406553 0.01593276859931 0.65266554812683 0.65783851445027 0.06252224831027 0.38602658203605 0.45275025664157 0.13895042674751 0.51930985462160 0.22388363262823 0.12284451966151 0.44294076977833 0.62782517693780 0.13351438702428 0.54042147778585 0.72710319770267 0.56225881667983 0.71936389392596 0.34585226953507 0.93794961393344 0.79161770382657 0.36123294257308 0.94790890167785 0.33157450187345 0.72035575917072 0.69344859506648 0.87772183113057 0.69273101626671 0.92623266492066 0.99834825230498 0.85488356979413 0.59578742644262 0.37147400721962 0.63866704875963 0.21704077270020 0.65227904338032 0.63087492790275 0.36926110013425 0.69049147291002 0.27627486330715 0.48929772819128 0.98883490933330 0.22124987265409 0.98855056524279 0.72897293115308 0.09782921540832 0.99061293959312 0.90244659982717 0.88875597330191 0.28968959788680 0.29339921136663 0.38271114822167 0.09226143699425 0.83224958488372 0.93448466498123 0.34557505290345 0.33536895678722 0.19680664410444 0.60456392881836 0.42401386185172 0.00846779279258 0.58558804589678 0.46163905802463 0.17073415972128 0.49248142414554 0.43108637421536 0.63313383914423 0.17964687359769 0.86210938597091 0.43924300440643 0.50243492647900 0.97059060489674 0.98757154964681 0.86812076844005 0.36171128443790 0.69980464388736 0.31593947990662 0.72938339913021 0.91073507424211 0.01683563628333 0.92669093325859 0.77510280054554 0.80292427614060 0.03846899264233 0.89172947926648 0.34156327220146 0.48193303822301 0.69736964563419 0.18894362589029 0.73049711400149 0.49085668801191 0.11541741026340 0.44619005489148 0.56266516387455 0.50392748907387 0.51870959273289 0.82459772335064 0.94321002785882 0.26481383023250 0.92993943355608 0.92944287514499 0.69745653328491 0.77584556992923 0.16697872187590 0.80691185995989 0.67463817722776 0.79889332355933 0.24954355047923 0.38749144060029 0.61112609859773 0.14300600113993 0.21780801171397 0.59579657961194 0.24790308006190 0.78184235755148 0.79087344958808 0.07139697989115 0.17618395259381 0.26140910744373 0.15853289063494 0.10703510169497 0.54192793245202 0.56260139479400 0.50125166022147 0.01664480648591 0.03865968717437 0.00838167995857 0.60706425927407 0.65807902202660 0.26739574575474 0.10990534585862 0.04878080151327 0.29269924304510 0.85919828567638 0.21020571701244 0.94173360778822 0.91936255388230 0.24849037170884
0.76508060489584 0.54320470601180 0.05734118362543 0.43941855024293 0.69108978631208 0.27483636618935 0.53505310626614 0.23897829794236 0.78232912734873 0.84532224122465 0.19966476727654 0.69784869004733 0.65647903387356 0.58535177617091 0.70131970066964 0.47237271771567 0.29411898984391 0.32339729494327 0.64986766596295 0.34577767669503 0.69116155633352 0.35846960591758 0.68518538184186 0.35094098847732 0.20849209877661 0.86301478328246 0.36656063119593 0.09246957239314 0.82708548706114 0.18735142414848 0.51282971679969 0.82353712064342 0.78125402200193 0.02609223788075 0.15660650943944 0.85095322625365 0.40735421406432 0.97359784241611 0.36842886203683 0.74087959578716 0.01231413874209 0.37317822139847 0.79154723220120 0.48132321756748 0.26980223479043 0.40404660683574 0.43822540768211 0.16215332105059 0.17184511653513 0.76381113166334 0.32978799742281 0.13491244020371 0.84754531219101 0.27895779628128 0.04211039119662 0.09807097015480 0.31335125424893 0.96453299215582 0.53678078289524 0.99727517365058 0.18321349313719 0.46519698689959 0.48467505069453 0.27153233923548 0.18155402813607 0.01113690953232 0.77886955056308 0.62949167861445 0.88486394975038 0.01770136956673 0.51935578061215 0.46342168674544 0.63401863174030 0.25536811084945 0.58553053084611 0.78172132432241 0.39440830614130 0.58974710787268 0.75032135416717 0.74837353590124 0.90379060757108 0.79948804989291 0.61637026214933 0.76213156655943 0.23576290566726 0.74701246333903 0.41752184364938 0.28558648867537 0.58859171521919 0.61726268488388 0.70790075047704 0.43400032686684 0.33464816445697 0.25183515199687 0.10158651430195 0.31511986117281 0.04606421899996 0.72696086530239 0.16483368571085 0.69022675238562 0.24087036439955 0.23595494878527 0.22361696924135 0.63439630319518 0.11557513837170 0.42763093703328 0.07027343215746 0.91543330043670 0.93666044979544 0.70619552475618 0.21846164022962 0.80845131429093 0.35165642283491 0.73072241963421 0.54700747263866 0.03764423294791 0.72823546243594 0.59844096253361 0.35319500519852 0.52569278457144 0.80883682994204 0.70876960157663 0.40462460055283 0.06772135737674 0.92117970700172 0.20082448986292 0.31736109524511 0.91495975748056 0.04308861520624 0.06786235986731 0.29199033599437 0.77856790429548 0.41130648315852 0.76900036247397 0.96999655919494 0.97733343015321 0.65380679269250 0.84083020445286 0.43051611072236 0.76023136541805 0.31868199243217 0.05237674581797 0.77757225501084 0.54819421234353 0.35461872577692 0.79400629193651 0.97076266893378 0.36823261014974 0.89210078268107 0.55505384391121 0.21145480190883 0.99525637409074 0.90045887456767 0.39382315490932 0.96918721211236 0.22526436173425 0.31062377825572 0.53047545832051 0.10745634145578 0.19375107904240 0.57609154550887 0.40945074970851 0.68736305320173 0.21167041420063 0.33428955518117 0.55468816228836 0.65563033234994 0.54705778865871 0.06737312583352 0.00035765543311 0.56309098519502 0.24446454272759 0.97644856009732 0.07283523128284 0.01377883303691 0.49605550074368 0.90624998999610 0.11453530259754 0.75710210885121 0.30902967370041 0.19002569903536 0.57681430722859 0.98679376098086 0.48849280407864 0.30114567676568 0.79642596763423 0.76463134535701 0.68989364500310 0.54322496991344 0.61284474658453 0.85946925430995 0.39014624622758 0.53289743705301 0.41138383834186 0.13307547490637 0.84761157990435 0.53830587695675 0.52317968724621 0.17515747016111 0.86407479911767
0.44569040218415 0.82346302949919 0.23007703613295 0.77977271067369 0.34941538346008 0.26777405342900 0.39910252198340 0.25011940016547 0.84292843595947 0.69823468494649 0.71730746793786 0.31574895038393 0.54352129887403 0.43948974857824 0.62289526635878 0.32121331117786 0.13388643990306 0.40171241903753 0.38859836372457 0.94643982714523 0.94084228081086 0.76793106713606 0.83907642849301 0.45975755510555 0.27655733737284 0.63238031948111 0.56201275983976 0.78864218146024 0.02774894347208 0.46636547869742 0.28921086022877 0.91221004429680 0.47359200080582 0.73126920519702 0.36332937022287 0.92820850546820 0.38502704038662 0.72483999595616 0.43142022333123 0.13592029935758 0.81501449936660 0.16819272878995 0.91204251475873 0.39918701113088 0.14108157776417 0.71228945207715 0.97927277582702 0.00315825460003 0.71973369380886 0.83736550148267 0.00066832556718 0.15180879736206 0.26323813199269 0.72423403163771 0.14964702602821 0.13653121047133 0.76296212357840 0.42771986655111 0.57701079636342 0.41480764738901 0.46420553817067 0.91926284004787 0.96539831652998 0.08331422223671 0.07907484546862 0.38905885491597 0.50800299518723 0.09570340016228 0.96509029837641 0.33133838236532 0.13925216210781 0.45637305260630 0.03725011218632 0.98711422057014 0.51383202495760 0.42613455256668 0.18591155527989 0.00936801511619 0.82049029887401 0.12011302835667 0.80222052712979 0.21820306402135 0.06152982599252 0.56588752986159 0.32135827205692 0.92850272894498 0.27789021773001 0.43713722003820 0.17579539516464 0.62694614755489 0.69270674522962 0.59085540263040 0.13867088638191 0.96231163192893 0.86152970507321 0.93432340466013 0.19337233113759 0.99820377588792 0.79998508229882 0.44677721383060 0.77649581065615 0.82198611587629 0.89007224168370 0.95952807492728 0.55460087163924 0.64595550827584 0.70632415838461 0.36285466941767 0.59501371885479 0.20815482868088 0.25782418664188 0.89656765168034 0.34892211130904 0.40759131455810 0.85448129818929 0.41764095787744 0.63545352475809 0.42769526323210 0.87808498419617 0.74246483080879 0.77169810579163 0.77032888286423 0.36007580141799 0.24771999404347 0.13414483177838 0.20945709611837 0.24841800598271 0.31911715731574 0.40961609039276 0.47084972874847 0.71525535033446 0.22240909132448 0.98091356353480 0.13389175341615 0.66327609122145 0.98048931253856 0.11318670057321 0.93938058735371 0.93463690083302 0.97688009328220 0.28416195663687 0.28970566924627 0.71352916221556 0.50128623733519 0.60078841178885 0.74554372479720 0.89219619327966 0.98671343454798 0.48624229841395 0.65274342578551 0.69580845303496 0.20986621201554 0.92332281923766 0.35029832925700 0.39715815443663 0.67041503058158 0.24908756363218 0.98035757561966 0.16604942904811 0.17534013320454 0.02657143915433 0.56648757904653 0.55776354069032 0.02434740866958 0.08725365712247 0.28440985402392 0.39888391481117 0.26088745398240 0.68000686885399 0.32552826100832 0.83787384978095 0.86810094000621 0.42391671114535 0.06016923196108 0.26760138405370 0.25456819472804 0.30991984309004 0.75090394070704 0.14836235074448 0.00268910283330 0.12680594480267 0.10677747824480 0.97205154773700 0.04575187186468 0.25669806530318 0.47265163147506 0.29020566845936 0.44668909118702 0.57238366516750 0.34082290032540 0.96692587800852 0.34626337199731 0.63894791964764 0.40289887748051 0.12726632331136 0.31232447653267 0.48772886496556 0.95841562984335 0.73401591028146 0.57765197297401
0.19371169107575 0.62346957402095 0.81094514961090 0.58263846744414 0.09364604302009 0.05862544181819 0.49044582123468 0.94911305476784 0.71772244566880 0.95358544955862 0.73546465696249 0.15908768183708 0.97531625644058 0.08345397719539 0.56934963804780 0.84867340731752 0.16042699014070 0.18728133415857 0.97631733648829 0.01591778222408 0.07729090514439 0.57417432911009 0.14349193880324 0.03077786945554 0.77211579060346 0.88277645723495 0.27487869903041 0.55149102802911 0.77615142852259 0.24064798866758 0.10467724937011 0.71715181938774 0.19403042905282 0.66885398991724 0.35756160598944 0.45168322196130 0.73897515497930 0.85743113944913 0.41701011824091 0.23728340171076 0.10123216032054 0.81774474756724 0.59636000762641 0.21748276939766 0.63535930448012 0.23879858223467 0.50562823544237 0.21967816926411 0.38632545270458 0.37640972767894 0.31925022450966 0.37934994275986 0.03274326753713 0.87060449688764 0.14305649142393 0.74971687476135 0.04478871715161 0.61169090616836 0.96076328986994 0.43353765897582 0.67312156395916 0.75476846223490 0.62517277088925 0.89411674790841 0.50696359991465 0.78167871237158 0.18760567196037 0.69209373541809 0.53331313159768 0.87397517228887 0.38300472259287 0.41188761476800 0.44023042294040 0.40490259394911 0.73938788141049 0.43649866773933 0.18452479611044 0.81413473336318 0.09330945398832 0.20412172300738 0.69843171673185 0.75296184592867 0.65859986672794 0.95205051599563 0.97643154577559 0.02553533756593 0.75365391175630 0.94744617633425 0.35808775613048 0.09458791344731 0.23027671932137 0.68157762862577 0.13104054983195 0.70676777298824 0.22000611987925 0.22379887911316 0.23664370471977 0.91555982986019 0.00784166952180 0.18218929609877 0.20747624492652 0.89757808827830 0.57558467746364 0.49120897348146 0.16030042530350 0.96200100949088 0.71406788019236 0.42251571129758 0.24436934528493 0.58853718791974 0.05806443250668 0.20689056238563 0.24035678945658 0.66604625828380 0.44446317388590 0.88621025335159 0.02619995273853 0.93219947777777 0.63618793980931 0.06232236539079 0.04831031567245 0.07036353304413 0.57997815420248 0.95112541400143 0.49322921017258 0.60095138556565 0.06603215589531 0.23308441532454 0.66806885421599 0.01128490870043 0.91926064838506 0.55723403696510 0.07539444288914 0.57439195869588 0.31291382789409 0.15108320482860 0.56962345866130 0.53746289790131 0.19308498282821 0.57793990716194 0.44003833356726 0.74991938934209 0.79617023232534 0.00894676272846 0.28282159978449 0.27054044661593 0.77995141841679 0.55980282423390 0.44687897006717 0.29863575212322 0.30463298022957 0.45957703384015 0.70422107127779 0.22688793538414 0.56403398513084 0.98120227985290 0.23619782742655 0.94890407183483 0.46769080412396 0.45710040751596 0.74239489069829 0.07760354957135 0.32246525718252 0.76211296296077 0.09634079714540 0.96016672727228 0.41446936918677 0.87655995466876 0.24561289993787 0.42930540190819 0.12064407599403 0.15355091315086 0.68798235569186 0.82740469129081 0.03237654373286 0.11928318420308 0.13952979004894 0.23650387860245 0.82274252687773 0.78687239643162 0.71988725184478 0.69306479603990 0.84507879376117 0.88566911973913 0.65079192477652 0.92025948947994 0.10191947861258 0.10915807622393 0.24388433295848 0.20357579330746 0.06244590807723 0.23901117809325 0.52491734327217 0.98679829096564 0.63923669217824 0.05323594713865 0.85344274022862 0.86442481886341 0.04112368911349 0.81479343748253
0.59642151104072 0.40653332554030 0.13662612578691 0.29236769248508 0.49408172815796 0.84766484292428 0.95895242260493 0.12418951335524 0.48174051442635 0.95270756890373 0.02551787013082 0.23635673959370 0.06095267343223 0.73476785910043 0.76171561733694 0.32098694815862 0.64574629134593 0.66491534106105 0.41022059850938 0.30304999073040 0.86147872426982 0.97262437196519 0.85030864531688 0.19847294010029 0.41178305449392 0.67052260202726 0.16323288496899 0.32327675166434 0.85102986583025 0.04149560591074 0.15641414475636 0.93566125359051 0.34164476310127 0.44931486292400 0.88299275649663 0.45364048475393 0.75623101911743 0.77355608604627 0.37879911714803 0.28779924861343 0.29409277409693 0.62829734082289 0.27825090518217 0.00326548071630 0.52358200179099 0.19991727550872 0.47920558070020 0.21940854047544 0.03613465029192 0.49219919528932 0.03595774221530 0.65290229833561 0.25844312648133 0.86875474741828 0.83576383147179 0.62819063031390 0.08518868439442 0.27441997732806 0.99810409773067 0.75125888873417 0.04995002263560 0.41371494995873 0.70150358448748 0.23930894455788 0.19897981213038 0.86292227075539 0.37369806932284 0.91573434379981 0.52600632895753 0.43347317857251 0.94811907760889 0.07810777362040 0.56532728958998 0.51343437095755 0.05374519253153 0.42949812312180 0.63073204446218 0.09781699080880 0.84485562663597 0.46326332086875 0.16283612765704 0.89693373488098 0.53099801058473 0.39821256796447 0.11877369773242 0.07136613463753 0.53694407963485 0.77188477769801 0.65269418766928 0.97099241495760 0.29349028858066 0.13992228612965 0.19300283886692 0.55511337772665 0.96425627113106 0.40547668217546 0.67813707763013 0.58309107095961 0.95722795495007 0.36018506403404 0.02953141007266 0.61973738562753 0.68265157356376 0.82934577833668 0.36956167570590 0.82581012674785 0.40809672184230 0.76458458668757 0.39157389502961 0.82466400069765 0.09735784841279 0.99547646759294 0.75933026287936 0.20213694660881 0.46435311984288 0.92349478633020 0.80549296352859 0.79960119962377 0.39894661879782 0.30461882154170 0.75768573845585 0.94951007754505 0.61276602531875 0.36573474214627 0.84653605578700 0.98303532460674 0.20626495830464 0.99922951406527 0.29791729928568 0.99664782018047 0.70983593897811 0.93799164521742 0.01932315084536 0.22904985664334 0.59129198412868 0.26210224502387 0.74580580700771 0.13144917686858 0.42538259952078 0.23317336006141 0.25535194228848 0.85477101227081 0.21179087708484 0.97380608936248 0.12568850752166 0.69051652502875 0.78049417183892 0.69864127607918 0.49144890440902 0.20831949147874 0.26438120822639 0.05774658638878 0.11309097557104 0.50440796186431 0.48096370367497 0.73276906377485 0.44601220622679 0.03418577087051 0.05514455389001 0.87835097160150 0.13103146718828 0.90854115938141 0.49649949362186 0.48399690296636 0.47892695628884 0.68772976529940 0.38365840719836 0.22704121806686 0.17475337050365 0.49131514306949 0.02207269800828 0.37390972024652 0.48485930699265 0.81765113454210 0.72941900276832 0.32206605771384 0.42057167351567 0.57985159809832 0.84124410540823 0.79001712185134 0.80855477157952 0.06937985295533 0.30143064297056 0.06839889498605 0.24911734920741 0.62053905069316 0.88908334905910 0.70095997538422 0.23793856536553 0.12591175052130 0.70048391746881 0.95356247135794 0.78643627069894 0.83418539937695 0.49470703987968 0.41626000830661 0.30532454469357 0.96931712857819 0.02293035951285 0.48564203993857
0.17781692060919 0.24957721257707 0.64631011119880 0.04439599659785 0.63173575713068 0.76673108833559 0.47023257483085 0.46661030821459 0.77639806871886 0.53697561991738 0.12000990988831 0.32513142714451 0.03347884505425 0.21696076524557 0.51702505527019 0.18277800042924 0.84614865204212 0.70980210246752 0.84437014881469 0.49993517028308 0.26092903806809 0.70491457075064 0.58148080011566 0.90364926060482 0.79744316427401 0.07826792544671 0.60557318549141 0.43185730421746 0.65287824980138 0.75790733333150 0.36943329464934 0.05502523684745 0.37560053334381 0.31184064750861 0.49611717098315 0.33355420111575 0.50089886418943 0.45088615027492 0.90972321795960 0.64443969071088 0.71803400984707 0.68308309261807 0.18518973999085 0.15229169041621 0.28644187922114 0.30084637776031 0.10650335282030 0.44947010195743 0.46220390378699 0.54409085432631 0.88592858935378 0.34624095440587 0.71729966257050 0.83631076331326 0.35647818593033 0.55833618905866 0.37361073949017 0.62874177482858 0.39068764095799 0.96539575364098 0.11291650746036 0.12641254572752 0.48938714207681 0.93510785086806 0.55196597112985 0.85475023981026 0.61557843917810 0.64084121546033 0.94593396592956 0.74391024003929 0.25581624050918 0.73984734728630 0.50786342848290 0.48788885432933 0.93104132795026 0.38030986356700 0.45564398722909 0.18314410057380 0.31823831713762 0.80903930461616 0.80153104486397 0.46273963864780 0.80855779995057 0.63504483349693 0.62883685364244 0.13207056047005 0.09360409938383 0.38616284405116 0.54049368196517 0.72334654187812 0.63802189194007 0.18646012675790 0.54120721694975 0.67422274375163 0.59695049412889 0.99559959695714 0.61007725805253 0.99080970429340 0.42023932115622 0.74589469978739 0.22139236385079 0.71512181107210 0.93292690257832 0.02390073397926 0.20767009961738 0.41711188515039 0.09769041876619 0.64921831125626 0.70677797566092 0.62187625074233 0.63842204319830 0.48377797630762 0.30340106864376 0.22366470922853 0.15115800229051 0.03512564445729 0.19702203470559 0.77037125609417 0.54736298108452 0.83968697443270 0.23987584492367 0.05783023116547 0.31724536361670 0.99542495330831 0.24105408384979 0.54361134466201 0.34276044602917 0.22210462231567 0.02789965317250 0.94146243934395 0.36719888566758 0.37350454257592 0.27335094746043 0.25507183373788 0.41599515622196 0.69265940736251 0.93919885628057 0.50322015851639 0.46224996699778 0.39978126514655 0.93849990854739 0.36305397648914 0.91588832996356 0.85144114974369 0.44493610362408 0.99297777852717 0.13279846336689 0.38627370014863 0.25740600246705 0.06485059914228 0.88125031493779 0.92061115770412 0.13302156579471 0.19025023658750 0.28833805547835 0.31842544297997 0.80801324820425 0.11471788477827 0.95387914338371 0.47902536294782 0.40387357465314 0.42803265630306 0.09503721404991 0.40458132518389 0.83900911975175 0.19489938672473 0.75018840761283 0.29849117005360 0.01550319462342 0.63382686501965 0.87001563956557 0.22914938922251 0.04992380894850 0.87774820605941 0.13205977213815 0.17279406340892 0.24823204586707 0.86825653019380 0.99448855965661 0.56965247578781 0.41861661100174 0.39860018056871 0.53141463877372 0.62569391215615 0.53764488023830 0.19531639754903 0.34118317301537 0.47506471285794 0.13206645835564 0.14789273742796 0.85843592767107 0.98258573632403 0.93250952944988 0.65019443996390 0.30562416534191 0.51543261276364 0.18985382496142 0.74648012879151 0.66058166422529 0.80112022547782
0.35322474586410 0.58623070083073 0.88717311585411 0.23236847412115 0.82557783972120 0.64123276960665 0.86271846932145 0.05747926454491 0.71336295087000 0.50374685134080 0.86743103797479 0.80425558873289 0.66774737233931 0.07570665920860 0.31020926837445 0.49638070948290 0.04131481887391 0.68387990048912 0.29466689260551 0.11936847692265 0.25973759462869 0.54518862619293 0.03461831828854 0.86215381379824 0.01494960357903 0.35696082239520 0.20188453387118 0.69805702171674 0.98536157004413 0.12300168117399 0.33769389982453 0.80314800400269 0.87673566161291 0.64520275789067 0.02119742163265 0.42154274706302 0.27806268338061 0.05891936815901 0.03478597498272 0.20436353832877 0.51982017529680 0.61853335571959 0.49177221940957 0.79872864345225 0.06391891304830 0.45088507154445 0.69990035561301 0.76034647937593 0.84096837779292 0.01313505620366 0.88180003476190 0.86491486927031 0.03236949319336 0.61826886925137 0.49732788109587 0.79005780734299 0.64483893888484 0.06956775683390 0.70311649387778 0.65133510018249 0.99850629991874 0.15483277639411 0.97956924178784 0.61300932562034 0.59840429297082 0.29899124886313 0.75460439767263 0.90769933780655 0.95635222916841 0.31574082093103 0.75654314240516 0.50968488593087 0.82916949217894 0.74970943657375 0.95334779466645 0.73158967264296 0.03584014195032 0.42987199060068 0.95615466055346 0.45948071890370 0.34729736795976 0.44981109240585 0.50195703499181 0.38978765087354 0.87743858018985 0.00573152666522 0.69462686720296 0.73791408494181 0.52718335498328 0.29872646103202 0.89865414517842 0.48493644846245 0.82633700965278 0.18379715436640 0.14156781894856 0.74617030456070 0.26804189385294 0.52793003724705 0.83850780343796 0.16369551351719 0.48004919351046 0.15385838119426 0.54040563077715 0.19124725156905 0.50389845245665 0.30066346957413 0.82503194174978 0.26784604475919 0.88849069092395 0.22047600584435 0.90106810173610 0.84535296877323 0.03646906255385 0.66483333308019 0.99391993874391 0.87306125845773 0.57003071797347 0.26484734674787 0.10019584448813 0.24986378354632 0.38709559983307 0.45371102675736 0.49092643040042 0.14168862696184 0.83711380760449 0.65138389067434 0.38858330897958 0.61855107698082 0.13526001290960 0.71625285456321 0.95287004024254 0.09023911305968 0.50222316440292 0.86770362058625 0.34199430802288 0.39060261317641 0.81968359373723 0.81172419479356 0.55429877175211 0.39059656305550 0.51228068310055 0.22646386673924 0.66693583819409 0.13795528261072 0.78769309382271 0.60383473168847 0.43748013136217 0.62996139277975 0.83629880846769 0.83140946948789 0.21044314837928 0.10654977329339 0.00090913762744 0.49992425588984 0.77103055251839 0.58204825783484 0.27209503409667 0.14101761201292 0.27928883700223 0.80129387709641 0.49943745525927 0.20644675170650 0.74714067056973 0.97137245336262 0.26879528448872 0.99974993859270 0.85207628325508 0.56952536620054 0.32687007347881 0.30029122297065 0.23923711321458 0.17731419280984 0.25195637312819 0.17242531212354 0.87133464617058 0.31811886315968 0.34330777218881 0.51844676225480 0.54810628057923 0.55825836845854 0.18583124974453 0.82794204209892 0.96874325967423 0.46926053442671 0.22152402409508 0.91075812157123 0.96279775050211 0.35680697043162 0.80914138847269 0.01207198662975 0.04568098368039 0.31489487225407 0.47473256519152 0.19001499582860 0.64999023005883 0.68257598122859 0.62237727076555 0.49689931127904 0.42544617403715 0.41938931537647
0.40750579193186 0.87482503306481 0.06193445578076 0.79338033726771 0.44934609912119 0.29734017617151 0.92575721680608 0.62287940822795 0.15125273611003 0.57992632483087 0.67701839740158 0.04832806582574 0.28726427324831 0.07800393507705 0.53425652710375 0.36659920168866 0.53551671976592 0.56657369142067 0.75369055803251 0.33164273915301 0.87867400185944 0.50595226938256 0.94030600364023 0.81393643070981 0.52971114613476 0.52614645873673 0.22885125345382 0.82820974849823 0.41564822385045 0.46211770938348 0.42269788308769 0.61062797064718 0.18940064162196 0.23673539502664 0.19471753929879 0.18475274895492 0.84955829447443 0.15114410626788 0.23405894541845 0.27175429403515 0.27912500522807 0.96212652936654 0.68109970385775 0.24592558088599 0.94071461714322 0.00326363616798 0.21783798120306 0.16789811757660 0.31381718690289 0.89195075086139 0.87751813093000 0.44906870017564 0.45497571011619 0.56287654687968 0.07390467092813 0.47269197165787 0.48697777908765 0.66112232884884 0.43263735312108 0.16067513804829 0.12499035317730 0.35210830367176 0.67725372522978 0.63531663119319 0.14973634587120 0.26693571552535 0.32417548820787 0.36677675093700 0.48147553560901 0.86060314631014 0.84435248237580 0.69967369145125 0.10714473465488 0.96054545557236 0.31879116793578 0.07880798011570 0.29259443280115 0.68082453967905 0.78843042579093 0.23731860612023 0.78962786430378 0.65233973329542 0.91082414137533 0.60864056056812 0.86099419413881 0.97694118201819 0.07180903661302 0.78923929767444 0.84251397293653 0.89385600256988 0.64265609517524 0.71290251938412 0.72877904466915 0.14441843678616 0.01435790719085 0.88504992791242 0.86682154012680 0.63586056110117 0.21055551333269 0.86783285196019 0.39340033131132 0.75642508721012 0.50746517048728 0.31400271612153 0.85783753945475 0.94490589457622 0.09536781633340 0.36387701161586 0.63544690348833 0.87301273269891 0.57136799702734 0.33598378780676 0.42218288184683 0.94949855843817 0.08758901222053 0.57577233898121 0.46011606382120 0.37547305519257 0.73706696826635 0.24765971021400 0.60657024045286 0.36262337165767 0.95109253353654 0.14355326952264 0.93538559918217 0.29357310450884 0.20244804351885 0.55150714955975 0.35770190729051 0.41223457797095 0.25857071685900 0.55021644850813 0.96192454704684 0.83522889661184 0.31999577842081 0.45750575442039 0.00035918305603 0.76696193039587 0.63488472800784 0.86799709459506 0.95523805332036 0.36287685338088 0.10371560041552 0.51859635681053 0.79792226711613 0.92345511564621 0.43063193018921 0.96430050308463 0.29410085193011 0.68909610435535 0.64148269334077 0.33557329204720 0.88961183766905 0.43289738684785 0.65134876645629 0.99259237006599 0.53453577124814 0.35295668350766 0.96032130238458 0.63012201938525 0.72098814146651 0.46579027067842 0.58012668202851 0.03760294541826 0.84372580213743 0.39658471704171 0.39221152457677 0.35462157489198 0.20699974312348 0.66939349590127 0.35874564822751 0.20573914334156 0.76409838080839 0.44156231878298 0.69191662123182 0.54904628257498 0.04319438292896 0.39178261880763 0.41349327980274 0.93163370313330 0.76770000701499 0.45042209686982 0.25138946847387 0.53862357625990 0.01533096683787 0.09505083072614 0.08205671749857 0.36282010161441 0.55641191300255 0.95468960423616 0.12241741152377 0.53519088177751 0.01473801979446 0.31567597839189 0.01326607774600 0.85367650288867 0.75310883566506 0.32760168197801 0.04795207250972 0.45353775675706
0.04118506425519 0.42504272061327 0.00323903107562 0.78096259371109 0.89158753009543 0.45861277088472 0.99853895427809 0.59787555792941 0.60269412393655 0.91744928270478 0.13088039055302 0.34587689169179 0.52021533708216 0.29128097249549 0.40027360623128 0.84167204527340 0.00475257139460 0.95499192500349 0.79135316285693 0.74909702954642 0.13991269366400 0.26909355597637 0.60227006108525 0.63372601482541 0.38851989670460 0.54621677150781 0.18848004458449 0.72219062394176 0.40000468014855 0.44907299067146 0.04936591709352 0.97208236463266 0.76175400992719 0.05510544796958 0.81615826194214 0.79301611467766 0.76377299905809 0.46789977981481 0.81828265541720 0.02285318534797 0.23583491723584 0.16856190754404 0.44220060202589 0.37496887201103 0.15612931046346 0.71362932242087 0.77925496267380 0.71929580484942 0.40667927469897 0.68665446381264 0.03265105995993 0.63379271934911 0.04016746196402 0.02508912792932 0.28591751260929 0.59848918246364 0.18821579013214 0.82741917696155 0.45070063012246 0.23498404352755 0.24865256801328 0.04192721909424 0.13147497318161 0.20349307534761 0.45026809048187 0.68541378634210 0.65669587678885 0.20501298785985 0.90292985837980 0.64757149834257 0.01787887769682 0.48708540141858 0.33193313547642 0.79455756540554 0.98773771728388 0.06505151086165 0.20835938855136 0.30517011819963 0.28106141171125 0.76847525850522 0.56854620037971 0.79999993083741 0.03302144035374 0.35606171542484 0.46168537566038 0.68155606281527 0.01486685361535 0.08275594850485 0.12211950447668 0.26393316818806 0.92092271579942 0.72056326319616 0.87809220366008 0.32544625182485 0.16389686603557 0.30443569639408 0.26365798840064 0.16747143834725 0.48721465082793 0.38192774830229 0.18421333107272 0.01162733950565 0.44838413533098 0.00131547965938 0.34088465068115 0.25554789690506 0.08452877414995 0.49947177182305 0.20186625738345 0.81831749555374 0.06419161124366 0.88854595022062 0.00334038085634 0.41115596732746 0.53090906642338 0.98611861183640 0.94097172779263 0.72347248404316 0.43068475142007 0.05611333605716 0.04572938234177 0.31864693568949 0.76612956752021 0.49547432093546 0.75091215986769 0.91069600167352 0.74192079337319 0.40812436813246 0.12640501667488 0.16285072077142 0.22671332713957 0.65871667326292 0.55151537672341 0.80174707682471 0.59449440361990 0.66439067322956 0.04937620643109 0.31542348807179 0.21144427763724 0.78370388886015 0.89966631592093 0.89453869945060 0.95278153507722 0.48252970288526 0.78479394620883 0.60049957404886 0.04765159108629 0.65152869010280 0.11991341681161 0.65729283289994 0.70420032729202 0.73437090045343 0.18437953199817 0.63422349724086 0.99277834515568 0.97404819604496 0.62364588126629 0.97209163747921 0.93925360343712 0.96943489657788 0.60606905160786 0.60942502273440 0.82765109122324 0.48921014503301 0.06287290913988 0.18974319137293 0.70222999297045 0.23116003522906 0.13189730497631 0.02217865733657 0.08720735906095 0.72717864805318 0.19755896884129 0.59779998018931 0.79663286329861 0.22402707644448 0.77319885963102 0.23311429722075 0.16528661097079 0.31016689428945 0.12481360602920 0.03400749822578 0.50431179747557 0.12421283794989 0.20310784172501 0.52291580415357 0.65322262151836 0.72096162097781 0.13783951776850 0.08894350044045 0.50776783404523 0.98393515572653 0.41177541873837 0.52591834497257 0.41434116544373 0.40329456382971 0.95586554112130 0.58202490623402 0.61498578755544 0.66256912872624
0.63642652735749 0.37161225340993 0.95652348529229 0.80300110137302 0.62782451092648 0.99748114437290 0.60709767069504 0.80314102361778 0.84984830576148 0.43422610265324 0.85239911298065 0.90117815689242 0.22853627872543 0.64457484382614 0.76668622125302 0.84029621772409 0.73441830055941 0.97945044753364 0.35373895153113 0.93568014234328 0.74300857425765 0.93936537061925 0.19221094136261 0.98026349309440 0.61196913989588 0.36597322408138 0.96533209888932 0.22805514460128 0.29921608899213 0.99190431220809 0.39650257079515 0.07390769510377 0.01437828982950 0.59475080868007 0.56976191347208 0.99361403498812 0.41149485796949 0.19048471959697 0.41245291291069 0.43727900357927 0.34578055916857 0.18788661786380 0.12880838993184 0.56439700258789 0.26315624846796 0.28639257309393 0.59396010060519 0.94947231090977 0.93753995522897 0.75014037405967 0.70422595232894 0.67610957756403 0.09910132840165 0.48717478406372 0.20535367327956 0.86636168622390 0.56906969129806 0.67823428262217 0.41572322270149 0.65844892614481 0.64214452062983 0.98626843728115 0.90699933653453 0.94288285129576 0.49690028393738 0.12892524864169 0.62082373307026 0.55014346314570 0.65946025713211 0.08271688464657 0.36408480692050 0.07464800720436 0.49030572175789 0.00016906393518 0.05918115615218 0.26923289685992 0.19574755093455 0.87687770387159 0.58271321734823 0.04130007453418 0.56610643803746 0.72037161910440 0.19764079397153 0.10125650986144 0.99739714750835 0.81106817819462 0.56161531320094 0.74777991934341 0.35638952172165 0.33861483737510 0.46248507197420 0.84787733782475 0.24153749432723 0.60385695493656 0.80343149168877 0.92950708129681 0.08142332263923 0.35631225974159 0.31975102170111 0.74905573901557 0.09420304337166 0.95213477238316 0.44671049059600 0.59173929133712 0.15638009117117 0.58137554291377 0.83362705944390 0.26053495941451 0.76163042568962 0.80083692606130 0.20476101022624 0.22921092697561 0.77397132774594 0.45896300390263 0.83636679623291 0.61541258933558 0.26290692430194 0.60055886277145 0.06733897114741 0.25610016848469 0.58248319885169 0.77397700559037 0.61405372779524 0.71311963747867 0.39050159639529 0.75606517793213 0.60945573102982 0.62644078051097 0.10997572336109 0.27891638410361 0.08232647946401 0.71460381330977 0.38502244856768 0.62362764685177 0.68061959605168 0.19241851050851 0.35815979313735 0.59675318621466 0.52685188857209 0.20202648678967 0.11390484149273 0.10718918374137 0.02625957340136 0.79706465780413 0.78292446221493 0.23513966003487 0.60117671827424 0.60425755738715 0.90062268305103 0.87630642259237 0.12847482508242 0.68742038981933 0.62106363861978 0.44164575592192 0.58646826687056 0.56579265915656 0.38637391651215 0.91260732934119 0.82683228273295 0.14760761804255 0.11814696500338 0.71920633269849 0.21422040287368 0.91034584540702 0.39554932295603 0.69361644370121 0.12099680664018 0.57848407578053 0.31842244814252 0.19621513524289 0.39459763129793 0.94035572916620 0.11078633519671 0.61981574126336 0.88770515535722 0.85194993885728 0.51634619723078 0.47264982559447 0.48235130038778 0.93917467695504 0.27221616553312 0.54987693368817 0.80499457091802 0.65341584392078 0.41359290994088 0.62008285717337 0.44972059014595 0.98000924019615 0.62245892729017 0.50300361747134 0.00267353158420 0.21077050363184 0.68041694311646 0.20010862144930 0.00260572068440 0.62566658794753 0.95017442618497 0.54394798286731 0.57810533239412 0.68325954721578
0.26597419391279 0.05015524664746 0.43199653401254 0.86898023626441 0.22372710411589 0.67344232532668 0.97948028005169 0.53815175790561 0.18555401334565 0.50944751589893 0.23682824903034 0.43359502310772 0.31427990238605 0.67248118931053 0.98178642924269 0.61971332560024 0.65772325273313 0.79911255309031 0.96456044812423 0.50527879285242 0.34426125123018 0.60079924124438 0.70900212515504 0.57277314953382 0.26004417723488 0.56171968829798 0.56994799151255 0.36838428261097 0.37781355459628 0.03896775766878 0.13986005023827 0.76677379647434 0.95614084063373 0.32479709751490 0.44013778537374 0.96619742687390 0.68660833023401 0.81953615802737 0.53005012792461 0.53379946713252 0.10741185181901 0.43848177964349 0.90373753811380 0.57055104826534 0.88332848355765 0.15863850643337 0.89581514962134 0.05806666593842 0.86694068934934 0.77783445605334 0.05453981049996 0.03410090782379 0.26266356293630 0.17405504590172 0.09079120589136 0.20397611809703 0.07144024455236 0.32210385564464 0.55478347503954 0.25101712172181 0.29037448208444 0.02019180158851 0.13823258935669 0.20168339620558 0.02079595790120 0.54841727558357 0.75237837283512 0.70474776466750 0.40838131699545 0.48178867971990 0.62842246841945 0.66767218676395 0.99433171708689 0.87954469173701 0.83356256245716 0.71078201329637 0.39019743243139 0.58710674656503 0.48738747347238 0.76554697451356 0.44275107214037 0.43807386343221 0.13883242164725 0.05848980855608 0.33667821785585 0.53222464047406 0.72174895469154 0.06153452463787 0.90286145840390 0.93803066399332 0.97599511471452 0.26884407671594 0.37247064254519 0.83191372258157 0.67646138184370 0.64264824993703 0.17293766072903 0.02051526631805 0.64150488035359 0.64928444744726 0.54064739940066 0.79111843461940 0.67983928063466 0.76398320275730 0.65663424862582 0.56785982647995 0.55115471716342 0.48570101336355 0.42361929541978 0.16959141687361 0.07106413699826 0.87238422077080 0.36166707603696 0.46918066457174 0.91396151327320 0.49572170981340 0.44473047226216 0.65439183068149 0.80027820977698 0.61556744798553 0.70995666088766 0.41104333321017 0.53310769888351 0.97735494221612 0.54283343513664 0.39639097617962 0.45247536801303 0.53402841718893 0.41210847624375 0.23829743994476 0.24909995473671 0.44101202991153 0.32948028020739 0.94301646727673 0.36400982836968 0.37302194626150 0.85585738563858 0.27556103783632 0.50953077937199 0.26942480845277 0.90403568984897 0.34467736928220 0.96688880896617 0.09986230286068 0.35106941712635 0.04908875840018 0.52283483976140 0.72500623137567 0.01337618246328 0.49467763197382 0.90195786749171 0.79613218422179 0.11381656349540 0.99416178540930 0.52633838155434 0.02838805787282 0.16683869486461 0.90074491621568 0.80885059386830 0.96085081697544 0.34717635101989 0.06162832744784 0.08405802402812 0.91173073739266 0.82076040753086 0.16331419434111 0.14206243462263 0.27873509021741 0.06670267356906 0.64164222952031 0.68443883917872 0.59387907052877 0.07753300788546 0.99987287033251 0.39225980877170 0.58720092025575 0.56253533403061 0.14381496376064 0.82360815031117 0.64903001698649 0.30117750099794 0.07260986385302 0.79049558613382 0.70241033385986 0.59199724421829 0.64167866849954 0.39233097322328 0.57336963884426 0.85207817674275 0.57782295392671 0.61196499303446 0.60949199640980 0.92846741255405 0.37141202989102 0.84518953447544 0.67907532638661 0.93725742651786 0.62987894451858 0.65838082267195 0.30201854836319
0.90915857050692 0.32412912049957 0.77237866738672 0.55310747911448 0.51454243678367 0.55653304869534 0.83301932375806 0.20130272168639 0.14351318735220 0.62843278371477 0.22212314791974 0.83342009961680 0.91214355185080 0.65201903118785 0.21280698987361 0.29819320766825 0.56607080761526 0.02657524441334 0.75126384454520 0.83384299403013 0.74285970588089 0.91789248751375 0.73494687493482 0.23194127833695 0.70776129550634 0.70786189148081 0.60903229483801 0.63831007006964 0.89401952569639 0.35889501339406 0.46750686051673 0.55573041047006 0.02655243857342 0.08041501555321 0.74288201291450 0.97675697204047 0.28709072547242 0.12151891514064 0.22816350676509 0.60158984742162 0.83757397865545 0.35782815347144 0.03606146358307 0.15541426224600 0.34698565307666 0.91487334466680 0.90750277789544 0.01237965945887 0.18419627856106 0.83529260273276 0.12110874606547 0.71207505062327 0.28906199660647 0.85490424454553 0.11326061532849 0.13208670821039 0.30502032118001 0.16646033693377 0.82444934110324 0.37195192958963 0.53421516394951 0.82292587841324 0.72754700611003 0.60640280589744 0.49968725298735 0.78406630358436 0.94230569497438 0.12529179661526 0.23642123514229 0.03234775910700 0.40071396204195 0.14251680520404 0.80323523108322 0.62880104918485 0.08926673442319 0.88013145594880 0.95479191280894 0.93207700010197 0.77499941737862 0.53654368382920 0.14741047138103 0.04910461282663 0.76910145753952 0.89874920260742 0.85798136735001 0.58906560350407 0.68018035101149 0.80142567551995 0.54897614196000 0.97277929423506 0.37327796693253 0.91691590337631 0.35233956453564 0.93894815680041 0.43570454294016 0.51746708822156 0.31544654395297 0.36929638490458 0.31730156101684 0.09291327057925 0.04538051664169 0.84087692840674 0.73849323964626 0.28694117172224 0.23024575612569 0.04905583199283 0.71822368055092 0.73480762213859 0.63993771352283 0.57199095870231 0.73388447447955 0.79304448775864 0.14716677888813 0.71348403861543 0.24151645731622 0.73314701534912 0.88972101347551 0.51056025116254 0.06823288278598 0.47597814631593 0.17508615987815 0.25734250355637 0.37830682839833 0.88870108532739 0.95273208911893 0.47403012488724 0.45302861814503 0.62987191129634 0.63761925907111 0.34728118769581 0.76133919779429 0.68082815046129 0.60208550821082 0.73821408257317 0.76539916385642 0.86605883350695 0.79962273777217 0.72217589976764 0.57398404021773 0.07947647949457 0.83329950938500 0.21611047795061 0.67927901711491 0.99287874487008 0.28952406710644 0.86611200297992 0.27529438862451 0.68993063446576 0.54219589489109 0.66608609070085 0.46471403581885 0.17794160786789 0.94253887105375 0.14182054558076 0.35319286588679 0.18500857676592 0.38123490093670 0.12033342301431 0.59494609223064 0.90933344329890 0.62143311985515 0.28504109935181 0.48475206616265 0.12576934753058 0.72034947054478 0.28560150202784 0.94790939167901 0.07932817365539 0.40041886950833 0.86128959544995 0.63605679128131 0.06306967508788 0.53138198417368 0.76375641760637 0.99865934487834 0.14876617555430 0.22548243766053 0.47039653954714 0.07473987657594 0.31629250217391 0.62352044681263 0.05412015843348 0.64727734493495 0.20952083804621 0.01737759755739 0.29482445213378 0.65915494251125 0.51935499634496 0.23919725533206 0.79747218844206 0.19584718495049 0.12094414493988 0.40514088072922 0.86928986313574 0.70430154796034 0.42607044438437 0.80156593972206 0.96359173671087 0.85886556505794 0.40885021517287
0.13117789694218 0.01445347491201 0.34629667415144 0.17331450345405 0.95488447645965 0.15615821425262 0.23562114013768 0.11199276481070 0.51007882119352 0.73975157437428 0.46541872138321 0.29125661629523 0.72844864222685 0.44787248442520 0.30585083440940 0.11310786397810 0.30315359609048 0.63395603715097 0.88058773991360 0.56685900255238 0.97444568353112 0.63540926502155 0.49384462501619 0.04996588503121 0.44037996917965 0.85776528410197 0.91580924514715 0.53058294713545 0.23765709407754 0.47726916682282 0.17966301374784 0.85112742961882 0.72521577265337 0.11561653098874 0.51149770147620 0.25496317901689 0.52775963818648 0.87379521310574 0.77138059424064 0.76227251917892 0.26600334686705 0.35515591227381 0.55045161763796 0.52001531580792 0.19865625628076 0.36894617151605 0.19652546810023 0.15130171285484 0.40198752200532 0.82586263319226 0.61840879663321 0.09147076603659 0.41449808154234 0.90857417644708 0.20134803734231 0.35890227927809 0.82364005433198 0.81096789699352 0.82432210462543 0.98650698427892 0.62291361873885 0.01665154199419 0.94633112798002 0.12005671338205 0.54161415114165 0.23530640897051 0.43184656076890 0.31854754790606 0.63885896590980 0.71192214992357 0.89783690530144 0.20648567705769 0.05565037625158 0.08239736668571 0.06173909966131 0.45105406494497 0.49536537927732 0.77396014952110 0.17358422699167 0.40533231975562 0.30877035293439 0.40775106553170 0.50411286070266 0.89452917748120 0.51402836200698 0.71273555748702 0.43261795601843 0.67471611267969 0.21522062209393 0.60455467904622 0.16888458738264 0.48276200518695 0.65388713326385 0.08541860663259 0.78781479516727 0.22703100831072 0.07370748986379 0.54793305334611 0.86439158720627 0.69835211516350 0.00639637867022 0.29250374581810 0.19852980800174 0.96005987056521 0.92627865739897 0.35909384183047 0.38825149126479 0.36504563742480 0.69539960974119 0.46800525138021 0.11034979385601 0.77274180448247 0.06178513367675 0.10725239041816 0.71041692266625 0.00397221556036 0.71187656917553 0.14724394198801 0.58576726147749 0.63987096093160 0.57937838798034 0.02818415838510 0.96454160651343 0.90997465588353 0.56146278963977 0.62254708725737 0.98534096240175 0.38452872333178 0.96458778044757 0.08379730128189 0.79864614484828 0.38483239297603 0.51686456631897 0.11901689608901 0.21075879919832 0.49912902845311 0.68374802038096 0.69389904262235 0.61733371497937 0.62697464281209 0.39613387529751 0.60867289414428 0.41021453678531 0.50545388819743 0.37031157088872 0.80624283951448 0.36524081498517 0.41961084825521 0.92910499298983 0.84207164650181 0.87015737215826 0.74887580790705 0.47348519975355 0.16859635347616 0.00783371007370 0.98903611035448 0.66761058624564 0.41460600400457 0.38645157897886 0.04835111947061 0.98470642410234 0.80034312023861 0.82902564499732 0.45327928245027 0.05297107505502 0.12071363176652 0.53906442130268 0.17431780652675 0.97098538979672 0.50278494886213 0.18123759576286 0.29507807449937 0.89402327486213 0.62914577784572 0.16112971904181 0.52772252058189 0.02551694606214 0.17824357067953 0.37543025128535 0.41852281851733 0.98254507556884 0.20729502277682 0.96277117051336 0.23845964609252 0.87427400870328 0.41894227802411 0.60931021665152 0.46071959828704 0.07851477810550 0.06267587502816 0.11093673955388 0.47232388187179 0.04939234697503 0.98844051106691 0.58475733776009 0.85736333881287 0.89065929585332 0.48367440387231 0.41058900174096 0.51592481609781
0.34079867686980 0.76569286703954 0.10970248996179 0.95225069364897 0.98698007870129 0.52742504416643 0.63143860723509 0.87211021349191 0.04326858521214 0.31594751665622 0.36196245726883 0.44720247704608 0.90346578353851 0.90008805551501 0.48730108829168 0.48194716933205 0.19604224340303 0.13142311508639 0.71626492769326 0.97017017048555 0.33144615983404 0.58958382672829 0.20255203031334 0.15811377178556 0.26928229279089 0.27245939756054 0.61632577263258 0.37099902815780 0.44260933315967 0.48925286288679 0.66101058600032 0.68919465990707 0.07712470898809 0.43316404838230 0.06200512519400 0.43887415816968 0.30347185537192 0.84429620899685 0.68025301202145 0.52879600231587 0.44401813987778 0.76562913744121 0.17225785855186 0.23175812584624 0.76927227818824 0.70890264069213 0.37355114838970 0.72157429784232 0.89031342703243 0.18271272320132 0.36535018158603 0.72145112620647 0.55221865273828 0.86628808517513 0.96627904980986 0.15726425265422 0.15181337640685 0.36247324778907 0.07922704633475 0.47247598851944 0.87188939119799 0.63425611751647 0.51762675894875 0.02179538480281 0.17589856527032 0.30020710557724 0.22899003505028 0.08793881765891 0.21386747881055 0.41677860353230 0.92435829746387 0.09117174069961 0.64407675076173 0.74405781059311 0.63668014323058 0.77494275247141 0.15424324893243 0.98517317476235 0.69718114685648 0.01775210639527 0.97117400233103 0.40894735700263 0.16313135670813 0.28123610372211 0.64125937449185 0.01833595273257 0.85684757537231 0.44240600980627 0.05693929290373 0.60483488069335 0.98063981261879 0.82084362961706 0.88899741289848 0.93158907386758 0.26852283272521 0.59436241076258 0.04311472259950 0.01450051354715 0.28595862419533 0.10703114171118 0.61058650104325 0.83416101852468 0.78572115644123 0.80130733728919 0.33770020494101 0.94186466232615 0.47586619853985 0.36867890065499 0.00765190879754 0.75965033222509 0.30194977563532 0.06349949424502 0.30514660638408 0.90750660661772 0.08888082342494 0.05176115648307 0.22958328888329 0.57449454238859 0.18654925777868 0.61914518593523 0.72329047393791 0.63011691486598 0.16176389030866 0.61884629942556 0.76845472598896 0.35232610360053 0.54828919433650 0.62062217120370 0.28569823823877 0.12035028660373 0.44803143033534 0.82143499158906 0.17276784919298 0.92523594227092 0.49457289404380 0.31148687570564 0.24436863895925 0.50673348956765 0.91981899657681 0.42648404081278 0.56296295028646 0.09070700679524 0.54627623184784 0.83946567990419 0.07001521325201 0.72124444471035 0.16621552743967 0.74193458816239 0.12816460477014 0.66421439353798 0.40191616165169 0.73494330259228 0.98642342428739 0.18509250243349 0.01383493650681 0.41972318377355 0.48778215492861 0.77553137571242 0.75021816840576 0.76550533761058 0.78212787695970 0.13073250838423 0.88159250578616 0.67524192131961 0.78036844875833 0.53979516785938 0.33407134274659 0.44836780082602 0.17655585547295 0.61001305809776 0.13328317848214 0.60169518641762 0.96193155297633 0.55462599201314 0.29409554566413 0.31662309444949 0.33315589426681 0.15184045077161 0.02801482101585 0.92102079872904 0.77558600962271 0.58368987253737 0.65790913683820 0.40472057766017 0.00270701110170 0.56466501012615 0.23463784558397 0.41792716577785 0.32424995951213 0.60086531582170 0.49244035447027 0.50232960441859 0.62437570452593 0.39759623669360 0.39532276124854 0.56517631894695 0.27591706879597 0.08793770762965 0.51837850031265 0.54707644758794
0.93556177999679 0.75785101130155 0.68157044527110 0.54626874788603 0.67538899579774 0.41996100865784 0.82432875302427 0.29354691973766 0.35980629853445 0.34142204212693 0.57361668771716 0.08598617917318 0.33945640981624 0.35332269028407 0.23246878956097 0.17471431363270 0.43587864713897 0.45590991585038 0.77901458108501 0.66734823475585 0.07198203634848 0.04489830903505 0.57533081463794 0.64088479969965 0.11314785560885 0.30224516257445 0.52731930922647 0.16625733907092 0.43004962575562 0.81758833992259 0.23795563793667 0.45526169353152 0.19079617720355 0.54592451262190 0.00434858274470 0.56623623282404 0.17730073518846 0.39558280259993 0.77918516945347 0.88142134348154 0.86992780709168 0.31890103990395 0.85522302344661 0.86400802955519 0.63017311954739 0.15998894645289 0.31961519320194 0.76133636295615 0.58198769001317 0.07955669561649 0.51304632532044 0.23152135381359 0.97385238172854 0.87341679458232 0.50984083665711 0.44983715321560 0.75251880694936 0.82371954460222 0.49436222209307 0.20782862340504 0.53675580655993 0.29064125997599 0.27575503888410 0.31266886983170 0.02137063509325 0.77579883088220 0.40044030657553 0.30124265135154 0.20155195508787 0.65379976950864 0.07445949221692 0.25431764176493 0.24522620520489 0.42731081488133 0.38453713774547 0.40095277452428 0.62065328164163 0.86010164898982 0.23118206616320 0.30314536924448 0.63543779547272 0.26499453320147 0.09636527674468 0.33735137117750 0.37978903999754 0.99286890421811 0.09601513473990 0.52875532197438 0.56869367066745 0.45498162026563 0.07150094835637 0.22499316975009 0.22105662616632 0.10319920366383 0.38229085092442 0.99054041109290 0.46511629015916 0.99857952244210 0.75898943932468 0.14087753375146 0.78971086467929 0.19221940105526 0.93589206412571 0.03785724006976 0.19406474583039 0.58002568980645 0.85159720873336 0.18245027286171 0.87037215084412 0.82720610794668 0.13308340714653 0.10151369834503 0.25548026867006 0.29568076081533 0.29121131651524 0.79131486424534 0.84537173192168 0.36019602903221 0.21117200739238 0.49036632880643 0.25444248950390 0.41613900018038 0.22572333620205 0.14299907229828 0.17013019549301 0.42006236626768 0.03484041455356 0.28503908979833 0.27838610361210 0.29471284753151 0.58500207577048 0.03607027542156 0.01059814204005 0.92008321905394 0.90325102290552 0.08266185836281 0.06553083331486 0.08449954764445 0.83491596422714 0.06675960666975 0.18642787215701 0.78992384902768 0.52368009725677 0.10585685229741 0.92433612729697 0.57585866897533 0.45573509444120 0.70770766029335 0.20300886148158 0.64609153967408 0.39328872909936 0.60057259187111 0.14068674924760 0.58907276222137 0.65440714169482 0.44410749986932 0.76574770243534 0.99234053686032 0.49204974049202 0.41148918094469 0.39836909446211 0.47208616361452 0.47690053409624 0.16019286542848 0.76956306465340 0.87207214769318 0.98382508612806 0.18929991121611 0.69622893698159 0.55407626635247 0.77480612122906 0.85288491290966 0.38088547321722 0.03740362774551 0.19502494489522 0.08098126729402 0.13343582302955 0.95318873127857 0.76437378193213 0.88492593342096 0.93431171773730 0.47106527367739 0.41799910564248 0.74051650675646 0.04084127677207 0.60948437112068 0.29381359234337 0.34174076241932 0.66558157818918 0.96495969033411 0.13583596057535 0.26897809185367 0.39557219717044 0.49383678246163 0.70767309461958 0.85196714094517 0.75243285838123 0.90763424543717 0.26279746390137 0.66229167165079
0.43417583547386 0.90637915730052 0.53348832605877 0.07492642783642 0.01153538913019 0.89139496211406 0.97550770066581 0.79423419679582 0.58615294509661 0.00943077227715 0.62034192347699 0.40242227644254 0.97605425199041 0.57935777958702 0.31409953609204 0.26589232100976 0.57821870098553 0.97823313066354 0.37141351482348 0.05351131660490 0.21861540464414 0.85412288886159 0.77088138575322 0.54443465103017 0.01328710707027 0.07351574743028 0.42081500967790 0.76487554028847 0.02764169710203 0.23928301005202 0.06191683873324 0.81679032556094 0.97974381673991 0.65219676169274 0.14497047313239 0.85498205719727 0.16222112267066 0.84261496634380 0.00755365164062 0.70274725020440 0.07303849733211 0.09507454467967 0.78033931071700 0.25863941137539 0.85682291359263 0.24715702677610 0.18193476544250 0.67978101791889 0.61465742548849 0.19658679846722 0.66703971340982 0.84968511096448 0.09590141656480 0.71645992208753 0.92628759050809 0.77636532758387 0.45087218781483 0.45441101430747 0.21684346537114 0.85166155339870 0.90066338074877 0.23838643139674 0.74418653326148 0.01066833447920 0.08655069067999 0.18184777541890 0.44686211718589 0.03538054480341 0.32146064894339 0.95091107462952 0.65958968075030 0.52886532538320 0.29195636780025 0.36394681291871 0.31889639182873 0.17721826439409 0.55103191034692 0.26675603227832 0.53663746472300 0.55816912927576 0.56837582511703 0.80663464545914 0.58389691013477 0.79423171495932 0.15168990779318 0.56900155789462 0.57652270146642 0.43327240943308 0.55354421325306 0.12140625575857 0.75053004830633 0.89023812512983 0.40955488916392 0.76440585135604 0.34683810511946 0.53959044776619 0.62627916050478 0.56494472197177 0.79536603344690 0.50313681961916 0.07257713374646 0.58695186955408 0.04946388288146 0.90881520162895 0.71436000910023 0.91754123395105 0.25427258568075 0.44296484757685 0.84252904800440 0.18102589663965 0.38934910648062 0.44295118079249 0.55045145687578 0.17440779962703 0.09451530797065 0.58060335122426 0.33281087259332 0.65537661870484 0.57500735280920 0.45508836506659 0.32904948093657 0.10321731836667 0.24220173689913 0.92599076880638 0.39303501696136 0.77866379622450 0.05319307816443 0.37562548302748 0.70876879074640 0.77426230507759 0.57572594371557 0.93830002616864 0.26041368996878 0.62866491968656 0.42170124897016 0.92756487751906 0.45426181154150 0.56264147866967 0.67021517335010 0.55577692061166 0.14193412000766 0.55237766915840 0.09262649616638 0.59740585022019 0.99407913317346 0.72285337592501 0.90650625773859 0.91245437695508 0.90695932655010 0.91644656008019 0.08497315099693 0.06745522301567 0.56202627922519 0.09124135427569 0.82665239990823 0.51320970676941 0.05591561744504 0.06717428461465 0.24811293651478 0.95567547131190 0.05251284110646 0.72266087327525 0.48750084456886 0.29737396653483 0.26188168515950 0.63435944264721 0.03437032583100 0.01481308840750 0.47537474039674 0.95528264541203 0.55340115802798 0.63492469526963 0.43009747957157 0.69840622936035 0.64626060393608 0.49586060067536 0.83870442699183 0.18399168574631 0.83483700981371 0.23259194576873 0.70632992597245 0.82763269587994 0.68717369424365 0.84392061079772 0.95895016575087 0.13011441805530 0.24875023874471 0.89041565533714 0.69701524234508 0.05548038012893 0.32543779528865 0.54655615726634 0.35305170716080 0.20498612822858 0.71175429290436 0.96113080083019 0.72040330814456 0.85687808417870 0.48910512820554 0.01478113916821
0.18609371559608 0.43885730974522 0.62555347870554 0.57793340044189 0.85454066219082 0.83279812649000 0.75341635319518 0.86203545517096 0.42775013242139 0.12770844243417 0.97813445161361 0.47257943208406 0.60570932321592 0.17376043284070 0.57768229574453 0.13953427841575 0.49473022357087 0.44198668666189 0.92499223736963 0.02386791447630 0.80647239661317 0.07712538055462 0.84664529790730 0.31274622224549 0.39264481687981 0.67363523666423 0.20133795880179 0.97164115107765 0.80391281001982 0.46895429415028 0.18648261753235 0.62121532929472 0.87824316085970 0.97850263645051 0.71126647561654 0.84380281828166 0.04687545949119 0.44358269882537 0.04458358201843 0.48930214592528 0.60574540329723 0.37885403089988 0.26280985550660 0.28030379427671 0.37581063088216 0.56782302509079 0.64633240043194 0.18563649150168 0.53010434828640 0.15640098655492 0.13703250645927 0.28104267340480 0.90433860422150 0.48884472228391 0.14433458692026 0.35707476557076 0.49890561865863 0.56566799164093 0.43597422239926 0.01287574200827 0.64970292003185 0.79234527596838 0.89400557850755 0.23415898084616 0.59537547601046 0.32057664637667 0.95841990942047 0.10457532135845 0.05273661413917 0.34419500419262 0.26043938247186 0.44466655891543 0.21970209746404 0.47940670684464 0.52803243917294 0.50941837414995 0.07078999203216 0.64765626468773 0.89079584111268 0.18650668744397 0.31704844562911 0.14240763662852 0.64759420857082 0.21444036829703 0.32384317496074 0.32978978695039 0.63085145072010 0.92812038771995 0.93284319547078 0.50017585887093 0.47415833956346 0.40729504270878 0.11220240745032 0.94080480244945 0.14978985019192 0.27229976683545 0.82544780650641 0.70104739726408 0.80950950932191 0.18037299902457 0.36755460650548 0.57059169016144 0.23176567549265 0.20778631740534 0.51302474094673 0.70333430294465 0.46082758411247 0.66124973575063 0.51388117434359 0.42934609838238 0.77040370465652 0.15869276394268 0.91888094497364 0.88432580021330 0.91665926122673 0.67634654575944 0.71471980079542 0.52306787579867 0.44740006717289 0.09550307615547 0.76549560866937 0.37921647011957 0.51983790430857 0.25926060590874 0.67665960407681 0.24703072351180 0.13486779713104 0.92007427287689 0.50579701999985 0.96800342516844 0.26247056121735 0.31801899279979 0.74336495710329 0.03375844699270 0.99403247503847 0.94826428833652 0.23202038587641 0.35583588858801 0.06031734801488 0.97015094304295 0.94719880247705 0.34206408291281 0.65797664550184 0.40347604677879 0.25333710723397 0.28166723114631 0.17281054474777 0.93166609214497 0.83667943198130 0.70308208325140 0.31374878932686 0.21127707287307 0.83870714863811 0.42053773321447 0.37954416337802 0.13087479961184 0.00937993150918 0.11491970674844 0.93619193077140 0.01635822541032 0.11534955231428 0.79011830908528 0.83229788246111 0.88673605265173 0.08562546966729 0.44489880548571 0.33587438539763 0.67733830787997 0.95803838456045 0.36501795671780 0.92957442060335 0.98020523776707 0.95964216632424 0.25172965025273 0.50482635235241 0.14555752368523 0.78069631902783 0.37335400973159 0.70403608648421 0.42555739936435 0.61886115531425 0.23741242121153 0.50217741503207 0.32934247221405 0.00647246294761 0.96845477919165 0.23536634237103 0.38288777015693 0.91860366533753 0.55443328306442 0.18548519724807 0.65891514779376 0.42320567310310 0.33696161700202 0.38443711732052 0.62590033505814 0.65955146051400 0.69184274285505 0.46591676593142 0.92706696596762
0.76246328923619 0.23101589163077 0.11001149131292 0.64341553505087 0.67801320633399 0.99503455501600 0.83555857259767 0.47469273844541 0.27325660155579 0.83017888530019 0.44150257332243 0.93478144374558 0.67900978118980 0.18493635533954 0.50616052337528 0.16048292185716 0.30102181265910 0.35010648380096 0.06325355531890 0.82415560793185 0.75085464506347 0.31164361505042 0.61709910478846 0.24392003773149 0.70079350228557 0.45304827469393 0.52208132778698 0.36413241492453 0.30642890130053 0.97782704833923 0.36685035869352 0.48798551053153 0.75033336066298 0.58725896713593 0.82753139827339 0.18226145311177 0.62312615168887 0.51377556492837 0.34209719615141 0.26958968689912 0.30429285986713 0.81355163857082 0.56954781430399 0.38281160958722 0.26438994742809 0.58828603568126 0.79282018438749 0.14950281282849 0.19432229429203 0.13827950042153 0.86455490065696 0.35804250216288 0.33266337330970 0.83300694630136 0.15165889550435 0.07633343841164 0.08390107765366 0.95122236185585 0.94766642137134 0.06600376311171 0.20683525715187 0.02906850663006 0.76674007102232 0.21569755585790 0.34188438341558 0.96332608123916 0.61967061165426 0.30734686864723 0.64570054123127 0.98860123752215 0.23173210584401 0.62982964803926 0.65035831192001 0.78244542430711 0.07472190516121 0.07730562293391 0.06863648595107 0.96138828121543 0.71732208575444 0.19248321459689 0.30095594773259 0.35774069449886 0.11652899966212 0.86745238708435 0.41341295446386 0.38680892214787 0.47407678068288 0.46033438051744 0.16400525718915 0.32487457395108 0.08225019633799 0.82591580697495 0.29242841629313 0.89635779320976 0.22425612355657 0.66141226438194 0.02427554410135 0.81010894231705 0.10825852170867 0.01580409356306 0.84456238710952 0.72903531283503 0.42897698755020 0.08795562651827 0.87795623357281 0.88839204049041 0.69441492688322 0.96140748597052 0.21294312322493 0.97637474032549 0.16886057909621 0.35106711629795 0.44222134616356 0.74024233560393 0.25472906055054 0.52199671311693 0.79880955830553 0.41821859162773 0.68905433303447 0.79120749793731 0.66289105769586 0.16412584795781 0.25941136472174 0.44482318668062 0.84458202670995 0.10424460716230 0.95349969501656 0.36689502753689 0.11286174423886 0.25056689042121 0.44748917786087 0.89303029468875 0.52647842487355 0.29811432922296 0.70361126731266 0.90236107823209 0.15731961462473 0.20833478008394 0.08238469780055 0.94387532410927 0.62861046070602 0.77207399279785 0.23330484986732 0.68826867952807 0.77245330826475 0.19318960458919 0.97132795350693 0.06707019547289 0.53303065002511 0.45494657980280 0.04103839318039 0.29238055393067 0.10644351431847 0.12433770926790 0.90628884664944 0.85411255386230 0.67442973979710 0.24200547426975 0.13916342787459 0.10157701914136 0.05238850072458 0.59858312824099 0.19045738698382 0.36069592779877 0.84342938655936 0.00796696280824 0.74702518385806 0.87713652934054 0.61299372268122 0.91909265829323 0.00468286267017 0.38680854198136 0.33782231292781 0.96937961829163 0.99669578124898 0.83795964205278 0.86739562776212 0.67469357628659 0.58998299783672 0.73146190707558 0.04227105032210 0.15831739899614 0.40023543353562 0.85505525928334 0.55985492415219 0.66876606513713 0.04429711993326 0.87019549513667 0.97677191141780 0.80546725370390 0.02028252288100 0.52721751947554 0.76433451073341 0.24866089141833 0.40876194520794 0.44221940776724 0.62499465769753 0.14628928842017 0.52525556749937 0.23547171646606
0.40009316206688 0.09120083457654 0.09068944534818 0.81185482686333 0.88061830297752 0.84997322340117 0.17103990323772 0.26118311727790 0.59689255381275 0.22007502372853 0.24309549608737 0.02614252928524 0.82406804132669 0.81254999293567 0.79424639103722 0.32959307693167 0.72257741799248 0.07759800027246 0.67531235611623 0.35039371639274 0.58295202781395 0.37665349189127 0.19445215756769 0.67843432422372 0.63304989759423 0.61801999542635 0.79927168934416 0.97415374317930 0.21407742940474 0.29230260643874 0.17484931359382 0.63434405854113 0.87803442065004 0.52513653098986 0.53854938938845 0.24300857812505 0.07241129725317 0.89471990746554 0.55717322622070 0.34846757156547 0.72039481197223 0.41665525462482 0.08562130543993 0.97894514551630 0.25825069023842 0.61531638558844 0.67344797755954 0.23601237176317 0.08424497691379 0.82253771462919 0.05544920842591 0.06643870120991 0.01467520380187 0.08162411721501 0.16302154630977 0.23249492479751 0.07762463585827 0.89454928518022 0.42744628615004 0.92805211888566 0.78518524403077 0.99926051877131 0.15816107814597 0.61342262484549 0.37233445624480 0.41128865439159 0.30992164936219 0.72372415122649 0.16178805663321 0.38509378230399 0.50399574972053 0.64071882003469 0.15348339495383 0.24477380914016 0.73626747366619 0.89154999600560 0.09732641611678 0.47808152597022 0.24042527209224 0.67348099565987 0.58226349565189 0.10825023245241 0.54432581520133 0.90956257761063 0.42104890430429 0.18017530343919 0.47261584351706 0.70840578217681 0.39709019784654 0.16073317419484 0.93775057277714 0.80743145884368 0.38205039864836 0.83614859786259 0.67452021784225 0.33749625940439 0.55645174400925 0.38446179390110 0.75733319637366 0.90427220109418 0.09586544405661 0.45334520739280 0.43297987544477 0.13467402997013 0.74432236732764 0.99447953522310 0.74893751739376 0.52546799452987 0.32830268376918 0.82003509150352 0.65276609476533 0.76976512599197 0.57473806392745 0.29247474989676 0.38625080994625 0.91412706077928 0.23853175526119 0.01079573038223 0.01326951851607 0.16910167685084 0.32209843810880 0.80199331609788 0.83254453735942 0.38307928750368 0.14196329755527 0.45137707467190 0.72334362030151 0.54010772088172 0.45949313648040 0.22942191713382 0.06734108217193 0.17081360025809 0.27733892602758 0.33591530300223 0.74293984271952 0.68900465139411 0.07601486433012 0.32336278721833 0.25650593292165 0.56116574960141 0.05542801067113 0.59077665248981 0.56778288844571 0.77010962882218 0.98609376635962 0.77133875469021 0.38056713289847 0.92737234590451 0.66461547605584 0.75639577129753 0.85827500714240 0.29272114125367 0.70295277057507 0.21523389172262 0.97655468639002 0.60948537859242 0.13418426865097 0.59438954540565 0.54474039824323 0.11927132382674 0.17124453308440 0.42427709978484 0.10377132234333 0.37439612667861 0.69372111493078 0.09061654805796 0.82436636027112 0.47625516695623 0.30678496626174 0.53020616139688 0.32525106211161 0.05273002038170 0.41246137345716 0.33961852960242 0.62345138518388 0.64230131697429 0.19480899232131 0.85946297399561 0.77055707053996 0.31312753864386 0.55256900158460 0.93287461708358 0.01663791044066 0.74820160402486 0.05722223825518 0.96819287825092 0.72025160537965 0.02679723060790 0.62720832239141 0.29090595714405 0.99053670982346 0.53126822554583 0.41999928547308 0.23324973671266 0.86091012622221 0.05072257073952 0.63743591852563 0.95314904600953 0.20407216365812 0.47334427536962
0.34243981352878 0.94323881737095 0.55541690469600 0.89323277936021 0.03638000751751 0.34966504288811 0.67676234654163 0.63366496023042 0.80701217673207 0.27295073771085 0.19742295437724 0.26106222626669 0.40395437941705 0.93058825835101 0.23390722605370 0.03960344274771 0.24327212199905 0.49551058279679 0.96921632396740 0.59727083469526 0.97385953814894 0.95515989734766 0.45877838134130 0.16374435884366 0.14231508941473 0.84283697729131 0.35708716410662 0.42115893981958 0.91603649523511 0.85548256908121 0.80074955063247 0.97926959720505 0.07370440100409 0.11228592559402 0.38825687483487 0.89061487145496 0.10124017593927 0.70273680040493 0.83987854726340 0.69977029020984 0.07415766069562 0.81932421193264 0.27008307784185 0.43996184617944 0.10016550666769 0.16380868380110 0.73514966515726 0.39811652603511 0.03629079843573 0.56672427409091 0.93585265808996 0.80662547506366 0.18617502622086 0.11579772341426 0.31959794404712 0.93129069047208 0.04936726089603 0.72943321837134 0.30560647056823 0.18109015025918 0.04892738277775 0.25558929057798 0.79259270661076 0.19007253156071 0.44508876091047 0.45108023837209 0.03506879602569 0.59989323430509 0.46522166568212 0.11630794577193 0.56679593270588 0.34207998610618 0.19923870031689 0.38737672496523 0.20141717718181 0.43919693168800 0.86167012994497 0.24414380073844 0.38826228908553 0.36485045151454 0.50787870592674 0.97852519566135 0.12689519298823 0.48955183204901 0.84570161779081 0.25897932215353 0.01008331018458 0.89205284798512 0.86331699858209 0.07274223845844 0.61382402504471 0.52215884611835 0.37124828631762 0.75155490099458 0.02656919723980 0.00940600366657 0.73187893993169 0.96916211052800 0.74883944730037 0.00161608679330 0.77123954074251 0.30525865189903 0.86370010167726 0.44567805005304 0.88248994545483 0.54142036127290 0.05748368949788 0.34422812263959 0.07716104724931 0.74188508815667 0.06529557850109 0.24111126898203 0.52311156698227 0.46944552328480 0.57881228615224 0.87766828806633 0.06904972025986 0.69601929985267 0.40452132431683 0.14845585660211 0.54249869491246 0.48596771552415 0.21897166948950 0.30063628114258 0.42416136233609 0.19067455172636 0.00451838050066 0.51253378754081 0.37979588012764 0.31730268214258 0.32136238830059 0.73780972881014 0.03115756776808 0.94684641060150 0.96042741602817 0.68509197717066 0.72677375376338 0.50707201036297 0.75184385879668 0.05098148889725 0.10444354748307 0.70750975441254 0.31324342618912 0.14668345685639 0.45989748742365 0.77462070627846 0.39056043550103 0.39703353290244 0.50012962126899 0.43830864092948 0.22152358782517 0.88755683094679 0.01220313150854 0.32647669928137 0.41116667355537 0.18029785501230 0.39750535935376 0.69451175099167 0.70388141287499 0.47262714889748 0.31295100527004 0.56354847780603 0.71325555748922 0.33159776523819 0.03751880346824 0.87974829917829 0.19437011506885 0.64375478915585 0.14289192586157 0.17997810005675 0.32417907848788 0.51612519479559 0.85040275550351 0.87296722014559 0.30895467283893 0.03734161653448 0.48893857363617 0.71220045197339 0.63184655783553 0.40735200780061 0.12033222010824 0.95553089916498 0.39381513122853 0.18610112255469 0.46363559732592 0.88923435172786 0.80897866447627 0.86902527503482 0.59273350297013 0.36744627525404 0.72373760859411 0.59896346142922 0.99375863995208 0.49711121136689 0.44193967188897 0.54434277689481 0.79301855726197 0.63495393556543 0.52374717180807 0.75889607277925
0.88622710062837 0.75712829681142 0.71071747579084 0.89870921663005 0.66925227869252 0.70272577083330 0.18141599711212 0.75707495168719 0.20065443487312 0.89158870752589 0.30363359700557 0.53702249697576 0.05477634227980 0.47700408193424 0.66636952069746 0.65761109833005 0.80062080343579 0.33785897622151 0.20075313032322 0.91744500897297 0.94166369953528 0.78947986272840 0.00622907397534 0.97408160484324 0.35522200485871 0.98062256503711 0.09056313691131 0.12779905186031 0.44642295439089 0.36834315310655 0.01348158864698 0.61597898466671 0.24038058738194 0.81603399653215 0.65547432010401 0.03102669641303 0.25829610145454 0.67165764581470 0.97047198655997 0.45238754377537 0.48525750474213 0.80979406692683 0.41514760489800 0.01986054725374 0.61405253693642 0.36109886726170 0.76583920760623 0.09339774778587 0.73830408755800 0.99332231603599 0.13649410631247 0.65209144561387 0.35021046579999 0.71173878047919 0.92305100039329 0.01882209549165 0.55470763174125 0.61853717317871 0.56915298413892 0.09868745849364 0.67602970515791 0.97941640004343 0.82320279615343 0.44824119914874 0.02840929545752 0.30301318197041 0.58589639520986 0.55780595294276 0.53196014499458 0.66968301163794 0.83533579910485 0.67313847852015 0.29677354275337 0.70520112198366 0.76828375903277 0.51263334971124 0.09367014276233 0.63176532434013 0.57877727283043 0.17453863985035 0.92805926135306 0.53752225930398 0.44851791479531 0.84096822800464 0.87431271316647 0.87045039446368 0.45198488506971 0.50288458079989 0.39351113434086 0.17836935196258 0.76278901946496 0.27312823345667 0.20607828698169 0.80004535464185 0.11479358998775 0.23272961123031 0.47657023968724 0.54021065718998 0.07254110700939 0.81237354435371 0.63411426423451 0.18762681578847 0.25763873289439 0.28464525543185 0.80717019972306 0.25735857482419 0.68578714650455 0.97375127452715 0.44742431082442 0.72638756548646 0.14785798498750 0.91507976164667 0.24099468050936 0.36594943605518 0.96663820239743 0.74525651701085 0.75449677339398 0.87428224167348 0.87081800084155 0.95501232458454 0.81804896558552 0.97061361458503 0.68960784967987 0.32580627266579 0.34782295474013 0.03880833797559 0.35688990190285 0.74464066536801 0.42511838761748 0.34927476987631 0.19491588110540 0.70200497438904 0.90510921241175 0.20991563562872 0.17227071899616 0.52924584915946 0.35620352799970 0.08737621048703 0.20374441949806 0.69489739967271 0.30906100379155 0.93334181271514 0.68302139589747 0.96416546444466 0.26069172669936 0.10043434064453 0.11680766535234 0.63217932275725 0.53780332015087 0.15581016572133 0.21152180977087 0.41887996004146 0.84060949468421 0.15225917308854 0.15893929074776 0.64787128023577 0.34529824302483 0.34718194923717 0.81510971545138 0.68685982080526 0.52818764910475 0.85452336625647 0.41255128601652 0.43808425280174 0.89082369234143 0.23807173911012 0.65209939364038 0.47404446078890 0.00507447774960 0.98857824369891 0.50494801555281 0.17871836282192 0.83131096235724 0.89643307739807 0.52745495839087 0.62382978329230 0.83785102670399 0.70746406813464 0.87418581147901 0.73771679068048 0.58615191011217 0.43042952741872 0.42357951948518 0.57970939809594 0.49403183989664 0.60043226998935 0.30598004402680 0.47088938672905 0.07393297765542 0.54567267256784 0.96558615769784 0.86123603573634 0.45321998060865 0.71698358175212 0.89331356040954 0.43412246886579 0.85609286034248 0.68156611809209 0.42024256471816 0.10836707854485
0.89638338674612 0.57667987798830 0.13834362883385 0.49668557607293 0.09699883329797 0.75028689206510 0.46658375851064 0.67833800982468 0.75899023219366 0.12463539972967 0.87873302643929 0.22848440465195 0.67026701534741 0.22149393273221 0.41300405673649 0.19419959000162 0.80384470238186 0.03301028437302 0.54010211150542 0.95696413664024 0.89170880005650 0.25994691475603 0.18826047832523 0.52792623351635 0.99993373302395 0.39057767049565 0.35821710913461 0.98140457463010 0.43466840378685 0.64717196255105 0.78324844911577 0.95370093817517 0.49041545799543 0.07607194472709 0.98516291979320 0.92351443087134 0.71934855433404 0.47301249258855 0.89227700435354 0.74895637672902 0.57286998737024 0.22026947204517 0.84499615165355 0.60823341361720 0.05739087109839 0.05723568543137 0.85456527930827 0.08756400787468 0.69302724970191 0.91074102687132 0.59362725051447 0.34149013085965 0.13619909347056 0.91177184521282 0.65051040005873 0.92296296177399 0.12737956920658 0.43655939240688 0.94855802916803 0.28831786765055 0.03539926979567 0.27156025656927 0.43137809856913 0.87951630582669 0.53178680511204 0.35934014090183 0.82451035816062 0.05747945915875 0.69372436118834 0.61219341477077 0.00002013856868 0.24458513717295 0.31187239774958 0.63831326225807 0.40672601876029 0.66031757613029 0.40273931553983 0.03201212535983 0.63752471988913 0.99437726281681 0.66095859155705 0.13548625072396 0.01679224518263 0.03339562649004 0.66165992594630 0.47535970671298 0.58733318993288 0.41492050463449 0.74617174913630 0.46706961913037 0.00109520036600 0.52133242417012 0.27959404264956 0.26342880442899 0.80356368439037 0.12752281966315 0.88501521404560 0.62860906968645 0.74423564108312 0.31553674548111 0.41950651032659 0.78274211442135 0.08210116590597 0.09380031818339 0.76598823649702 0.13931169693207 0.70807256377984 0.17204839777402 0.17980314886563 0.44584418719818 0.92840495575071 0.55092266147182 0.71081769657003 0.44448645493081 0.18377049728838 0.87243421606294 0.04749611605086 0.86446366703129 0.76427466963613 0.75215168112764 0.86117337873868 0.54839771534738 0.20737673958571 0.91271344707011 0.78035602053088 0.90814703131499 0.74720920552713 0.75306920839913 0.50917334272846 0.74652771692519 0.36845422459853 0.79018181050164 0.39167710689342 0.20625114972713 0.51881577556650 0.15915629061213 0.57036786524135 0.02650167293313 0.53401864413541 0.95247169403691 0.11690408313733 0.60319768392368 0.12051441573183 0.53039913732116 0.85920657892923 0.69850260802379 0.60586796772575 0.72765758202707 0.95680206090183 0.77134522751937 0.78457984370506 0.36110919019116 0.94792922998691 0.39268874206589 0.25995099180377 0.50440350028629 0.33098949436252 0.89781512485991 0.77025066343938 0.82513867992594 0.43974931940970 0.65347340380468 0.54115309874531 0.83366693761066 0.45407602300491 0.74690627631767 0.59416134144629 0.89383885664035 0.41370513152352 0.52377738808514 0.70899737172189 0.29196895574003 0.21556200729360 0.19227971899672 0.94226006308036 0.63350759604994 0.05618357997731 0.01991801951318 0.74346266335648 0.65945109227304 0.58867637141611 0.86568920641836 0.94968164469390 0.61065566733790 0.53463371650197 0.60250383161443 0.53842613173472 0.64129082754278 0.47903094260340 0.62191354187875 0.85799857574850 0.60139936061124 0.19547182986101 0.70267241134891 0.11697893284723 0.70632140381075 0.48365587684166 0.42175826532365 0.44208646059108 0.68456343654145
0.31880022555706 0.31942617387063 0.29379939631439 0.39104652269305 0.95708412300348 0.76602075686269 0.01018092279924 0.00167728115871 0.62454755211454 0.36358496152490 0.86911866514139 0.71761891848029 0.34511130815308 0.25923671743197 0.47320168191341 0.50811279118288 0.54499432053028 0.63914628110387 0.90751557385923 0.56020892554499 0.75289716204194 0.29829455044584 0.75510539589463 0.79061784182626 0.58681625831647 0.45726225105285 0.49081899579816 0.51353798876373 0.01485957981549 0.58239808784507 0.81908987706627 0.48660582836468 0.17287728821076 0.39309752191246 0.70831291330953 0.72233979844416 0.48072559498400 0.12050004266346 0.55447051152859 0.64886567445847 0.96069800646730 0.59688092939965 0.64043916252687 0.46555441220098 0.80437405950023 0.45564818810076 0.01123693874281 0.19920105081196 0.05111133398949 0.61087282443581 0.38670856028297 0.75963068718296 0.19372201943935 0.40897627307726 0.65603350092174 0.70894298854636 0.37803352318578 0.81946668756513 0.39355214189892 0.07812477318096 0.04575143630554 0.78417114411616 0.59556524029444 0.41718580760731 0.04623980880564 0.24883560067457 0.74966861430937 0.87959293468054 0.79730463916471 0.63746038419066 0.07110547576681 0.55254166887913 0.14382226081161 0.81940946489225 0.68869269983531 0.39589415945992 0.81422293407816 0.35400816884940 0.08914441464645 0.68872855004097 0.94352937649790 0.82388425493706 0.07443425333813 0.36399985305600 0.89096031096904 0.74274729616142 0.26422278588146 0.56644903984212 0.88706122781847 0.63212958561303 0.62555120626632 0.22895758105476 0.95087460412018 0.11438397704937 0.34649754514682 0.34563849009393 0.86741545015132 0.52713669893051 0.57218313732410 0.51025739031132 0.45631433990129 0.70739483297970 0.62526972060005 0.34628591141666 0.78130249341040 0.87706880299526 0.46535387447925 0.94990886642620 0.53512763195542 0.03219633256700 0.67172812948035 0.96767853480933 0.59559705670517 0.80974343944209 0.19973670975782 0.34924577908951 0.32164728115395 0.31606713066209 0.15941056899895 0.74989842270848 0.52250636563257 0.32407931401628 0.07340137389723 0.85315316783008 0.68288422027062 0.66506128841793 0.62735453352367 0.00600347500283 0.62325496733990 0.88497092413140 0.17991287372928 0.09433103922350 0.10355650579260 0.84754796214646 0.23950238710512 0.68798619378255 0.83240993827749 0.06339692625615 0.45521696573467 0.60840503709931 0.55820391911410 0.04777359425923 0.94708047160400 0.47516075401147 0.08215370732173 0.93420776474950 0.48415200175844 0.25817260016022 0.11960121822869 0.07079919893231 0.77963724968588 0.75372308928076 0.66152179799641 0.35756812000380 0.59367975108524 0.35803085199889 0.74611087726146 0.88404980646990 0.45425280614546 0.65977725560208 0.62384530122711 0.23647115436379 0.04433022210286 0.27508922927188 0.73409597834515 0.13688904884598 0.37249565058986 0.13922227343417 0.65369132649342 0.19907337046748 0.49291058621663 0.66053687664219 0.56946393394397 0.84818840013533 0.31101002526921 0.25861937447113 0.51746545993705 0.01741495905775 0.45688448103829 0.36678546916901 0.64045631942492 0.10466065183355 0.90163441515781 0.10275734668300 0.18069024503009 0.75472805518849 0.79463084903835 0.11826434039873 0.67783057847392 0.30845873244131 0.00286168495925 0.48660238379615 0.76900036996564 0.76956424849665 0.27383196067079 0.06176676971634 0.44138386710078 0.09508548381502 0.76192238323602 0.25820925815503
0.67569248754329 0.43393908576588 0.59726016387147 0.44365834125069 0.18728572628524 0.06224747069310 0.38423440699143 0.59415180954996 0.00621557487268 0.00825406008216 0.43739839259819 0.26388135873520 0.37337689207213 0.99286559806457 0.09051486802006 0.58176130425238 0.00239862694193 0.61267796427851 0.26173391100954 0.21063563155463 0.78617251136535 0.91107398991226 0.94221094960480 0.08092451444188 0.09003902717011 0.16601834723938 0.66855473466390 0.27501508248563 0.26056463336846 0.38327358100766 0.89208605432644 0.28484829581234 0.42177348542704 0.34914890646801 0.44583891359728 0.26296363937443 0.18993411397664 0.13082076177837 0.40137042496108 0.60437028677104 0.62528289785496 0.66189452884604 0.68692179200174 0.79587959580688 0.38125139979070 0.29784030520837 0.31084676070550 0.33625522827732 0.82746740033929 0.58984406460851 0.16981687930627 0.99445548483828 0.16823373973483 0.44950365158488 0.67543587482481 0.42545239770736 0.12887326659698 0.98834359848303 0.59902245641912 0.92871677312455 0.22280727223620 0.30550711116990 0.59467308894734 0.85704121058263 0.19050557277265 0.65215395261769 0.82567810022590 0.31106221981043 0.97077284828290 0.64448985805863 0.01482676114398 0.02986574538409 0.95936065482119 0.07743336472332 0.70756084756848 0.51027323524418 0.56198310020959 0.00537149590258 0.47558820353750 0.03615719284499 0.36961730951945 0.48604071540848 0.59574801745515 0.13894722175763 0.80912150070920 0.87735313061720 0.33120073065524 0.63965368893148 0.97831577172817 0.55074547415843 0.61965731752516 0.40439189631077 0.98109609157486 0.24273381285797 0.11252776745315 0.70959320861199 0.28263834589544 0.31383771348384 0.05358549128044 0.16023531168556 0.14820319536790 0.36809495223360 0.62803000700528 0.39120105436779 0.12359275982440 0.60535859114468 0.86679422584847 0.01586438711082 0.95282345957792 0.45393047480606 0.24241686478294 0.81891199195425 0.58565531430582 0.20166795931865 0.78883239643112 0.67036827271404 0.58914655203530 0.20127709400427 0.36300963900172 0.96225294465946 0.32208749337228 0.50002920394936 0.75847309303788 0.21496609984487 0.04910328034908 0.98019300235486 0.92221931676564 0.83972690556309 0.73801462018495 0.59956424936282 0.83056983607004 0.55125651285881 0.18470916258377 0.60312817395207 0.70343143445895 0.05327282567003 0.84897708312279 0.09175625155611 0.25462221457463 0.69793191734897 0.31278386518775 0.66195886779687 0.33373819339716 0.25777133201028 0.25238206152338 0.17957263846949 0.67070128261349 0.43091186240570 0.18236322741816 0.69392180514532 0.47439886652837 0.86972779784585 0.06771618460340 0.95222183208484 0.28334199419098 0.97975872230488 0.31216145326438 0.42230434036098 0.22609958873642 0.99711246657811 0.03262421691576 0.31290630011323 0.71540709540768 0.86243725126654 0.51906807474515 0.07264112682008 0.43751346866430 0.14283619336256 0.56086455729708 0.59311767152395 0.55938270048146 0.97397989685251 0.92114586714536 0.11732409043139 0.88148244654677 0.23235590335129 0.71550407921332 0.53882243168772 0.29812442529715 0.36654365115862 0.45212487982944 0.44124793994385 0.06941825804738 0.24628376785659 0.33251518499419 0.21329202680939 0.41742712289931 0.81637967481698 0.91784998106971 0.42927188940155 0.15227696084210 0.10176076954196 0.77972038970719 0.43805093308941 0.82746865416801 0.79658338365244 0.42163255402344 0.64643497156596 0.55745980510574 0.79632923067411
0.67895986155306 0.40965976873285 0.87710646712676 0.78421968444892 0.62344808929066 0.07097681103905 0.54898735248824 0.92467672485081 0.02814083336619 0.36583761458705 0.72261316737350 0.97467978874513 0.11482095917860 0.48227981425895 0.44369391681571 0.11014483145107 0.06781727061661 0.03363445252796 0.55625394373063 0.88750191953912 0.64725482923649 0.14856000769447 0.98118510959580 0.68451984897464 0.20175334569845 0.64917795703811 0.26863421826281 0.35541759799660 0.51287318648765 0.46204698217795 0.63250763993389 0.83270026022352 0.51412201558053 0.32782805289180 0.26606776718107 0.62099871388796 0.92964052661232 0.94806324933269 0.47139219481583 0.94100470462142 0.85323666347152 0.07202078453487 0.17503158141071 0.31236995959134 0.23466462846569 0.45797380344118 0.67609120355306 0.22943253987327 0.04608888431285 0.39199078014270 0.40797641002465 0.87930578168278 0.89456191991246 0.59819035776318 0.57466025270296 0.16158238413250 0.45800335794179 0.44838407436232 0.10427932112022 0.02232167350416 0.05016073383880 0.57307448798074 0.11750740326209 0.36914809316174 0.74341174483638 0.63288835775287 0.21834094269312 0.60109470255481 0.90295583508771 0.63548566619817 0.41939249915143 0.38927651927982 0.99433406929830 0.56468560009661 0.64529080465031 0.87961326530617 0.23060684285651 0.56876011432877 0.93981921754876 0.46428127597660 0.98672877461377 0.39226542077571 0.67646433510136 0.85023911779979 0.21659522877625 0.87425128498493 0.19005571252638 0.87881133809045 0.18259234750284 0.26187903500742 0.44608316974885 0.70992278883770 0.76267114911325 0.94461312720848 0.30362095804238 0.54507321698232 0.78048824706208 0.73096148866757 0.06064472775749 0.51239512888469 0.38851627167122 0.50563114103266 0.52286791405912 0.65613902829682 0.44118239085205 0.55486018567731 0.28382301847299 0.38861925573581 0.79430036910688 0.66311486257718 0.47736061995485 0.04283904134925 0.75267416025387 0.57585175035088 0.93092424520839 0.24198989871022 0.26186503962798 0.32658704064315 0.23786055036758 0.03152679401819 0.47792762978156 0.24644584104514 0.89030286302496 0.66128141226679 0.52435645620675 0.64466918895039 0.70795533784481 0.57795652719714 0.47809273302052 0.46028872955116 0.94465096133052 0.27659578802260 0.89745702418404 0.34049152973377 0.92714356699683 0.91900959710394 0.41937878288390 0.84228906447600 0.94296450227946 0.76663477721620 0.37861427652149 0.61895166096132 0.64464966581271 0.30134715450894 0.55933372196408 0.07233101090583 0.73424170559850 0.77128922622096 0.39977825840552 0.36329224715808 0.83710836612366 0.88090369583463 0.23755816363653 0.07537834536170 0.82601185166332 0.09757752535230 0.30429121875059 0.50158961900459 0.01699225298355 0.14690349765435 0.16515881078748 0.37454542032365 0.30059549693494 0.77880913921799 0.05101847433822 0.39272645356235 0.12143131642900 0.12826441101027 0.22576318843552 0.37566433688893 0.47841471116616 0.31934342630035 0.86075569302360 0.39117349463511 0.24511527605625 0.00599047601521 0.81733028537693 0.03260037380247 0.05577816387966 0.70260241823359 0.60717021917651 0.31576925790974 0.49004430846572 0.58215682303311 0.70632974699574 0.24182450534531 0.19869140856967 0.10805512046855 0.13585613047762 0.57671442393267 0.35986274988236 0.33779018032308 0.34357488942467 0.66016259056486 0.71480573998772 0.39833272973884 0.23673932776255 0.70294224726030 0.83196299623661 0.39867174803025
0.14199313101189 0.66758564955799 0.18136282808496 0.33220166547114 0.22889344188577 0.35860042026144 0.58167408609047 0.31775389763805 0.37576529487793 0.69254818492152 0.98088276663249 0.24851623209783 0.49133250355131 0.49784739347408 0.72768104495862 0.50035708527391 0.61276453014223 0.78026889935194 0.04681365113105 0.29100857591569 0.85653589555918 0.74997500416046 0.24159202805645 0.46908804924485 0.75468424763916 0.92087480318895 0.69615657136604 0.06203056513578 0.65333813011113 0.21964473241354 0.18874376915050 0.33853839582944 0.70086317208454 0.35357497486346 0.73490355936524 0.57366291218096 0.91516822164192 0.51939819042004 0.98586904062437 0.64919869595979 0.51446990799453 0.11228363017343 0.50098636498295 0.76312969816067 0.10376837623696 0.13550824139888 0.12174367813205 0.89781700129226 0.92439920018935 0.39603834896894 0.45320290655529 0.21745198151206 0.73537884419247 0.69799264984670 0.29907209510104 0.86154640493212 0.70792863044969 0.56831996691792 0.29655680137132 0.03214683116277 0.52798802072553 0.89744269273606 0.30588100250186 0.99045023733560 0.92781235349437 0.44744565422804 0.83626289447418 0.54218654924717 0.80859871504515 0.16721014271839 0.33230328505651 0.85644520712561 0.86877704911171 0.44754309979354 0.28257453247316 0.25005107451513 0.90943620269789 0.30878143881392 0.06238260880026 0.06736815735046 0.22568281450360 0.40950226084841 0.33206956741112 0.33529587188959 0.62962952609029 0.93697918074547 0.51857769580263 0.66152818535239 0.04044018455060 0.30865382508835 0.43635542653772 0.12946021674252 0.86003228936800 0.16450530452862 0.16319270181175 0.14646242118303 0.63986698626770 0.95829373296078 0.97029948350449 0.08098946447104 0.73483225219196 0.28575856634192 0.94370931465300 0.82716666579674 0.57996797588274 0.10698057949129 0.29168511747975 0.10604913164407 0.49481803516952 0.67487362046051 0.93422687179105 0.90540665066681 0.72946535363599 0.74857498172021 0.82179979653791 0.79412960392936 0.33559939179448 0.66038707718248 0.12259611028127 0.59430058650853 0.21854131687337 0.72894396857291 0.33686213852035 0.66661612081563 0.09236627019860 0.64704106554869 0.47593667746242 0.09970488280153 0.70812160982408 0.24255833149915 0.57279850079882 0.04656717813319 0.47469675541079 0.96399488478170 0.86080959447246 0.40484073328529 0.40214660983339 0.70011520711055 0.05402680441982 0.04243385586193 0.25950668848337 0.50663179681470 0.92501821285397 0.24394071367904 0.94713553752343 0.50478768173786 0.32231470867031 0.01153957585826 0.52773511505814 0.20356822050085 0.22777617568477 0.32698784093072 0.23357265826790 0.99152955695473 0.53925663611042 0.09117067789908 0.01002911235681 0.16637072895865 0.70798067387215 0.36426019426958 0.76049666774582 0.49629522145822 0.32888843493633 0.56450816475826 0.83363619348719 0.11643325981423 0.09394222091205 0.16844713692011 0.45155971476241 0.89491729240284 0.30288276733004 0.91094419366808 0.59455942306653 0.07324568003165 0.81483960753597 0.97193719342148 0.25378855489458 0.13041776020244 0.66050137612537 0.39256006249039 0.98158668543705 0.19779007547643 0.07800000126785 0.07952576176699 0.55031854194119 0.97238460847042 0.91711584747482 0.83701451547296 0.56560137828217 0.02215070262637 0.91321279894421 0.35252770254347 0.53322328169518 0.90630181752141 0.88042320141154 0.69459809039305 0.24999611955788 0.64895656939196 0.16929665690241 0.08309490863481
0.71847653529606 0.08234471208409 0.39409538476135 0.24940130423546 0.12718790438024 0.04439549633066 0.67014323747840 0.73286346096462 0.19232064589445 0.19359180848725 0.67964600559425 0.64166716467560 0.85373044649579 0.13211520405381 0.73573094380976 0.92766366701684 0.83163534548573 0.89310439494176 0.97708053710813 0.89699305874836 0.32642945222298 0.05568255655881 0.61782233834315 0.93714588550299 0.49400091959392 0.76457715021029 0.75576896955005 0.82737346640753 0.90561910273051 0.80258163712903 0.12091364791948 0.96839000931422 0.48114425239594 0.09883871263781 0.23113902971209 0.75128372447768 0.37357307668977 0.86603178722659 0.77495047358679 0.43567273437105 0.88252317026241 0.46279325546591 0.93814029954002 0.90944300055257 0.55936424616492 0.54939230587002 0.19548979471954 0.53718990049141 0.67984572354697 0.67155923074067 0.16289421128286 0.25665447994940 0.52337621454465 0.47683447270314 0.00474307888048 0.38364135051557 0.25540566313262 0.73462116375953 0.78399588056920 0.77046793279843 0.40195303334311 0.74538655361107 0.22629392387364 0.44147841250984 0.02171780859287 0.47696418854786 0.84816875616562 0.03608112703746 0.21554642107737 0.26174049929157 0.28922133694026 0.89867877899352 0.41612504619887 0.21584855424200 0.12508414793647 0.45420880066909 0.87311980596973 0.94022614464017 0.71420057535247 0.42611480593709 0.27875180108183 0.89208971565528 0.95168802126309 0.82180683107982 0.14186800183248 0.84963003639463 0.90356311318614 0.03830595741963 0.51079018769091 0.45487619165630 0.78371100329207 0.29096630683703 0.91130755224202 0.83090472508222 0.34882496326659 0.19547063403997 0.19755030812768 0.05401044805602 0.97398205041087 0.47517057383731 0.21218101692015 0.16514984818702 0.08117284207534 0.39081406905169 0.71845156966213 0.72260025492015 0.51778221366777 0.65126173850679 0.83087319573456 0.00895663683593 0.67810879428929 0.71990713782861 0.66736879942643 0.42419102233067 0.61588618138991 0.16069146942801 0.81249481816353 0.02985138880932 0.16621656850000 0.64039804516983 0.69397109252319 0.09168333491909 0.30553481854188 0.73009370250694 0.05860607527531 0.46263629497984 0.74901111659518 0.01129022537503 0.08089185733999 0.79987230014761 0.57539455431754 0.93196122533771 0.61126712070312 0.34703443853396 0.95932380881110 0.74859597745592 0.00263674016086 0.66568535898989 0.84965724028487 0.56238168752363 0.68751014501795 0.75886367477354 0.68901204348209 0.58950689460332 0.74580536134657 0.04407023443287 0.39651347843340 0.67695570905416 0.97525341908618 0.40538783753713 0.14820438977937 0.55287598743482 0.37845385883793 0.82923202965273 0.04462910851317 0.67594868431135 0.93350235750544 0.97365380258372 0.55763136700084 0.19574786660178 0.98334916647315 0.98133694430737 0.18883702505374 0.00420690014578 0.73176347194210 0.82773783810557 0.93050067626072 0.51671155844683 0.67714798841874 0.02980075267381 0.72386186865883 0.36999988985427 0.34085263121165 0.15219838284506 0.78428860270386 0.21772300719514 0.73822087791889 0.50341788413662 0.27402432373698 0.76163393471864 0.24511785352177 0.68045888574673 0.34803162223664 0.33635390943756 0.77020702085106 0.49348398887989 0.08973766189994 0.04668401061319 0.71526649893431 0.88251498946605 0.78128407939776 0.66727217147019 0.85163612872838 0.93661621475863 0.77026496635821 0.20429505168753 0.80128414241361 0.12895731904494 0.36784278724427 0.32300507080781
0.92016641458433 0.29268410580713 0.94451987350407 0.95801022565829 0.68478474633684 0.25253672980094 0.81956000093083 0.97087785002024 0.05488292437740 0.87708821078872 0.73065765675978 0.16498682829740 0.78990667449263 0.50256343521816 0.46596267406127 0.79574885937537 0.90924188557382 0.85655158849575 0.59992779195727 0.63060163851257 0.10473826431008 0.62244558917347 0.07470420202524 0.77194697853108 0.88803988751533 0.04369375841598 0.87565116062277 0.20321247680732 0.88997659720512 0.28400378398923 0.97278672389065 0.46729620110064 0.27301356510136 0.43805507413467 0.54204191343015 0.73390094726260 0.55910409327800 0.00145519715585 0.32584582389113 0.60031890924442 0.06108111292954 0.04878267196693 0.08433085603132 0.00623516794179 0.36982388711661 0.68245705859299 0.66915397601605 0.80057227078660 0.39601554981965 0.13374184902054 0.84817122830720 0.68487629104166 0.63037765525531 0.35669633313296 0.96918270635582 0.15773626450324 0.90541863988999 0.60009474790478 0.10690594003147 0.11120447214538 0.77896209756146 0.50845485811012 0.00345161735682 0.14479608316091 0.55076509091954 0.36681306299404 0.14437689196832 0.64988575213516 0.88304299832872 0.69673814280410 0.92689923839741 0.96251926539812 0.47339144356188 0.84433744852782 0.90541084915576 0.82931145404806 0.50670364910570 0.59797893710520 0.07131237192755 0.29189658137046 0.82172285154832 0.54026606787473 0.65890205428563 0.40097110722579 0.50928873981678 0.83558740761813 0.29403453220268 0.95776851864881 0.23938593723128 0.98236178711141 0.67373703447798 0.30959330433226 0.95445846208058 0.90807472502797 0.11625564356803 0.24574516491755 0.67956721159162 0.68200902875454 0.63891787211167 0.89604250601003 0.79132319647950 0.24277765145662 0.89648249664770 0.64376136412743 0.02362668057648 0.27998797297763 0.01761746476284 0.62603135887863 0.54267954490251 0.57367070956539 0.52766146531431 0.94491710772778 0.62071182888849 0.15358271523800 0.37753153138304 0.94114253747594 0.54721330924258 0.61236980510078 0.79321681887956 0.13113516023235 0.63059986821880 0.68135748447188 0.27735175220081 0.15965049484448 0.08170666633871 0.51567575249139 0.88440736276159 0.33553212608587 0.12792769708744 0.51488762124320 0.48305538537762 0.06843282572836 0.20644092761254 0.68315423244209 0.95924056136637 0.64939587824867 0.07237191045220 0.95928625805314 0.81274155539888 0.72496066854488 0.15749147858181 0.28032084206961 0.80777678098505 0.90228236150816 0.15136340848037 0.88479510286988 0.10593647008010 0.42462079799498 0.33073821243109 0.76267767810861 0.34309638138354 0.64560183854832 0.45349263725859 0.25812381082844 0.41139404475464 0.47983053024736 0.09384542055091 0.04641273822302 0.02772795676060 0.51940310369151 0.15055392109674 0.06405712823225 0.22366072600113 0.12020435160248 0.54740063074680 0.15104935717356 0.41104536758952 0.51959471654206 0.67229699778835 0.04104556204918 0.60921689565944 0.37991371346979 0.06482089125633 0.28736137138208 0.92381693728116 0.89079368341994 0.99440748993924 0.46672441190628 0.68712560318523 0.01482819117886 0.65816597370196 0.15789784169602 0.50693481358547 0.61723565500158 0.89206143235509 0.88269493415028 0.86590482828693 0.25118688039830 0.77229383811185 0.98590758042319 0.74250757636542 0.88128586165992 0.52526203826192 0.85653469344139 0.42022345136605 0.88102776677509 0.12769524983804 0.31801355827800 0.76029698932911 0.60041975895229
0.20296054946044 0.50324966273854 0.18681719227419 0.21095427967951 0.50432949508266 0.65014956147008 0.85255359797293 0.58503980274722 0.54124243685821 0.56104534110287 0.47566809032741 0.24624619539029 0.92609300428315 0.03148107270220 0.77050853481055 0.66908265541055 0.08103153365829 0.96836662066558 0.27665919654470 0.95852532347040 0.94847195154528 0.90477675048685 0.56477485637668 0.47681717842734 0.11056772428409 0.87001314517878 0.61239431192657 0.23994567285446 0.87784537292529 0.68949752054936 0.65959745314738 0.21144404964258 0.93562922554343 0.64592248187897 0.77123014325022 0.81403499436903 0.78623846897434 0.04129949673407 0.64801758928805 0.95528522994228 0.92767816503554 0.77061961021017 0.69651514532910 0.65825847268948 0.98336363160467 0.19074726667814 0.77083281305187 0.83067662093319 0.81522119753680 0.63146558529273 0.22085840992234 0.67846738322765 0.88775747417335 0.12977891538474 0.19238636211238 0.80459054147412 0.43303758162307 0.56454663775521 0.77747281552104 0.42299851198438 0.99057905567240 0.98382414623176 0.43353631300961 0.40031229071306 0.84686359693754 0.81347940424567 0.55144651379339 0.49027533927919 0.74874134893325 0.13864937930656 0.41927542731445 0.93006038726301 0.42432458476951 0.17564928247761 0.45355229330924 0.62873472112721 0.04919591426779 0.30862009670571 0.36559562017138 0.34205925137916 0.86177228608330 0.90388600177821 0.22619730787599 0.20432868697221 0.93222713151395 0.24987790133674 0.12033274141028 0.51538617213006 0.95142240852842 0.87913519987258 0.91467359032482 0.65856072276793 0.05546441600658 0.68839219038276 0.82844994125617 0.39510327692407 0.37244501862635 0.99139687646002 0.04041318233291 0.56493301932183 0.01887185913022 0.93639057617129 0.44927888254929 0.72347033625695 0.25631745978813 0.93735293697778 0.03936558230090 0.16011176136767 0.00928455428827 0.55675084785093 0.25875772317249 0.14503161382855 0.07584543038586 0.50066034790954 0.97541445349333 0.16665127823630 0.06285812308538 0.99669530296097 0.56841401485006 0.39379505747331 0.30294857012491 0.76957273809644 0.08327262100029 0.94186019752850 0.03258267061624 0.95030084697799 0.11562287229710 0.62005330350197 0.23888324199402 0.52321341858102 0.64162857610550 0.64724849129616 0.00952371116831 0.53066853144163 0.01706109318304 0.13931121849541 0.50006479275580 0.22866760576480 0.38045451884560 0.01260273079319 0.13197193960000 0.09989395158413 0.77553122992871 0.57012503067716 0.46164546512896 0.72291783995878 0.50699160844767 0.13007023304131 0.00149924543304 0.03418180609332 0.10530515023650 0.41758707147869 0.71855560190829 0.43802829941587 0.79030987139483 0.50496014864022 0.14298681606405 0.38110880170762 0.71088917202210 0.40244856156491 0.86269839885392 0.74188174086090 0.89105499338592 0.00638154800219 0.01219341729151 0.05342530786518 0.79207132334161 0.85994317495110 0.58616260838832 0.21386351325856 0.82696440342600 0.03572337212525 0.59438959759478 0.85168796192949 0.89562019733428 0.01104867967000 0.49553690972001 0.27674520994509 0.11030474666776 0.09395651138897 0.58405395951573 0.14830586331638 0.40651178021622 0.58732986623037 0.05223298684392 0.99816669281072 0.44086891018225 0.80606915758818 0.82245029590913 0.15417371580935 0.27309631144918 0.38986296676480 0.37026830901784 0.71505368384429 0.06331921729718 0.55700978536642 0.05225648997144 0.39990349709064 0.95876055842903 0.16603104909370
0.52280668374011 0.18230895414462 0.24567472282340 0.84830761842004 0.31566688416603 0.14439236474946 0.86945859308685 0.36259463848096 0.27930294258817 0.23548614982362 0.50762973036206 0.14871398742690 0.75584280982035 0.62240192041142 0.46799128807158 0.05282491541832 0.66392360529090 0.21028144381696 0.91305138948348 0.96399503596715 0.26419763476297 0.66463010806021 0.25881585233482 0.08806893448846 0.23958403520852 0.90134456398115 0.11478149974782 0.40441790859063 0.36542829493704 0.94323378643540 0.73144672271367 0.28984341615033 0.13590420807038 0.98856290158549 0.34164176474987 0.64770917650601 0.69592115740078 0.08171117217382 0.88282839299221 0.45235117852559 0.24348782218228 0.45262639736840 0.82101473862146 0.60157755836543 0.86801985698332 0.74228501533902 0.53275847707801 0.95693838135153 0.05574988039675 0.86934801826603 0.37892935122275 0.47553636039528 0.78201811102787 0.25924987550081 0.62939673943513 0.26233844344805 0.35182313473452 0.06172102547547 0.02411982907548 0.20349941085622 0.68382105230089 0.55899184154683 0.62257546037145 0.44046141218877 0.91476522677774 0.34122659289686 0.46424683771291 0.97265023898641 0.90155727837714 0.03966299395020 0.82220076846088 0.48207920669043 0.45850514085580 0.42712247909433 0.69303451900081 0.58922450263907 0.04740482684353 0.32114811471263 0.09885232711837 0.49162943310043 0.47700357733152 0.99557010260938 0.86025051093256 0.52319932433974 0.23439668377037 0.58037766416326 0.65856890549300 0.34422612690742 0.37420300244637 0.28264790406664 0.02343307545565 0.25512614861648 0.76765706757063 0.64451001973392 0.68385946119665 0.77206095116696 0.67216522856496 0.69188894565634 0.35811012281761 0.26753524229402 0.27714765929525 0.24996893604026 0.15529821347780 0.48416201936721 0.48418529652812 0.40024280244361 0.26745735556414 0.18413354152187 0.45268976198525 0.22362511425331 0.77017277784888 0.81578757462888 0.53680412389261 0.82949909463920 0.41473132347647 0.72487899904008 0.95089483538511 0.03006517562683 0.49121979849879 0.67193096691632 0.12263052368449 0.10246437928320 0.66430493778775 0.67211053883200 0.24902033841493 0.08991175261672 0.25846194145859 0.86556534888139 0.32206164694315 0.16202737928343 0.29835725999276 0.98783050865382 0.79281913641905 0.94122871762401 0.24035844330735 0.79105638980427 0.15091549606999 0.10891799937708 0.12221691360191 0.47064126532976 0.38882827607009 0.14205429276865 0.18240345546247 0.13007172452646 0.91378839884158 0.66430967147819 0.26153333917036 0.30826158124709 0.64885319849929 0.62449895643137 0.61042959372529 0.04519051262576 0.78687528146261 0.66893426250758 0.09573987718641 0.41265044775198 0.08189614313058 0.28675384790922 0.94944291435375 0.54945569312031 0.24060146117450 0.32175568844944 0.80012607134931 0.00958559501006 0.48505049172983 0.23545014143394 0.73361878127175 0.71768733064825 0.90291324941794 0.70841758689222 0.69976141067345 0.17695869881410 0.29206214912614 0.49143117866371 0.60328140635855 0.89385090197249 0.49186805442894 0.78902841455530 0.18385822056732 0.02790659525951 0.13476214900390 0.26779869687462 0.95057951930494 0.12519022728532 0.73870090555136 0.64330505064107 0.17089778715520 0.24190210096902 0.02145606258343 0.17863618632533 0.07296305496065 0.27562938538892 0.85989299600427 0.27263812248972 0.72754255777265 0.65950407241171 0.65702641124977 0.09259465841352 0.86124779756491 0.65708471869314
0.47142404837360 0.39913039637019 0.28915787194361 0.98195587585105 0.39502971058484 0.37568734482719 0.34317091859658 0.08611517754244 0.17947986879776 0.16681617698539 0.51738450295847 0.13371762498630 0.02832906466085 0.24914184666957 0.13710647228326 0.08617590093535 0.70619745682056 0.50510915666578 0.77372494290152 0.27974348695191 0.08730540244426 0.32217944494694 0.26230750994720 0.36746805064091 0.62990443473108 0.53410750233793 0.33267289705055 0.76081000304574 0.74777413834026 0.67920861456228 0.23568036242111 0.09136449721680 0.22245429369577 0.57123578207217 0.31719824921874 0.05172319526975 0.46773721573151 0.46595989895448 0.56539006574965 0.99750841324167 0.59136750234206 0.15912970125356 0.69311261867025 0.96954558170334 0.58230764365454 0.99603023791850 0.17122281412335 0.11190143689878 0.32500050879493 0.11297984530069 0.23439062921160 0.74917162581932 0.19326243560105 0.22997556017879 0.46230472368784 0.61684887460229 0.39649046271327 0.90785608268771 0.28374509898922 0.13499625675607 0.69601744504287 0.29204545495476 0.51343762504753 0.95171973950788 0.52508058862129 0.09849178770182 0.15193762938798 0.85576570277961 0.54974432044634 0.99431200860187 0.14340375993785 0.01647541931214 0.18692708376132 0.71327073002164 0.15301900378707 0.94397730284322 0.49334716624692 0.62355710144090 0.41915936012171 0.26687774597653 0.59209292733215 0.48283883967549 0.86857624806686 0.95661539192786 0.06125093209548 0.07426440390609 0.10768211800546 0.27341685823064 0.41006751506101 0.44582122471784 0.52728290549251 0.95901188132563 0.89911722536517 0.88333637188783 0.47284498094180 0.84065529906137 0.14346858866568 0.72683245787528 0.03371666088916 0.79390939009442 0.19438463313285 0.29051431895153 0.44962513780427 0.90134883730327 0.53623008374517 0.96102726907955 0.89191148149799 0.10524511168015 0.09994627024610 0.41249710386180 0.01812047539533 0.17762330506543 0.56037126438070 0.73411528014281 0.91384748017584 0.85872254073196 0.31872858666008 0.24476249857475 0.92198982891546 0.72327802456199 0.94839877690021 0.42937167397579 0.19763123315218 0.74844032276306 0.26320151111763 0.19550289882298 0.50068540568166 0.61672762822676 0.45476909409390 0.28644121072177 0.62874636554469 0.30647814068231 0.37976845241995 0.54462826600444 0.18692658039236 0.12792982076836 0.15038244687074 0.77664527296279 0.97490875757673 0.13036807473095 0.12888945368247 0.43285424024538 0.78908032626130 0.63852272848235 0.10539273568230 0.75722150245278 0.39757480481559 0.09592941017848 0.51617333332900 0.96396272601758 0.86524902845943 0.01106222057181 0.72892371180703 0.27868883257025 0.59459446145352 0.67123589702638 0.99132188591087 0.15576946816421 0.20188754890180 0.92653003488722 0.92759961931396 0.05475782696651 0.93059022371275 0.94028903813617 0.02082862865335 0.70693402209858 0.53393468007539 0.51113088883917 0.52493632065683 0.47391258869847 0.01738466791404 0.64882434237096 0.85738910209413 0.95697604848397 0.18549552325253 0.93643010273479 0.92561641176475 0.75259841297044 0.51058525330821 0.86076664168633 0.52306178730260 0.89546254350383 0.57058933507552 0.38930288796867 0.37032284337122 0.39202835169677 0.50134812414578 0.01532885123810 0.81307519261936 0.84920549079915 0.64430754518424 0.21393406492582 0.17438133658295 0.95694095903169 0.27799426889043 0.06349056579728 0.88714977325588 0.82067192286821 0.73220524402206 0.18048141234892
0.15955307010367 0.23731008615483 0.86378599339636 0.47988757646478 0.02236220901655 0.74782416298546 0.52064523006613 0.70902240380701 0.11830519287639 0.71073237461631 0.14413078155037 0.73913345470448 0.90327025776047 0.71719344685914 0.67214644617231 0.06118063322809 0.28895085561157 0.60470018448717 0.98158051259701 0.10300312412201 0.49168561733916 0.55589818566934 0.75310605415857 0.00512766207413 0.63998841430492 0.31624355624948 0.10650306115412 0.77422614577664 0.23101689251074 0.57988786129735 0.52868571924459 0.48270865067109 0.34202181552422 0.31356151631996 0.84255577787746 0.25085749841977 0.99408383631230 0.42836203942089 0.92229708410832 0.52441601158088 0.68212167240548 0.00571763830593 0.86088701201127 0.31065741175859 0.73113310567476 0.92393162041919 0.20853414567138 0.99230357130814 0.68566723167831 0.38140681057831 0.53577852461081 0.76896599945986 0.09261499336936 0.19764381200193 0.07466950217897 0.33370674236759 0.32633928021562 0.13330636909398 0.57285121589692 0.75115243312444 0.20017377471012 0.99895990394106 0.03476008558047 0.12450996752780 0.64853005870106 0.97654107773943 0.65116192838227 0.77764421909715 0.93991732769371 0.42321691084236 0.88640126493824 0.94755975771972 0.85326354529862 0.00516136511490 0.21361726755015 0.59546784660942 0.24357180472405 0.37808252602951 0.98794262371193 0.96604151059555 0.23567781320121 0.44085101963391 0.61941722714794 0.14480396814591 0.56232405710698 0.44241873059453 0.72870809896122 0.32128955977332 0.81324819250276 0.93272051000756 0.03719277659655 0.39191288352504 0.57900753193548 0.81438424215781 0.23205374935622 0.71756319690912 0.72295637554290 0.74001254652430 0.38983319758002 0.32861518925585 0.91272046965193 0.18309291546958 0.05262561931256 0.42290342288357 0.25444573905074 0.67708881849417 0.57129814023387 0.77690428136314 0.14240967186554 0.52788260055399 0.65998286039982 0.38284523348308 0.73305138267336 0.30393356871120 0.96446369504412 0.99549341138481 0.64968081918495 0.13959457404007 0.17336482422535 0.87998159148384 0.17199138781042 0.73204445088109 0.29174540706341 0.18886542181256 0.84877355186217 0.88139701575449 0.90274353718074 0.00783505248505 0.99620156258294 0.65318118002726 0.30938311331867 0.49658494934843 0.53605482809129 0.95401610819395 0.23265358562205 0.61464375269159 0.49702265464148 0.94272675925645 0.18895112609188 0.84045750034779 0.01123936529211 0.49929312146529 0.03576899500087 0.01705438023760 0.58525643550939 0.98000801462387 0.58160801928610 0.33601235834615 0.42320080731139 0.70538131664902 0.84991658848687 0.64731316723010 0.68497543937599 0.91477997385202 0.05601835020435 0.03048186426817 0.09007324088854 0.75860745994421 0.06380040995560 0.41803076496391 0.18206428656408 0.11624768874299 0.29820914054386 0.39716393473218 0.77954166469255 0.90706798290239 0.99134132660349 0.11567971351438 0.78955044295822 0.29205410624410 0.59610997925558 0.74104610474080 0.40230171407805 0.01663814110274 0.24063742725578 0.59977193999866 0.04557223654027 0.69802879358848 0.36871688523470 0.33687564603864 0.51873186713683 0.02240004199535 0.62080193461851 0.35358085662240 0.41514124842139 0.51248171381870 0.70801226610991 0.85298125783137 0.44074763916644 0.68953668217969 0.09363099373923 0.12422120949443 0.84856449598018 0.46753291659990 0.21524909597347 0.49152307898844 0.44386826710147 0.90487665240062 0.78979216749954 0.30584336447316
0.41079944967626 0.22152432703959 0.56363089731052 0.21252637937027 0.00427838769681 0.65489120583197 0.69506432648619 0.13929502348857 0.27504359290916 0.71302151867019 0.19777261791419 0.67247158874083 0.92905703811901 0.54062226404455 0.49466793577733 0.13973112006053 0.22203241076282 0.96533084727419 0.18733417080244 0.38515827553880 0.57383116886891 0.59223181491907 0.07844141456806 0.68793546309035 0.17609553628741 0.48845474291938 0.46262958178423 0.00002368964875 0.21686903145188 0.75954049574793 0.31657279097014 0.39774331506409 0.11399671940866 0.99059697248392 0.91673929157890 0.58232364255988 0.35518830019674 0.33242143553068 0.99549738240641 0.37949742150752 0.10675443484745 0.80470128748795 0.62503394508013 0.53556488554380 0.83567758975044 0.56913751468030 0.37283769398588 0.13909294314078 0.66337879785323 0.24350731898996 0.30007914063286 0.44469452530321 0.85396259949992 0.17917364595185 0.76220292853246 0.78463573994823 0.82342210192576 0.80083912269432 0.04253017097286 0.64090184634523 0.12999803793997 0.18641412451808 0.47343371052922 0.27271959726836 0.80892566069837 0.55202339547380 0.96019416455495 0.25204642473359 0.54878301560454 0.76167574026714 0.79183813949428 0.60553278226023 0.28618797011466 0.62127683087301 0.23973582642432 0.59307027800633 0.09993194358206 0.81254763348186 0.14826137249912 0.72279947177835 0.78476815053792 0.77861129204777 0.21932793246994 0.35254079382793 0.71396206418920 0.07140353214402 0.62356210577331 0.61165920414073 0.03307910927431 0.94976147081523 0.74709671789317 0.43265784426299 0.37010560797428 0.22135592225237 0.27150614804070 0.63431672182149 0.61391707367987 0.68708608581416 0.34496522023573 0.41226007508471 0.60548083953388 0.44043817439787 0.99044094664908 0.98003660064295 0.62866707341073 0.94125139873403 0.97065665702431 0.74708947684085 0.71727442885497 0.62677140016476 0.58428782748226 0.35881319934652 0.41939843172528 0.52923893477361 0.09139464665288 0.74467246765167 0.64213516834587 0.23187092433898 0.70543182102071 0.34712874283299 0.66881340072052 0.63465391362589 0.91894778300884 0.06751264053925 0.53669165776170 0.48547636520755 0.06483006945354 0.37563836816365 0.09788448643271 0.39518463710519 0.12384759583454 0.56342964934816 0.32461734209094 0.15255330362694 0.34034835708324 0.46481792373764 0.22600811858522 0.14060453967314 0.71119550791028 0.94980929494078 0.73264541333314 0.26023625675701 0.59668899629955 0.82467310460101 0.23214299207803 0.43906135487173 0.49075843840590 0.47507267026658 0.18520929506051 0.39634228602669 0.72416260174647 0.61094011559697 0.31916776445425 0.84312664232107 0.84309489345346 0.38600094736692 0.02587931944154 0.50909566430659 0.59590462948711 0.04644535275205 0.44091139593143 0.49809407984565 0.73544523428330 0.48842845526783 0.43810407973523 0.97785714828225 0.36398770220955 0.31917663851961 0.17400605364272 0.69424019975949 0.34641876514761 0.90479458597951 0.35960647849553 0.02117760190492 0.59188006251369 0.53551856095677 0.36305228238684 0.01470320233794 0.42713810537991 0.93592093432639 0.18176324230432 0.61474982215908 0.07041752063363 0.32076806695391 0.34219097359660 0.82888582526706 0.31570110754322 0.41362410462333 0.07636592204591 0.76693858085907 0.04749699828258 0.80942594917371 0.99027577818841 0.41154624999476 0.68217200023765 0.49752245261862 0.42371513319188 0.57335841901705 0.20057104929018 0.02352442710382
0.23814100019510 0.53107479016456 0.59637635783550 0.79731405692050 0.44172518913229 0.27449346590337 0.93946602914972 0.23359375462065 0.85622406080135 0.79419378460715 0.74292569664230 0.36352056906178 0.21098234899734 0.81787726015424 0.81908563960868 0.43838368074849 0.19298529255110 0.58013226330716 0.18189062673858 0.89245955103596 0.43578191411955 0.79593036999787 0.99321966198606 0.04021528101717 0.31163141390546 0.69134687793516 0.78542996306286 0.64016675285941 0.63356246525676 0.18202916779409 0.15718224358561 0.69726950583725 0.61303650079838 0.32776669402858 0.93880366756597 0.45901474725347 0.99534963578028 0.39885524221910 0.61488218243544 0.88505009951102 0.40217441191172 0.77333074919591 0.30546482312359 0.34462713867692 0.85422487801083 0.87293848350201 0.97079937210093 0.01693303487855 0.93938541289754 0.77084057997130 0.66231714499946 0.69723116343700 0.44685654905310 0.44717071002385 0.35000859673355 0.95749164920025 0.61627359917973 0.81802721361149 0.16897121228474 0.50593170872762 0.07547338345546 0.92628711321410 0.09236509457105 0.49771749840040 0.70229828405800 0.54369801086450 0.89542779830875 0.09404068354773 0.48859389141528 0.84386757031589 0.94985568780782 0.04824479799995 0.95747753644530 0.74515891181827 0.10042116398059 0.51019787085108 0.29613212545493 0.96141348940319 0.22424311664195 0.11336050593358 0.02971689151544 0.47513823507535 0.17535198042964 0.22374683524062 0.57791558478169 0.10792413015878 0.71502828724078 0.87103823109037 0.24099247691878 0.68075238185027 0.78106440920135 0.98285849562599 0.54010620121028 0.98792424664079 0.99699956372487 0.75330520153267 0.98287990154913 0.09357609989358 0.13875661632885 0.56860142833630 0.83144577701322 0.16132148484876 0.35844155411164 0.13135399218285 0.29838814525660 0.93378238609121 0.03318680518131 0.85997452913603 0.65217147970763 0.24533355426249 0.71466614678936 0.11197076065049 0.81582927220629 0.55379170530368 0.37171476384550 0.25128144470302 0.92779694736245 0.39078711343086 0.90033869678011 0.67731553964373 0.48970635722346 0.74682972673128 0.35927277871950 0.62434627932186 0.20978745881060 0.64125396229051 0.16443717255421 0.15689821608233 0.24438079341434 0.22635904159143 0.78724493430876 0.43844957645793 0.83655190275594 0.36034380187967 0.67575435639540 0.52141717898582 0.60148834538103 0.45038195156374 0.53089679869465 0.03700465188605 0.99350806036402 0.25659718654306 0.25980888983678 0.74129832263854 0.97223049831991 0.16786139481749 0.75631968107539 0.54860798437715 0.38938917007605 0.29413093729932 0.59613145012247 0.92362546577157 0.61736727540255 0.46067525461202 0.14846815774612 0.90543676248198 0.92268175683438 0.06634037124775 0.64555938429716 0.52059496113025 0.25402420185116 0.22227414020926 0.06846986810992 0.12405018931908 0.64916951827420 0.75854869427649 0.13127157078116 0.86639274542348 0.26902075678189 0.42750904368486 0.67064244889021 0.73496478783884 0.14447568379882 0.26492532197881 0.08552867642852 0.76045447230305 0.45688940116554 0.12643204224323 0.65148714739011 0.28316445632008 0.06906080593075 0.52707894278851 0.14957315455504 0.82599541430327 0.08242541643155 0.53550991742778 0.33312583310961 0.93313861571594 0.73373473790041 0.30874539985671 0.51933072818037 0.72836184976111 0.46314535776647 0.59969562472914 0.13686876401040 0.57451929587899 0.75442864931273 0.66728448703964 0.76204129607225 0.08763772723743
0.60884150204082 0.65954228613615 0.02603584750513 0.11514891981634 0.89595223926812 0.68807730676111 0.02810960110903 0.09870566941671 0.29186928340004 0.74851001957850 0.01249982766812 0.16377220815445 0.09875560956667 0.98321894920392 0.48426514570180 0.82755438661564 0.72405713360619 0.53273853465889 0.75742939830513 0.13241703464323 0.85980351046078 0.33459112075099 0.33719884032136 0.77430176182186 0.47188877467940 0.42969251214142 0.13424863588915 0.20024802048128 0.97251160343935 0.04562756471704 0.49232341326198 0.01645475563318 0.63517681875686 0.55873685265455 0.79234438706504 0.57255020215355 0.94854966065790 0.07059338160185 0.94222556050455 0.97151146027743 0.30839888304223 0.12532925163666 0.40687064099257 0.59685947986766 0.37147487974642 0.74409014909065 0.28630479991364 0.46114233892589 0.47917776203360 0.10274713255183 0.60667818860190 0.98675710369454 0.10948652900128 0.59856977187498 0.40552016499166 0.71530962755499 0.80317647832806 0.35084069745502 0.35198825156206 0.97974377062173 0.16038270882990 0.15196094227376 0.17702388807241 0.36418414637653 0.51024444717209 0.52718718010506 0.34633269137224 0.29632305516459 0.81083134250239 0.25237997474513 0.76704994601889 0.65351650664967 0.09545879275059 0.95438969600304 0.35955477071445 0.42445520895990 0.08159052077206 0.91182673180361 0.08100067984553 0.40598805416082 0.43208443792043 0.71841943805951 0.95829536520251 0.01045614178594 0.17162227636308 0.25623202106178 0.77446130212060 0.44492684468491 0.31648065387536 0.52320408760562 0.16470051866512 0.48451514426918 0.47113572489353 0.77804993531345 0.67490262506598 0.72444594552368 0.77773243130378 0.94670498956649 0.01223597420455 0.18727412441202 0.00394597065592 0.17894486976691 0.75309017942747 0.03084338837299 0.57530397105526 0.15233119340433 0.51189759040467 0.22123069745501 0.24891261247004 0.25743859127964 0.53773176948353 0.70048265235266 0.64067042608944 0.95860802185051 0.46377940992908 0.23365833395328 0.66749666577781 0.50313432473635 0.68430344704831 0.40188436748256 0.46250878827400 0.66947996179552 0.98352158682686 0.06785843511807 0.06091779731268 0.14713982564844 0.90884878554041 0.30922484134281 0.22499305374789 0.69237585597031 0.75888097554444 0.17917643288256 0.28877107464606 0.21979675709311 0.78030524659802 0.47694858100752 0.89404120485325 0.29915468957738 0.53557007275355 0.63136591447977 0.97840171606496 0.80272529565004 0.00097863183388 0.20557838610547 0.07226191993621 0.97854208496814 0.78890017271890 0.91240828922756 0.59373769796609 0.17245974064527 0.92904131585705 0.37185971905882 0.61816586766798 0.60045811485901 0.23714411505724 0.96121835586691 0.03138192107140 0.18729892449121 0.90130681079578 0.90022914802469 0.60700057139128 0.82508690714678 0.00822775644359 0.30023819918959 0.03227650452987 0.89711811621785 0.21457095222871 0.20169321862965 0.87509928142186 0.12598957636077 0.40523901851105 0.40153211717026 0.63796216984288 0.12680177434612 0.31055670294506 0.22187664078004 0.67214390439918 0.04242641700818 0.19249224411783 0.21976406104549 0.99898341157891 0.36115707895915 0.69214981574100 0.49428213775776 0.65632759329199 0.34992765530842 0.61544507173838 0.03888569558028 0.52067427232993 0.29503808404064 0.38915395319098 0.08258684158692 0.53231691208188 0.77710478111231 0.52934576600479 0.84244391124773 0.07045274427071 0.13591169769792 0.95683299364372 0.10520853016664
0.78657603724863 0.52247315858363 0.61366514510015 0.50076654882785 0.47428528803901 0.81468891916857 0.59567044124956 0.47713535620103 0.55073826636423 0.74431276704047 0.10274058430712 0.25892886556527 0.03635794198845 0.13291482557330 0.35942692220150 0.27793890560856 0.70952400352609 0.56198879620316 0.23547129510995 0.47047746527416 0.57719822270041 0.33154548266260 0.14596797079999 0.70390521131563 0.83828108595896 0.85547178520071 0.86590726103087 0.82641304947401 0.07112200123433 0.90033460358771 0.06075674472343 0.15135673517433 0.39495220383082 0.54282791806131 0.33853675405876 0.15574395430320 0.99150927453651 0.44993014979858 0.99349611606663 0.56840432696280 0.70243194391662 0.06160364892054 0.86079277358421 0.44599711694926 0.59589326755431 0.44107694328427 0.86042525353625 0.26265349928235 0.21625623991112 0.70558127122639 0.98681804173910 0.89409470405185 0.06326729384420 0.51071650454932 0.54807497628361 0.47145142599530 0.90902973062187 0.28896248475348 0.81733864615446 0.84637206504908 0.09493093205307 0.55862337101267 0.14557584311419 0.03721416782651 0.35065553141485 0.35585088688704 0.79381958559251 0.55369134571366 0.40787092446207 0.27324923001233 0.85486208972492 0.12839018659443 0.67000056331658 0.80394013661343 0.38229830929654 0.51650715550512 0.07437078707131 0.38280525819884 0.81991005760051 0.15989138526182 0.88579786001088 0.71508802429749 0.60683535589524 0.19724138589420 0.07604744912094 0.94136634270306 0.16057445150869 0.61639050916977 0.22642439153203 0.20386380830642 0.28253090362391 0.05917413228431 0.25573023364009 0.96875185671391 0.99495632396357 0.06151931476100 0.67628290334660 0.32479120647070 0.60770126215578 0.95928275012013 0.70581245599569 0.30949519812358 0.41933115744163 0.61028073847854 0.83637219504467 0.18907236531710 0.37667546700661 0.01607551326822 0.51290095058396 0.70837009320259 0.89167852931181 0.11134368303375 0.95530217077515 0.84624434030922 0.72770301161524 0.18013575165842 0.92035448203800 0.56681706245531 0.05368086979603 0.18246348988736 0.23262522224409 0.63327961111062 0.15311164494692 0.20354819811166 0.77655716772495 0.45890567300652 0.66179173738125 0.40034905894387 0.87185343871416 0.11933647680599 0.35356925135168 0.04320801501409 0.31641747898404 0.75548569367706 0.06056012979702 0.42306638300108 0.04244520604911 0.06820096793823 0.07724522876000 0.74812341023697 0.60552796952157 0.72210014056113 0.68643114357316 0.13380346118762 0.02780070596459 0.74926890372159 0.74698925091738 0.06415312549625 0.58024325345387 0.11624707671181 0.26390457219933 0.03741333159699 0.61436340008576 0.47563424806141 0.41615189053422 0.55250349938764 0.66093796629418 0.32189369312737 0.49340067085626 0.96923641833147 0.76710294296678 0.44915562354052 0.71973911850833 0.63644891120594 0.54198064314861 0.86566030289913 0.23855958261873 0.70350541909726 0.78670004755719 0.64724103301810 0.83593344522748 0.40199186805253 0.83743368447078 0.24768862259219 0.01086953472329 0.03632620691409 0.77484453512285 0.93442848744769 0.69509805457548 0.01930181130171 0.23477445277544 0.00789129539473 0.70058902107839 0.27506003177277 0.60176755879398 0.09050948699981 0.62561119488783 0.37195836488649 0.58991749402067 0.99823497309806 0.56761491320821 0.74168141809695 0.69998742831124 0.26954250070565 0.07305206224070 0.50550094523636 0.38491042534906 0.46373643204653 0.25315357078461 0.59522652895749
0.05439329804008 0.51913830960724 0.39764844992056 0.12626185561913 0.86066985471282 0.79344371843984 0.38856571824676 0.80153842583236 0.50884797919936 0.82264460723122 0.81855728716490 0.26219681536671 0.96350061439462 0.91868171193374 0.44547775163526 0.35957961509825 0.74560138798469 0.00839975457363 0.29061684421334 0.35000846047715 0.60110430600210 0.74229534595305 0.35828278680228 0.93322595937796 0.45805212656712 0.83383995368042 0.66993923283567 0.04415143786681 0.75247275604287 0.60661874413761 0.36371494436293 0.96032786598319 0.92331137137322 0.85452739534395 0.25923899143716 0.34012526957139 0.79982840285092 0.97623310885916 0.44506853085173 0.95376541582551 0.71457630091208 0.47098483372658 0.32755014500214 0.03683061270394 0.42165014675830 0.06555768736772 0.68105131898717 0.77550527213586 0.73344467884294 0.86865521912543 0.75105345605537 0.41735785833019 0.53541514655337 0.81957809207461 0.80389067753544 0.19124902368329 0.01783161570817 0.35281132495769 0.58713331024785 0.35037374060144 0.10598632127903 0.69743524110306 0.49109490668561 0.75326779990442 0.84663728574952 0.44842310983234 0.61705324144079 0.57317363442169 0.16423395130426 0.12638883664612 0.82738582822963 0.88826935450162 0.89863845735420 0.16775543807083 0.87351302343508 0.47047604240001 0.36536380081406 0.64146063793258 0.93844103835805 0.16558952960737 0.42161866025216 0.64563837939528 0.49252892489595 0.64365608988640 0.83187904770446 0.16213898633659 0.20660633131545 0.07970813415594 0.13994481454575 0.47220328681580 0.24431030905644 0.50491536463402 0.29631251647448 0.91458801525908 0.42080979870467 0.96350523406544 0.01861676545883 0.54716358159374 0.61092874502899 0.23360501868117 0.83839044781098 0.34852525593139 0.08137792296671 0.99402577381211 0.09197560340321 0.40507716506167 0.13352415594071 0.22453750962335 0.15015853066366 0.83490416300172 0.42002464200063 0.98673048956461 0.36700422217060 0.68139943477791 0.63592081953687 0.39610485337264 0.28559592481693 0.88748686817992 0.43410823683031 0.85829429470848 0.33527421007664 0.22025539469843 0.61265848430719 0.32159634878249 0.86926113925231 0.01030486275549 0.96162049528677 0.25131785456352 0.76838596019938 0.46826824631547 0.37479718110514 0.07916174268497 0.52034733300893 0.06876374576264 0.10745047587723 0.54385681959891 0.04351141132519 0.94682148185619 0.47571473360442 0.30291018518401 0.86666494773170 0.57474576830262 0.90212568469957 0.22719872153961 0.11646702557914 0.72057199020915 0.16970384158311 0.52589820241072 0.26808832292684 0.58224172583337 0.32820831747302 0.99958211840095 0.48669051027633 0.75711188436200 0.79858757354583 0.54186257874410 0.13866049720936 0.65949514954179 0.69805732769965 0.68439619748383 0.28137076095843 0.12678758810480 0.80624732350799 0.98599907548832 0.55050116976606 0.53660323313683 0.19646922199361 0.17897444034659 0.97037704169771 0.85690672736626 0.13481705302080 0.22343396238339 0.30121067602209 0.04281679718749 0.36055738055978 0.13008980442388 0.89907261105407 0.96614003314879 0.97918656613007 0.41872599440762 0.98407324353108 0.80941893710830 0.39171367565874 0.60630897515252 0.87176011575856 0.92589024116529 0.61208904603276 0.56427955786521 0.25922056669583 0.30107322950884 0.90698527635372 0.30752029080958 0.01904001081467 0.37126119343651 0.45028902263207 0.19547312054743 0.45148412461695 0.96774536477159 0.10132586514187 0.43972521416451
0.18096126010278 0.57255334743149 0.61879537355793 0.98505843309571 0.79622069494559 0.86409677042415 0.73944999463174 0.66983773772520 0.89553103207985 0.16669617294617 0.61140424130589 0.47491920459746 0.54712151819922 0.09498649527553 0.86675956044936 0.32262056529912 0.83837070158138 0.45101052400298 0.73824547388612 0.76023326835206 0.74723515002347 0.23655877638604 0.64134270067587 0.77936965346597 0.77654600884888 0.71901487801035 0.27178442938952 0.45461973040426 0.98353300416073 0.46262748598199 0.89254753635641 0.62105520026384 0.95354315594359 0.91326739046525 0.92452982096463 0.53698777703869 0.10347967924444 0.99722355445719 0.52674495917841 0.83143789009751 0.10607111575289 0.48707149399995 0.38725947115591 0.06655584258418 0.62717341118513 0.10755797563441 0.00555579306002 0.07136073255161 0.28039844575412 0.91808793771067 0.90435756073182 0.68609163305452 0.15725277021037 0.01438353521801 0.32027911150928 0.20533484617432 0.92390921889865 0.54280662359329 0.01943633467243 0.18314101663491 0.29409645252226 0.41972888393806 0.69889267756668 0.56175398380889 0.12485449400141 0.42315521858198 0.51906648877000 0.04283084322762 0.37310488825782 0.34834837950524 0.24257887459210 0.49873432149906 0.32930892047903 0.02745851531582 0.29024422395957 0.34688502114447 0.95778723365702 0.05567836369419 0.33768503617115 0.59940356872820 0.80449203070336 0.21520284817533 0.41773179661550 0.70675777915907 0.76889084656142 0.40460955579727 0.90108314310256 0.67062917830718 0.54145264602728 0.14074186646491 0.55339101844244 0.21972509676701 0.82933904271844 0.22944347465155 0.97400534649319 0.09628768543815 0.21213420106916 0.64085613381617 0.56340188508007 0.83904854822807 0.59836025199892 0.26621575964600 0.64484187517629 0.45961237477630 0.16089243941376 0.14995927654170 0.74229422310969 0.16488146298027 0.85732020302142 0.92897574632948 0.17255727411721 0.18518178846458 0.33143655924573 0.27586055879005 0.58590891280093 0.03597232800424 0.96754047398652 0.67428884976079 0.38085192669920 0.71506643913615 0.06358055211992 0.43753056703714 0.39728363724053 0.79322549500444 0.23753529137858 0.57809757254602 0.26837668509677 0.39563688688760 0.88864274009148 0.19850622619120 0.24768021462206 0.69170986012849 0.72318043595115 0.01665593582884 0.81616356359621 0.07981096327361 0.71304809314032 0.21752100684530 0.37689410180354 0.37681892955083 0.27981207445802 0.03872998505568 0.37175178320826 0.71170204747925 0.69294807325168 0.51573595322192 0.17709364753625 0.28873163114692 0.33939908675989 0.07754976231576 0.49771781429973 0.32054644112683 0.57601618768567 0.51485120406256 0.67282524175656 0.84018015323936 0.34475711001534 0.84143480935359 0.20986120453902 0.59550902321748 0.34362570862175 0.17493168633208 0.65740506248621 0.29044290977220 0.09499915805970 0.65115738917443 0.97493909689255 0.30355220900369 0.90565310648886 0.27905688304784 0.68969673155518 0.38589594035531 0.22369036374964 0.22328724575529 0.77943203939386 0.53350101084095 0.87197706266038 0.34525928177684 0.86991254424738 0.35581238555641 0.69502097794569 0.79065203231699 0.67922006405212 0.22571699841069 0.17799705678709 0.29101969406319 0.48511416408088 0.25677818433242 0.70037043487811 0.21640559129483 0.85868032694525 0.36264034777360 0.72185800084904 0.77489595185379 0.19228674698663 0.88351367740939 0.44508410483548 0.39068417087789 0.35455832142724 0.18569753827409
0.57931503488014 0.77217533247511 0.65781369263840 0.53777879058829 0.18070488165350 0.44974757592789 0.61630306414915 0.92523817075373 0.73566749587658 0.10397958107043 0.25164288121068 0.89387525520823 0.45702691836082 0.69573154446514 0.44133377327629 0.64584439271777 0.44795497260217 0.14370891506735 0.24197593519293 0.87624953403383 0.87615755462179 0.61433521660238 0.45377990025464 0.41866672765691 0.72872551387227 0.97936359530514 0.22777178447825 0.14830905933699 0.93318688766620 0.25318311336941 0.34349239796919 0.45334236171184 0.26806413180838 0.29691923681938 0.00831386090746 0.70426837608961 0.78171179764737 0.45501401799199 0.87670019225034 0.29604907489854 0.21837236645600 0.32773781937030 0.75804830045618 0.20103578866300 0.06012333413645 0.68970077682080 0.51709677869634 0.52867733117979 0.66517979039521 0.01192733216461 0.64666309539919 0.63693173267393 0.94561821042090 0.18927064360796 0.87979953592389 0.87300049549809 0.47458149071339 0.00878163888015 0.51310903096689 0.24248022398778 0.86021113147630 0.10035321668980 0.53845138908125 0.69380009480464 0.51946433701530 0.35609441042476 0.59335201170993 0.41076918512359 0.30296312632467 0.63637422636269 0.43299276065256 0.78438601128002 0.32297969647833 0.46023332151948 0.37219189028013 0.31133201139272 0.35668436795456 0.67705271932525 0.34694700673336 0.52149984466874 0.80549692532647 0.92726125256180 0.18941728432192 0.83493901500768 0.69746278071952 0.37616512067215 0.82455130754618 0.17889554899207 0.11073768292197 0.28157755963444 0.83388513852426 0.39577439818696 0.44747615978643 0.00940308886938 0.12077989625636 0.30007613082895 0.80229013824131 0.46561709491317 0.53011473509231 0.76582090464888 0.74134524845057 0.33676588146626 0.87431558687160 0.19539377810131 0.98953247475861 0.12534317555554 0.64004259981095 0.62381433596437 0.30752657906453 0.61691774821364 0.52991092509317 0.55466702980792 0.41382957400642 0.09230257438121 0.12164898758881 0.44197282847836 0.18559222205430 0.94649174474270 0.82775106622906 0.99859483846069 0.54875246323848 0.91483653598553 0.06141129488245 0.14918742817161 0.95562672544823 0.26423914916576 0.22992880998368 0.60453711034742 0.51157870077981 0.34994603039639 0.08709012768428 0.41091355599136 0.36970655003078 0.81605522872512 0.39959668566288 0.00583757300805 0.95772193614133 0.98240877852985 0.98144520268264 0.94784518773881 0.07941696988882 0.34128228470448 0.53673750631742 0.59848681124043 0.92844787238778 0.09905655251607 0.84969597591585 0.16789775976645 0.50330884407463 0.31458254320350 0.03870295553094 0.06124847058721 0.18832340717978 0.72385179456266 0.61947986902441 0.27526607190418 0.09026257826053 0.99721822320712 0.16060351935123 0.36239364438367 0.74985285460366 0.26492922159578 0.58835349131271 0.66584268863929 0.42534424927577 0.82047974566961 0.25021003575427 0.34234500122256 0.85864645985749 0.10235127867202 0.84259541091078 0.25008510261553 0.56560905338969 0.50120533766321 0.79267918139750 0.69843854441960 0.47605291935662 0.94640579026749 0.21485777055414 0.79684635642216 0.65299497623217 0.56277427872915 0.44731235290420 0.01502571382050 0.12452053000171 0.78984768635933 0.92452415234149 0.93983046838527 0.03962148565600 0.58952325799403 0.12112995556865 0.93853267978905 0.33501166256413 0.93501275619279 0.22761457008083 0.35754798484055 0.93765747570153 0.21256762408573 0.29294202392366 0.85548628471451
0.14666346453365 0.89542367181189 0.14117991447382 0.75333597547887 0.05326012018360 0.05921631683099 0.02540227552359 0.87854637705183 0.19907611615513 0.50358756696129 0.89928073248883 0.68960459817526 0.25100743886181 0.70479383663994 0.25557442903316 0.94375953215824 0.31140451830760 0.30839068697742 0.44979969734858 0.67714932490511 0.04427288783897 0.70062157967106 0.01478562328202 0.06019176881081 0.03996533128433 0.54713407851796 0.65349997802912 0.96102623507886 0.81031059822556 0.62893174665403 0.78289779562471 0.76690899421467 0.17420609579347 0.95255163424534 0.86766319089460 0.00525922720152 0.52237915894722 0.52040353918099 0.33396513687912 0.66486666115201 0.60658074114090 0.31980831065478 0.90568967668807 0.31464454579131 0.59436686793608 0.21105483262692 0.24587966723379 0.26739983754815 0.09071379805761 0.30430846733302 0.76148198919448 0.11151813720326 0.11850696094208 0.50027082104750 0.80268407559278 0.45865975349848 0.08530223888866 0.45074090777082 0.41833316592388 0.96608136405164 0.21583456068541 0.55190641695731 0.80394748135857 0.44705908423301 0.38931067212539 0.74608863400233 0.99622019829512 0.22424842391900 0.86954124886837 0.20351919791247 0.04321173363445 0.29859533585410 0.15934869850950 0.22591153788009 0.53263153195010 0.59964836970926 0.78791331078540 0.82240811237514 0.50420870434854 0.91266546425507 0.66033593358847 0.43087211279533 0.13634168266654 0.41056631547021 0.31988265212716 0.79423203959350 0.11554307490732 0.83158942700665 0.54644241448479 0.72589447515607 0.59393779471538 0.36131926233909 0.20515604004338 0.93147803728036 0.82277509905503 0.95917591922098 0.91849854154595 0.08353999633895 0.84469607500535 0.79084013283591 0.13690506095913 0.57966062302785 0.83096398412340 0.49695567701562 0.47970981623997 0.09428841239234 0.10644588722475 0.83076493367600 0.69262089778963 0.99351560705372 0.83196074313617 0.40926772886098 0.81719129894397 0.65200459970803 0.24279138583831 0.96697944591783 0.40682802473928 0.72054983499882 0.85833929807045 0.16597158738366 0.11997671348786 0.65843181367432 0.85206308175170 0.72617489249163 0.67990705826839 0.72954610917597 0.25877619189102 0.08870494407375 0.20810361687632 0.70016221099370 0.33836002868430 0.95003798345851 0.13865863154314 0.18857206516897 0.17152384238022 0.58991789451280 0.31752754379108 0.63802396542855 0.87314211027207 0.14321696329360 0.78138087333868 0.31511701675986 0.43102540899920 0.26064416295196 0.99230137739962 0.72643570040385 0.11477695503682 0.47946940224590 0.39765189650691 0.07165706897708 0.73004325418986 0.50983980134987 0.26160299036200 0.67022379684039 0.83333325283211 0.32398602357102 0.13000318719963 0.13154509638357 0.55658450493184 0.89637798211094 0.81921837107463 0.16023089848143 0.64403643264479 0.54979903236318 0.50511580417269 0.23362556695223 0.13225386037936 0.59167034290609 0.56514237422969 0.08460527625921 0.44788507891819 0.24609994724728 0.03167170870065 0.50366418001177 0.05818890184073 0.80655551606018 0.85000647148673 0.52045571768879 0.85451342823625 0.79001019647012 0.56371174932695 0.05977595177353 0.31699278225058 0.93625876575564 0.41985006709997 0.26618735316218 0.93442084673636 0.81984540773764 0.98406867598837 0.22296913465201 0.76353804952420 0.02114769738892 0.90867162326271 0.03022815103736 0.71383964742422 0.82738620460762 0.09449002663197 0.40940287091935 0.34484351391826 0.80735635968088
0.61927128488935 0.05703793700409 0.28372354427458 0.09967172593512 0.52302015860928 0.49515010372139 0.93692939975564 0.99741051529675 0.57774200716760 0.99022335783645 0.77972017869444 0.09388767787395 0.97301054929009 0.96306294164496 0.61429341134913 0.70653136347578 0.09893027138640 0.11126132200518 0.90645270073416 0.62966733076632 0.41213617124785 0.87624447578572 0.96537150687553 0.07710237031166 0.17716544926044 0.00005633991774 0.26857973703772 0.03313679741739 0.51898846859107 0.53058015797800 0.21097351433730 0.89172559579082 0.93749262545028 0.85293271973353 0.30290741127996 0.37034456746076 0.72703582327896 0.28433390252651 0.53709371079544 0.74299110595331 0.09720450612707 0.57740088063457 0.40870595030955 0.01359230739083 0.90308824547129 0.22851620671802 0.70999196480263 0.67123642099972 0.47486241109633 0.87096693456265 0.32827394423966 0.71329042988937 0.73245741160686 0.78023726349839 0.27493965192359 0.79067001420192 0.30231349285862 0.19018149743537 0.30827494260428 0.05752850366784 0.18212283668108 0.79128445959304 0.18170427406975 0.79075556968983 0.81239870822190 0.75989213619009 0.36173539390817 0.75251255646564 0.06110389505821 0.27814395035921 0.86864958785379 0.01461876029888 0.44619466778625 0.24811612799130 0.19205849867347 0.84758921140422 0.09925586067444 0.24367133684724 0.19547016886149 0.71517978792953 0.28571806058690 0.41836881089760 0.64545519801696 0.05779878126271 0.06773164477148 0.70148781402490 0.08628801468357 0.23424026944415 0.04625633933225 0.15413330116391 0.21134733446955 0.84793274883715 0.83800451529377 0.98228030267745 0.27259898387326 0.43753989201343 0.17699682840697 0.38962524087557 0.69436783830005 0.74002159734395 0.77932078544993 0.30168978527286 0.43280536506973 0.27800763309218 0.65074906180766 0.50494493132464 0.44157952360360 0.04592093018343 0.89552316165709 0.47923016197558 0.16368530226893 0.24789785615630 0.41469310066709 0.82441476908303 0.01113182644649 0.07404573939292 0.17004969215406 0.41344290387474 0.10238508332829 0.84829912794972 0.05471236038004 0.37914051619321 0.72654965223954 0.48943881360588 0.18920518536302 0.71581314892445 0.84159352654863 0.88268837086309 0.42491077723291 0.75196315035607 0.70054240504147 0.43082475650969 0.00460141214550 0.52835931282821 0.53005271445496 0.72108175643859 0.45858792174793 0.01783155848945 0.66467519281671 0.41486582149150 0.71822768202379 0.67327166129885 0.45143327628638 0.47630810345857 0.04795502804106 0.44380053436582 0.09002930800795 0.29266103259786 0.90263610219424 0.33379204937234 0.37568219937813 0.51629089118994 0.27416918641364 0.32346906300358 0.44198170639019 0.22755214842467 0.85904180409153 0.34685242887767 0.70116021963116 0.64270468535246 0.49026623633986 0.10631861696993 0.32203625948042 0.01575261169620 0.28521338832882 0.71873394853351 0.10852235528920 0.06038117483159 0.91792263390155 0.50074779415480 0.98018075641652 0.46932529083332 0.37480321284081 0.52560656390948 0.57912816325477 0.46737648893811 0.97907247799625 0.01180513564762 0.56745667439751 0.08297316581289 0.96833184998586 0.84002818623428 0.96983344234895 0.95805238683773 0.93172527309465 0.81106821334792 0.87834721946216 0.59575205189098 0.92077383277238 0.23183550703290 0.98414729428198 0.58918659653176 0.35658226924264 0.01384451396951 0.34507814961569 0.62735134132194 0.12829965314287 0.97165763828648 0.36338205414061 0.82723125510520
0.53666028413988 0.16654715650482 0.41247126414546 0.65785901746318 0.80966568859117 0.11898841673990 0.24272615582586 0.59213175144699 0.25758720595270 0.32258079679689 0.23800424192744 0.63361301297474 0.29742515212869 0.27208097852507 0.59329024719716 0.25393888084648 0.65438160504649 0.11601612222695 0.15226764923831 0.54461211111956 0.96344054404368 0.28437461477579 0.99127439279126 0.00750107866057 0.14986629169589 0.75146995443409 0.25569104324802 0.72167512474019 0.93563268003952 0.48349168404274 0.49493161868571 0.50760806587343 0.75659281774828 0.81408958395514 0.91313327067606 0.48052932335690 0.39350083082072 0.10886440019483 0.36598253731844 0.57791868387135 0.45780539082708 0.04632833934266 0.43862818977681 0.08139217202241 0.92028376444643 0.73183380322665 0.63919166728464 0.49945683266570 0.98717087633949 0.26022713738323 0.56405627621602 0.55540636224486 0.71970275016231 0.20957921896224 0.82699331981748 0.63180704968065 0.69322836902071 0.23372950950730 0.92781893301308 0.74160914569526 0.66131429741360 0.52904354671231 0.72462406813420 0.79706223756513 0.40019855082065 0.55758132194392 0.86628286090071 0.56126538731235 0.00601885441457 0.30778495287071 0.54788559285917 0.97214235917005 0.28472442311297 0.70102653561631 0.08325832793348 0.65273568253808 0.23980392055351 0.16079322122443 0.97658646316618 0.68587670007891 0.90941338982305 0.95475120533236 0.70423277102942 0.87454069283714 0.42963452073690 0.78485507983832 0.60893114588664 0.37999581005743 0.22193906216121 0.94962636599357 0.10383759664691 0.43548593198862 0.48741491971699 0.24572555178458 0.52690196344034 0.44921031982996 0.09790875172210 0.82885601611431 0.85324433253402 0.26500162240750 0.29812667981479 0.35251372195607 0.88191249186222 0.20148514740261 0.30075893611397 0.33816397776603 0.70642742360335 0.81409102691893 0.95894365378963 0.47953596843935 0.23486259398140 0.32206842239334 0.10466036273594 0.90842147401119 0.45487410136102 0.27242085573568 0.49718284041412 0.06077970942936 0.18859548586213 0.14272534183180 0.39634951079639 0.55946417637630 0.83853306903535 0.70369152685151 0.82027831537226 0.91483741632024 0.37267994884607 0.22023703381936 0.60859890933554 0.19689087329582 0.53252027396615 0.89982135989548 0.41601445505811 0.35135347058961 0.75131965511788 0.19138517209005 0.79691507529069 0.09818296360833 0.47665775563404 0.19238480603700 0.96090081247834 0.10065901344862 0.12388675585696 0.99320401886559 0.66085321073573 0.68960027772611 0.42277213102828 0.39277835711119 0.74102604850196 0.12014649851885 0.61250349509729 0.46147857404580 0.84313389142695 0.94332935928991 0.47398837801155 0.62455072667752 0.81938583663039 0.45278874342433 0.42986244387698 0.55717457432468 0.64645130011844 0.38345493736911 0.23888795710232 0.60983423917876 0.30639074597845 0.87403609150496 0.49153877790380 0.23972101287646 0.00217931313159 0.32310873188977 0.45089445625968 0.57788876660324 0.37469414022179 0.20336870294831 0.48686197164275 0.01235933028957 0.56234495756527 0.45530637527491 0.17671473241301 0.54634193166201 0.58587724403456 0.76657155293751 0.58139956419154 0.97313941653171 0.19997163210760 0.85603648399277 0.95680091668792 0.93449978574091 0.31837492265007 0.18991989478101 0.95275182480673 0.02672045086440 0.09162469438254 0.18782554595098 0.21779359421382 0.57238943683808 0.61108311863297 0.35359293133880 0.20911968022227 0.47526546088936
0.41714307834352 0.49769124408732 0.09460036280285 0.22536056518753 0.40720553336670 0.40937747536803 0.20551794819053 0.88536384402543 0.35886601450969 0.60101160991201 0.61087455594811 0.70734696146704 0.31528802494922 0.70689873262040 0.92559173165225 0.23914565053060 0.79073132658600 0.96565603126172 0.39539508028257 0.22147679335101 0.02810889903234 0.52169350427638 0.60160515442542 0.66545865322586 0.46141433029171 0.09454004097317 0.55070665856174 0.26246242458948 0.42924400930199 0.51580269938853 0.53839380204520 0.17995106927347 0.71735725913662 0.04820036940036 0.43058391822914 0.86153442208672 0.11026230192565 0.70539401359687 0.21001100958935 0.02880630459780 0.81266906948748 0.81383534648185 0.62922630003365 0.50168362712734 0.10501538184989 0.02333282862977 0.91036264724470 0.45188115034432 0.49481081657396 0.91451281019934 0.86043565808162 0.16410154622557 0.23409061779485 0.50614885378699 0.21067055251511 0.02685680618941 0.26081899015827 0.48131663573785 0.83148121215255 0.16817904079481 0.80611720517398 0.48602449766215 0.07347676524249 0.83622340568809 0.79277862417323 0.20002068223603 0.87818230163147 0.02568000266669 0.40165863219645 0.28614071533389 0.30323865613739 0.85040863916050 0.07130985445779 0.85144984418527 0.49590576785792 0.24606864482380 0.34174078089826 0.71847304079011 0.72350193176807 0.41354169443842 0.61733496044049 0.70527626429538 0.66187472735238 0.28835626124681 0.99638618717166 0.56689023738458 0.18711078423242 0.03399276328892 0.37073010371981 0.91822038502093 0.06662284913928 0.06106517910631 0.59780624594707 0.07021971371729 0.40794804750027 0.30521233292744 0.71495949245136 0.41478186233332 0.14524604605782 0.14484917420256 0.28147991037604 0.28025840491907 0.93644165109601 0.55661428564773 0.47884547336166 0.13042663976374 0.10813914960413 0.33482482394362 0.05560343796942 0.11795679857783 0.04696381087923 0.41980598804130 0.15390705982590 0.58251047169946 0.47014089533852 0.24719516217704 0.00255007413042 0.41826317867128 0.74776472347348 0.37863650546643 0.48051021727727 0.61858174042288 0.77227798459765 0.89728522774906 0.90898930411911 0.55441489640211 0.83372964511307 0.96329869704865 0.90964802249355 0.11890759397510 0.06157104772447 0.11244488035347 0.76146326842682 0.61982590079830 0.44714376515334 0.41457327248349 0.22602040282961 0.88652270978958 0.34938754753531 0.46506066637380 0.75935972840439 0.14207695130093 0.50988609411716 0.28469785344456 0.58644908331945 0.75247982937676 0.95310819696249 0.04040863609386 0.21167921404420 0.15800012011450 0.98434045768868 0.54536878386331 0.94480432444094 0.74957979747418 0.73218806891782 0.78218687775491 0.28473906409118 0.55536285745287 0.58929543707622 0.70277565669141 0.63114308997176 0.47561820754456 0.93731742164159 0.79792437037595 0.04900735035357 0.27589842937733 0.99591352610222 0.02307708673664 0.29148000537052 0.97112526921426 0.59090620128516 0.70953884281742 0.53312122507311 0.38473922856339 0.05153227189223 0.51194251575272 0.03988016639914 0.93136223934691 0.55992791869156 0.51565778812506 0.53041450090793 0.46203412712389 0.78262836154891 0.80990388480606 0.46373523088664 0.40549225620143 0.93724483055378 0.62426518129794 0.62080120464493 0.17652616607342 0.81194220594014 0.90524560110178 0.09973328034659 0.52129191470374 0.66126175339699 0.64671050582249 0.98051437360494 0.17413346469402 0.69910835545345 0.01940737875821
0.68860071698895 0.14135996255825 0.39945095779380 0.13001076490008 0.22346436198851 0.61699444770273 0.18510871113864 0.49154255804977 0.53069304584917 0.45819427570876 0.52148772298678 0.10783984126341 0.17274697626592 0.56175952517181 0.28653934611848 0.29801528366167 0.00331639522459 0.17398421972629 0.73506095146379 0.68130282423011 0.36270409694288 0.77365206670512 0.97637425627164 0.48493504361840 0.68426794872755 0.72004176857443 0.54208025506931 0.29987512513520 0.74294432734906 0.22529760758771 0.17594869113275 0.78416624041812 0.75992282121322 0.01398068209310 0.09657348357680 0.40475010396495 0.10261661563301 0.07615239317297 0.09413599471847 0.03928629660920 0.58832409875196 0.88078338499525 0.56153831917890 0.03512196851012 0.36474591042971 0.20361678379614 0.60091288116887 0.59047961421662 0.12296980281678 0.34109570946675 0.36569955029250 0.77040101509796 0.00796587239457 0.36037438669617 0.43114386875571 0.23028337758120 0.24884625930943 0.68554207120187 0.62860881544189 0.40563008306466 0.69790894541152 0.27442190930813 0.51292408415337 0.96068252167103 0.01265611191645 0.07905843916430 0.23205098978606 0.54216225416399 0.60733859093221 0.20280616030560 0.51256726922174 0.30067697894573 0.35614169476516 0.42979851635098 0.21614810267004 0.92323028943483 0.31128704637842 0.24774828990125 0.85375199514991 0.65133525841164 0.40762602504127 0.42820523769783 0.06087494756048 0.28684964515819 0.23974079439962 0.31741851938128 0.60763560810675 0.34338854717231 0.90126302785745 0.87700441932694 0.73100055763981 0.77060182516070 0.46519146206714 0.58969481993838 0.63767686290928 0.87616079333865 0.65196412688290 0.02735130963617 0.56096720062823 0.97488832595263 0.18846128430537 0.68079832181690 0.32953748208965 0.17491149133854 0.88065780378735 0.76100177301485 0.71698441573379 0.13037026989588 0.85807817070648 0.31710152242024 0.53437928436281 0.86354698175721 0.16014660957936 0.81185895848594 0.45873890551008 0.06867202215639 0.67984857348651 0.57770546198554 0.19781133120328 0.02109267796007 0.37434585994879 0.84094465014379 0.22787775544159 0.19499706503747 0.17734951331928 0.07029398667176 0.59964537654543 0.28355134454092 0.41517822772178 0.76364088845052 0.04862788870849 0.75874702767371 0.68138029377368 0.58029099485260 0.31690373682479 0.98054357241926 0.02068864155221 0.12315252998814 0.34741604637306 0.55812529814576 0.28049984005834 0.71250881070055 0.06871748685611 0.98094232560023 0.08737752724517 0.31560841688976 0.35262625924089 0.05993655278604 0.62687643182436 0.34014144287834 0.22539138119138 0.55440778592876 0.88816515405245 0.12308264288758 0.04587426982923 0.69295165601608 0.10621310761721 0.15574933243008 0.45914925429355 0.79026453237638 0.66772157798020 0.02112245057075 0.39460386004996 0.80472418094485 0.11423329479959 0.71992624595024 0.17694731386394 0.93905791911527 0.41679868294768 0.05750035334728 0.56861338614302 0.02868905349416 0.62702314862174 0.81691797749422 0.53460638826647 0.17550148688221 0.38429442818550 0.25282618531902 0.92936158830011 0.32014188073881 0.93663016034333 0.93710243602953 0.54115255619214 0.77014330208567 0.28472636125016 0.29691739417577 0.20381742604380 0.95944048483009 0.71000760482740 0.54491200645006 0.90575902871574 0.78937071092385 0.63630882607062 0.56290755440148 0.07079440702539 0.60735083574961 0.72458088432570 0.24462016201210 0.30525763800833 0.82905450286796
0.56214655636643 0.97785469195779 0.71343637659190 0.41814039671521 0.98442616982466 0.08788357419138 0.33968601373932 0.50722170962513 0.01674316138241 0.62177441633809 0.95335890040589 0.96148063238385 0.99709414233918 0.23289833589928 0.76880948687433 0.85812710982999 0.56661143025819 0.50396978698337 0.66733395841006 0.98616774835888 0.86420445756910 0.16562899520729 0.04225366212663 0.47266249676385 0.33779443295810 0.13245414834436 0.43258980202947 0.16207963836168 0.29649715053646 0.25726960338817 0.37761803401534 0.05260321740457 0.27214184850809 0.66975138918932 0.35410302970701 0.37318427848648 0.29280812129673 0.03037506221176 0.85327696487263 0.27085964614701 0.08865405909874 0.44857650327137 0.53979444105166 0.30646551380948 0.67246977086114 0.88685987222054 0.71514493955089 0.99037758502677 0.22455210373229 0.95323205462709 0.38152749644348 0.31463432636960 0.07411588795843 0.26276566718612 0.90221176708946 0.94973112260583 0.69703918697717 0.81644977778241 0.56276545607436 0.40527259514764 0.37313516417789 0.03222007773956 0.65162817888124 0.23568672761694 0.66699402351946 0.74336688496200 0.22825526939469 0.71794280717611 0.04336010637471 0.07439860214075 0.23057594244160 0.17055790795918 0.44834713656742 0.03087910376071 0.12894563365377 0.30227884902199 0.28309836780760 0.85779937312758 0.42125699151743 0.37369327140686 0.82821959089958 0.21328003090265 0.03389065587360 0.37683664462376 0.63441692682289 0.86678928521069 0.30713306509179 0.49580815887807 0.51569539084535 0.37748327161027 0.82422332944285 0.68473817460532 0.50036599167179 0.90628069747375 0.69242849051394 0.06190983339568 0.50390587140204 0.79364952939942 0.57700181711138 0.38730162582098 0.09466493249858 0.33060900425804 0.87026825637943 0.85806523835743 0.89134833791157 0.68042132010507 0.39589958223464 0.51558145727308 0.94784138905461 0.09762459620058 0.49298847968390 0.75324482186755 0.86725362960013 0.37540765206824 0.72131203855798 0.12291424911233 0.03186825376671 0.97854241380156 0.61336431584793 0.47044607122486 0.13620739448142 0.44376590983657 0.84193859512198 0.57444467653876 0.46346148159720 0.05665818684723 0.03005300076543 0.75712801717858 0.13166906847701 0.21952133671433 0.60170761311956 0.31647038345031 0.80799845866983 0.60260003075610 0.25925684140034 0.04554716702605 0.20487611742578 0.70953711700679 0.79821262133955 0.87586902342219 0.39266391411428 0.43381996495956 0.55949016563888 0.23479063532533 0.51619357048658 0.67086695286370 0.55878412778111 0.12941524411093 0.52280965302576 0.19732087037477 0.32061138976812 0.29404252759741 0.04289807210874 0.21225595367653 0.60074718168982 0.65440057300503 0.76999491350604 0.17718817806110 0.50452145312071 0.47228598532880 0.55757597615027 0.27481540616105 0.30955511370303 0.47081204367220 0.29120667422420 0.84498043994417 0.70658019518488 0.45245259968389 0.71577992187821 0.85104346629748 0.04952583593439 0.45321630673848 0.85491824659872 0.98156755407244 0.42790683663938 0.29704513160386 0.24299017298321 0.72477453190578 0.39200916970191 0.01648290752754 0.04382314737182 0.11400126004388 0.28948348128687 0.29748887712569 0.05024607170784 0.95046805804379 0.46364051176569 0.22970756156036 0.52797106236146 0.05541731839024 0.93211325886909 0.79588181334147 0.89694226403525 0.86560274050915 0.14477274839941 0.00263459630297 0.54208089872916 0.64233187793960 0.16800108710049 0.90240048594925
0.71713624131725 0.35209826885081 0.54502879022918 0.36113744824806 0.79407656689978 0.21578206974247 0.63727214101629 0.52994530962813 0.51349877334339 0.19259988561830 0.45198736082121 0.24926411466566 0.07135332927396 0.11670474294812 0.01992977173385 0.90206804079408 0.03105130302663 0.95863103738124 0.88921243881234 0.65334338517415 0.28334559844868 0.58554534034820 0.66479459185779 0.99628524588615 0.34924739593775 0.05038727862760 0.73424409949391 0.78695931200275 0.30180182679230 0.13563686615690 0.54232445451541 0.87978664412628 0.89007610834786 0.67842620072231 0.88333837212363 0.90438202180848 0.79527703670646 0.57012794033434 0.35211196919278 0.55038131090348 0.74969187190376 0.21839042284468 0.30206546983325 0.12699910839528 0.38301431962315 0.32294022211722 0.84323008732587 0.48490026838775 0.82160421975332 0.45560293184202 0.74290328561709 0.74441733293322 0.57872149207230 0.02601130486574 0.97665781843216 0.48662956038714 0.82798282507826 0.10409852873971 0.14767167873325 0.29422439226180 0.33631319352219 0.72801717285325 0.25082307061876 0.09094843166156 0.21917783601158 0.15457961071396 0.24971779327731 0.27438139265349 0.48403451288403 0.67576275392293 0.95099566092151 0.19831060676655 0.93227105896889 0.87223602106866 0.12439940622144 0.46041043006229 0.51824160301845 0.35747831636859 0.20724085491625 0.02240126440157 0.19800901542701 0.81627127723010 0.23116840207089 0.02386466811618 0.55638252971138 0.13803583735693 0.91612849463167 0.93509404696318 0.88020750374505 0.05739267497661 0.68054894945399 0.15750481210378 0.61203760437513 0.55001871174263 0.48519803170423 0.02752161665219 0.70026467701569 0.91186582269894 0.83366122093836 0.90042273152060 0.58428039110827 0.40734182203422 0.27949301078865 0.14070210165463 0.86192353672187 0.08377600192301 0.30095125171161 0.68263240615364 0.09733126942208 0.24015108028772 0.98933934637501 0.00548332085591 0.29427380826343 0.65730121548469 0.38717266543622 0.87137111441748 0.72696602358739 0.53440214698225 0.33534440070116 0.59556337792730 0.55444738860547 0.88406105887253 0.15069171936496 0.40368427756422 0.21806965757591 0.68444197143118 0.65868453747670 0.95645415699374 0.86183562561446 0.15308090677051 0.96868402159752 0.19164005151057 0.89360480806903 0.24237199762113 0.01292193197340 0.07352875969180 0.68203030555739 0.64782762880745 0.08658748009505 0.37367546223094 0.82579048648458 0.53842236238810 0.37691951768289 0.95186304181380 0.38179283907030 0.52369663405631 0.25981726760175 0.53081085158722 0.63131372368689 0.85439383613871 0.08442384254012 0.21271672971561 0.29548798098793 0.45241169051027 0.91755887720519 0.03014427444042 0.67216569349146 0.36067843737838 0.44907713298756 0.79252967606574 0.35055651264561 0.73008817733941 0.89615046970997 0.98356932336064 0.49632664321662 0.91827198921548 0.08584176496179 0.25499718803634 0.21767672742018 0.28927134715949 0.13729828267563 0.88016434404565 0.60464610298014 0.17270260699691 0.12059931898072 0.94876326079996 0.88811354027364 0.27099829541864 0.62451552279958 0.38780197941426 0.11731309948555 0.20117075329790 0.58735323544590 0.17773405115077 0.52287362703298 0.29450942839162 0.99958655783165 0.08502991359271 0.72172075930593 0.46235396027766 0.85762585352789 0.44705663691685 0.51987189774584 0.86172969144808 0.10733323995128 0.03860625864389 0.66085262318666 0.72423715663572 0.29859254864647 0.76516034364939
0.56752753913655 0.62630014356858 0.71931604154785 0.66247063526172 0.01773908697958 0.78290584513640 0.18886311622602 0.77523520247864 0.93580762316328 0.24034199447925 0.90569235138144 0.88590534380705 0.01097608846942 0.10464790391689 0.62039794862392 0.60149036860644 0.98146712335884 0.00916054863268 0.57891537766245 0.91000216206139 0.63905236468204 0.66361658613586 0.27496741575060 0.02450096113845 0.57213986976724 0.78161523512290 0.06170406366833 0.07479353847193 0.11636151730903 0.38677198627352 0.63177249932614 0.80782846362027 0.71600848768611 0.86504434834763 0.74795772600446 0.91583156107493 0.89519580494597 0.42549978029892 0.92342533634726 0.54241236493873 0.02206425219044 0.43860198259171 0.85664852675315 0.94866276743168 0.50650068975977 0.81169150994256 0.23113636438876 0.58114188985645 0.35762519043111 0.45891467136122 0.94675645405542 0.40803908800486 0.35731111336368 0.25086073556072 0.07738657407995 0.54116217397535 0.79654902083802 0.39707862981837 0.10528032646757 0.41469467667385 0.43213770597683 0.77026333130757 0.06745928705648 0.99842164674446 0.04771572031478 0.58346979361372 0.96511334006640 0.18939983903198 0.24192330298276 0.38094190266856 0.95281751657499 0.31954609814811 0.43949461571128 0.35940552234487 0.50615424961050 0.80732936428510 0.57440755763967 0.04584925554899 0.83492434122602 0.48164193429185 0.52340889978421 0.65009472770768 0.02196666623384 0.92949230323085 0.15844471564771 0.83560734443250 0.10659170849098 0.47220701239479 0.85831140092026 0.38598337397554 0.81127970845874 0.39376007643170 0.44798742011011 0.15358948869527 0.41082882216027 0.36932631874680 0.13309327531858 0.61220049954108 0.38071591233851 0.23457428914637 0.67364654128439 0.07181003131939 0.97099939924411 0.15640810461251 0.95714806534569 0.58745394912963 0.30638869079740 0.14857985041024 0.65617973434877 0.47328200420161 0.54058123610187 0.22552326954596 0.52881198061149 0.61697957707809 0.78810620234305 0.45385144547780 0.34515147953012 0.27673313507663 0.32020869667624 0.11513586361610 0.34739204347446 0.38638376908866 0.95978715547472 0.81731319336589 0.73509466413841 0.84237961517952 0.32459678925642 0.34085722741944 0.60319118762207 0.40570881130834 0.82697379150266 0.37596435533266 0.27967792139660 0.11915960362567 0.56341797285915 0.67273394753845 0.05175340572841 0.80691401047126 0.88824058527464 0.03823310526092 0.40280399327726 0.69549000698477 0.49198197727849 0.14465791774913 0.57760017520846 0.36128567393819 0.95451901827776 0.37935669131995 0.84865455600202 0.92989894904148 0.78129279963966 0.64552819581331 0.65655744776501 0.71546021214886 0.49184962330322 0.09339706377801 0.98488762959606 0.30430533745132 0.49083540289296 0.43640950150066 0.08721834274046 0.95913303635123 0.90316707390717 0.43399479230767 0.57195880097976 0.86799059569924 0.89209774638796 0.65253092443422 0.97101942942661 0.81422451867633 0.73819854225293 0.01473236730624 0.26407977213200 0.97228365803759 0.65802864593285 0.15599843078046 0.54686517180095 0.97675915179629 0.45659671028037 0.17393858929698 0.26326492611575 0.47594445442521 0.67303878525514 0.59306155364809 0.84896641824159 0.33109767597000 0.69019610361870 0.89521404823691 0.02401939912770 0.84580267953502 0.65672504537364 0.34898881560175 0.14514436428156 0.70702598119496 0.78497326833235 0.84182731868910 0.10793006433772 0.72310476056121 0.78611800037604 0.43103713178258
0.45033078977907 0.59496102675437 0.52447932475435 0.14701006807094 0.46774439551815 0.98347262325345 0.68692582964388 0.40029913915963 0.67139299393770 0.35094391457969 0.85954886305950 0.45189910482902 0.43619863197640 0.51282621574864 0.37618412586090 0.69632562563518 0.15574902263721 0.05621341466037 0.69912312826718 0.89212534068209 0.92207381817975 0.35831433177826 0.64820545857635 0.00280192492526 0.50020516584933 0.26218625012310 0.92384076561752 0.99763709913252 0.51937536425180 0.65554676335551 0.33841436848260 0.24296976460438 0.02228238710975 0.09956530832386 0.80064664869217 0.80226803636104 0.30705369135434 0.89399838450973 0.20611605526143 0.47308074523199 0.40112549232852 0.23109096727578 0.28240013639744 0.73841274846877 0.71253253438217 0.03771406865106 0.98054346439416 0.05619243331092 0.91778007676599 0.87625022280184 0.78334135678691 0.35012396328781 0.77310541761556 0.15144187705416 0.69776933125224 0.50780454892176 0.64000192434276 0.60210425638479 0.39583157386064 0.22063799273307 0.39563497847064 0.17913460312899 0.71738303091887 0.18063341820536 0.98323191768518 0.31295469549660 0.35577402518929 0.76451293465455 0.38511520862405 0.78502951149223 0.98183499193952 0.05469129848521 0.64857237673941 0.05160074933794 0.62295570700074 0.29698594013038 0.20454067244737 0.93358141432975 0.82252020667270 0.51591979050131 0.24776617152271 0.94644380959536 0.44108229114563 0.92153227733494 0.62553261881703 0.85126890204526 0.24303238854846 0.02734867722941 0.45242436293893 0.30242497718489 0.81336623292829 0.71736202304062 0.76103914523895 0.95577110138679 0.38086610765256 0.32347274270479 0.02218290843182 0.76408264922402 0.97004648310630 0.32146740631167 0.08195740646233 0.56321025946951 0.47218509421507 0.26661909736188 0.91218224963092 0.79407157597050 0.31136964534889 0.94113905581097 0.11712648887708 0.15510210400919 0.74519664361656 0.99707813408324 0.83865703596084 0.68973508993012 0.72489124813747 0.30257806489661 0.21172335251834 0.25388764578556 0.19745986110358 0.49735163507438 0.93039196087381 0.46806742361374 0.89508206937758 0.54994568758446 0.31405519496817 0.81716251269004 0.04057867678360 0.88816128109105 0.55422740644855 0.98945354746339 0.29546779466307 0.09686509813153 0.46357169509534 0.94393963032623 0.17476532822657 0.15412591555778 0.11696602013271 0.65382758198792 0.98170911553063 0.26283108436798 0.36773368223954 0.72277574950367 0.90731808300920 0.30638893245367 0.55851291974368 0.46026602595507 0.27069468419033 0.76335149480396 0.50098371866758 0.44957382383511 0.13159583488464 0.85979046521236 0.47077489159516 0.87787637648441 0.10640249063127 0.58818578255366 0.97184391872723 0.19233485273688 0.36243953673553 0.92325550674869 0.51135434974122 0.16416498159939 0.72965984822370 0.80570857849875 0.84362901888695 0.64076651696968 0.38106395928399 0.76440591727211 0.83384882078485 0.01191021126896 0.69187527258397 0.71566984306200 0.32030214060215 0.59358417004709 0.37315521265415 0.32155694472051 0.84033607237431 0.42440070695301 0.57464494651667 0.61167058344992 0.61389805597155 0.67446377974220 0.40281669478522 0.11335342216545 0.77282810032196 0.00131562027129 0.30864491683430 0.28022473229059 0.67606863468760 0.28950219411312 0.86688623489837 0.62776131612057 0.84715450326881 0.31544551347786 0.48733566597204 0.71848401374207 0.38677201248731 0.91029883090325 0.97978826307746 0.33416874213980
0.47877188449290 0.53186016551725 0.50685114651343 0.58789637393002 0.67056133410477 0.93304964173855 0.50223983497123 0.04682016116741 0.56834707418773 0.68093923706054 0.90189313745900 0.95089480388833 0.63196259445427 0.00396239694280 0.95118341981602 0.47075898452726 0.59023691880331 0.52631066056407 0.96787263249719 0.09793957889479 0.25990157598936 0.63604386200448 0.87773930846399 0.64750901213821 0.06546422922899 0.04278782346787 0.73078749958332 0.94050836909199 0.19401398759237 0.39060970782420 0.85686996288498 0.86043273339230 0.90550321382738 0.18178812597319 0.10286152917623 0.91654913025894 0.60231466009471 0.41801208804664 0.50525998970002 0.36006572950953 0.19234167015039 0.18411705429868 0.31158311935860 0.49855234789745 0.67092772833589 0.10536439446583 0.60759166667586 0.62738166907458 0.81098348862198 0.14755598367137 0.88697147436298 0.89700331505682 0.37505657014410 0.77095635719351 0.51436734905599 0.14553645821614 0.00061978288874 0.05829753042019 0.29841216403832 0.74220562344483 0.83314961249098 0.37340681985043 0.09354246014174 0.68624922224688 0.11459225804066 0.50392767414681 0.43476648432959 0.82920840192030 0.56221213467568 0.36783273721067 0.38139930712734 0.60718399870615 0.13731590099540 0.58174224765368 0.31660036167067 0.41936966335903 0.78523772483316 0.80902226799775 0.10424867197934 0.73176226790545 0.25693813248489 0.74633269387959 0.20632332908117 0.17531127602850 0.52505647917952 0.66477572954398 0.84755476028088 0.44131581621410 0.61580056523425 0.14001286343724 0.54764921238222 0.02926305489080 0.36215139009687 0.86245967832262 0.59558510673913 0.59986244953076 0.35181699843974 0.15754466486250 0.33812551224850 0.21739177677579 0.76624637747787 0.75481676486083 0.59928466940228 0.21387788389087 0.59454253868992 0.37478912896711 0.98640288746952 0.95652615265780 0.32497486228500 0.08392368494587 0.67555768967096 0.23602362390477 0.99664017463820 0.86486037186664 0.65421955769478 0.62354172123349 0.93017724597414 0.57735654655357 0.98072308578485 0.77454418021902 0.23802644095062 0.15150197174217 0.31485003880298 0.40585070511710 0.86108514335858 0.77686725040525 0.67503739218479 0.69970444690227 0.56032594623392 0.12414279774642 0.43124547664020 0.26748360020361 0.27937881773841 0.16898343772415 0.56938087867924 0.67622476774399 0.70369827737934 0.42624152938316 0.72431722846915 0.78219216321184 0.60470225798847 0.55107392443147 0.87509659937509 0.25822873649409 0.75651228880654 0.86099948145026 0.64631196406087 0.84795610824187 0.85637067895753 0.88110597788756 0.22637180470379 0.25899791973306 0.17716120981466 0.66934381890553 0.00831439285111 0.58467634212560 0.52258477648472 0.75575300330993 0.61242497429337 0.27288500780901 0.80199520870058 0.79782767032164 0.77138100858901 0.75994539761540 0.26816579270455 0.15566297812073 0.49532202718830 0.35152462353507 0.68674312770115 0.99777464181274 0.19215514429789 0.70147755949635 0.93709013992215 0.86659847091207 0.00729892673479 0.09287672346865 0.31655667183485 0.00391921848752 0.07778086420897 0.20421531269916 0.40888591544054 0.52148294075485 0.78328480882812 0.36580902507644 0.89459535219611 0.12651221439382 0.68023981205504 0.04656073483293 0.17565930920053 0.13318458823306 0.85551356300656 0.18299922364489 0.46739614402302 0.02977000444323 0.24396849280746 0.97317638578539 0.95206826159003 0.46464530302568 0.39278838846791 0.02930179405551
0.94721490161200 0.85304133059785 0.86566706177216 0.74202849710016 0.59906081887927 0.41754144510480 0.20387255922239 0.96039881708890 0.58429830502307 0.08176924810770 0.96091674600425 0.57299269173360 0.49303952635097 0.25631355665377 0.87238555297590 0.18013249394063 0.19239199879842 0.31779425512084 0.11008904114029 0.32304424982188 0.32469409714866 0.88567022393441 0.38580810589683 0.06406981451700 0.88737663700520 0.23586049013824 0.69072436623155 0.18209452562409 0.09734536127015 0.79952941453796 0.85476853246399 0.96697182295659 0.65272240372978 0.37763918520064 0.51502224714959 0.50136530737533 0.38824272305367 0.74203324439393 0.08854561111196 0.71991396745998 0.16676204216281 0.31860073076574 0.73424729037264 0.33643790048177 0.08790593704762 0.06097659557917 0.12864990172544 0.04097885658664 0.11986189889866 0.32604632600198 0.41094062403398 0.20922380947686 0.95840917064046 0.33869459496139 0.75247249284338 0.14887529065219 0.59731502804608 0.09766266348847 0.30270542096119 0.70537920959788 0.31467548412757 0.41162201279197 0.62460493575861 0.05363821194672 0.37252921956036 0.38416038460953 0.24004176471550 0.43234662987968 0.37727055340025 0.70952828986687 0.59032274199311 0.83577565184769 0.56523641123326 0.82249231549988 0.78416630084080 0.58653471238297 0.87046959360409 0.78711992267757 0.02951122304330 0.75492047630031 0.93537924805094 0.54182037442708 0.17640178533939 0.97960285224740 0.73361684066871 0.91816871656791 0.47244238844618 0.20216197291566 0.83902179868554 0.46740034295522 0.11083715153202 0.57750286663146 0.39527295109577 0.63735677982455 0.79583195623639 0.57425769117397 0.47278245499302 0.09892208588793 0.41482567946095 0.82422646527693 0.56094263910515 0.78508570164262 0.17237445339283 0.23597182939290 0.89239881648531 0.06398662886734 0.14208541486488 0.14583306028028 0.21089737012412 0.86574277809056 0.56794258266574 0.82437187574736 0.82538313749949 0.66063032371115 0.15042232363550 0.87817115192203 0.17849445807744 0.03909867063301 0.82168815450396 0.92728933928391 0.15166638333655 0.80682701858193 0.87579529031467 0.95048589837748 0.07530650074308 0.40635175408736 0.07028393494605 0.25141891070383 0.53578102799825 0.04316737178707 0.53056009845646 0.26258971472370 0.14096766684139 0.31007970808643 0.43911972729230 0.81422659641387 0.89826948414757 0.85524782535571 0.97104793290360 0.64145122234288 0.15175443616028 0.95201343805858 0.59670786405838 0.38216876663664 0.73888979150614 0.45926498701757 0.30220324710858 0.35431759508769 0.21841481620693 0.60260422352666 0.29730677814550 0.36365289529249 0.17729348906308 0.95506607860465 0.60147167692537 0.67907980002437 0.93188358436579 0.34927844499925 0.56254777069630 0.27595389330219 0.31880718285222 0.97239742414844 0.07782123634258 0.08233220171112 0.51100527934990 0.00314831634824 0.49675884681503 0.95975749962285 0.01281800824623 0.25434356120888 0.97204682385774 0.53259430563100 0.45284250003135 0.47329611083329 0.79153302050066 0.07217268412762 0.15039104031575 0.44229441734053 0.51917606570834 0.67553584920071 0.02148512236685 0.36877788546253 0.45388447878598 0.04374078851424 0.67518602830421 0.25210813555567 0.38232543947906 0.61493945010560 0.20038568467259 0.89899181348935 0.79987135188588 0.16517142118998 0.06729173644010 0.54287938114967 0.90154301376640 0.12547962560635 0.10288935732705 0.82494485523564 0.62989383457479 0.80569407942670
0.93216878395377 0.59412519887387 0.04948558585260 0.44691974642622 0.30432953298392 0.06327677625622 0.26766341417908 0.09323574625316 0.65082618142004 0.55008651603153 0.31839468328610 0.56757714757807 0.21555952550286 0.10291698150984 0.23395746631527 0.31968049436278 0.59204054772999 0.78434238288432 0.07926144045962 0.59147598228762 0.90387214778656 0.47801575732694 0.99456024461025 0.90997793041272 0.75044376981945 0.52752942697014 0.83725169639769 0.17706699855162 0.69694164540018 0.52130236416189 0.76543896553620 0.20199866997163 0.02173486057589 0.74531658678779 0.57626841326502 0.10926061202372 0.87152505408559 0.18393901430505 0.96077937713943 0.15415981496595 0.89773396144566 0.16029599167945 0.91177839388641 0.76168684903168 0.69514586076772 0.28051741695428 0.16470171793044 0.05337437606520 0.97075867478991 0.53290238288224 0.94031239783185 0.57915842615950 0.37949993076177 0.35320919867701 0.11834930978682 0.39680681328167 0.94868713347895 0.24791303084790 0.22409578552701 0.13276526180822 0.90792571337013 0.60192703000414 0.45862862428472 0.22821753295471 0.98406024065129 0.41351971913349 0.45238961733779 0.10014747898642 0.71998675944519 0.44609704231740 0.14913088993786 0.40427597523835 0.72611476434995 0.67367291040953 0.82535724409194 0.67057674577798 0.01585377559134 0.17990037309890 0.36572133486124 0.72115756514161 0.49087240582220 0.25422997679669 0.84993679710391 0.91157845268408 0.45475930326503 0.55296897916267 0.30358466645385 0.94518531633782 0.15462755763973 0.88226824290523 0.07001699475370 0.90516739103183 0.97045563915480 0.46234233263483 0.40838722298278 0.92611365226706 0.74097113031020 0.76312849650860 0.22223710571358 0.02598574004759 0.50193420306215 0.23611932678348 0.36615501238327 0.84829933289401 0.81561587258441 0.00437874089006 0.64192329909508 0.81729807599808 0.54080276965494 0.41796464590370 0.70979040180659 0.85437802767178 0.27127611375949 0.96681976245343 0.56676226296347 0.45822684062044 0.33542678496007 0.01205829848710 0.79904513698362 0.50127856401510 0.37904828079066 0.37684551332151 0.07618507981676 0.51354855770297 0.92759679765242 0.47225713866452 0.62431888065664 0.36436060420849 0.61865146382478 0.02631912492795 0.67810490866221 0.95197575761786 0.87871062028405 0.37756237404694 0.05495381469595 0.54453187574864 0.06802723640530 0.23693196711497 0.03166621703804 0.80776592352400 0.17067504889834 0.56816517676431 0.93798119532171 0.64939781582029 0.31409246001606 0.43440777850639 0.99761703779206 0.30325229129622 0.93285784177701 0.19721582805921 0.75315764166563 0.00147554136108 0.97264448538790 0.62075308611036 0.67941434894185 0.40748962345666 0.70076736081386 0.19845175855313 0.55596704332508 0.07075739910602 0.99652200962582 0.30774648621325 0.67882963967341 0.04313967672255 0.16168772836928 0.31289809206037 0.26254463330756 0.44074438596129 0.36030464016091 0.73000837173990 0.26508377630886 0.07896232029087 0.07628900079219 0.56210015178227 0.77014917523744 0.19812279253376 0.65385314905336 0.78042157988711 0.56707347835071 0.04198733048065 0.99609150198486 0.19588993224534 0.27763469062958 0.50577819430710 0.64463870313106 0.46613638828187 0.27754643458067 0.77825447260869 0.10342392618320 0.89630719080693 0.58291049883104 0.93178769557271 0.86020077197760 0.78509310378991 0.25694339124738 0.42754898171639 0.36875479734222 0.75697846541439 0.19401592473011 0.36116399049292
0.78748244122925 0.41607138940152 0.03124431011646 0.44008657900022 0.88333757024916 0.75130499949889 0.88752070261571 0.65454008169211 0.17000054198773 0.62114653660280 0.42755066534512 0.38850003910938 0.88150278986208 0.09552163754567 0.63293886873539 0.86898919254482 0.94582035366338 0.72505621204416 0.84960806654340 0.75902777523971 0.55480815833595 0.39739443139638 0.01952200604218 0.25323506393416 0.53491864170139 0.01192021109121 0.15615113947171 0.91095629327559 0.41666264523696 0.95406522187626 0.60197726718568 0.76743662575916 0.75072562926585 0.24908204177945 0.27833001313197 0.11947855471501 0.49837837626101 0.52474287467986 0.61970623219477 0.10037763994469 0.07043184738416 0.21410120663138 0.93034802907703 0.36610614240499 0.82675689759711 0.30372320431876 0.02173283654772 0.11500271453461 0.09751467571960 0.05389411379050 0.40890439616626 0.52121333984295 0.32077317349972 0.07515588036193 0.00004745965613 0.62122885395428 0.99558097002204 0.09828167120863 0.34048132938402 0.15122552659246 0.69650533975604 0.54098364341284 0.69162203376478 0.17695861160999 0.87876288253756 0.72191634291936 0.19492465262318 0.98182741377086 0.20010283442577 0.89144674001472 0.99586849842498 0.42684237741077 0.95498000664155 0.21438772199936 0.58075104826883 0.02107508165922 0.66027470518778 0.98540352769246 0.47421853904379 0.06149679616569 0.53330046523499 0.56059988372446 0.08615461117464 0.08100657093180 0.00405519936176 0.13099098010086 0.42919397391029 0.66555725616319 0.93305862749072 0.99232323866783 0.57800774960778 0.61152694314897 0.20230767718394 0.32803351587504 0.91313440357775 0.42061838466107 0.41820141471551 0.08551798402778 0.87003661874473 0.98794078120795 0.42133939909131 0.56941240176839 0.06129658173814 0.58063051987221 0.60483419127985 0.11777522043828 0.69071307112759 0.06768980835526 0.55369451692604 0.37566015335538 0.59922786145061 0.39845344308405 0.75847737286617 0.13737981477053 0.01604322245153 0.51495563294539 0.10312205828270 0.25641194369917 0.87976771237368 0.82546166222087 0.55759832236019 0.77537829184801 0.30571419020385 0.24831557813947 0.14880242720674 0.23637657907095 0.20356304740691 0.14987628719361 0.07392903317851 0.94569498228803 0.27356654235967 0.31131224670246 0.02717101771730 0.91632160572368 0.42236052014385 0.29938284084249 0.45559250834472 0.69928173412404 0.80798514494290 0.54530147302162 0.48662103781262 0.77002940520840 0.06268210951566 0.35105910787657 0.83204345109586 0.02186352367980 0.25509747595863 0.38689524637403 0.90419595824403 0.54206732030508 0.24011817265724 0.10970968800751 0.23942424361289 0.01069920156394 0.14930798782795 0.33556774191309 0.06416086373238 0.35001760362417 0.49210105900831 0.93211884047198 0.30184433682245 0.29659788322617 0.52566264222109 0.83695078462263 0.41137481245170 0.90607313593180 0.35755685926587 0.35674283731206 0.00622790444493 0.47213905700188 0.16965793930715 0.06794006888261 0.04006645893287 0.53687661003076 0.29804012052282 0.52744339972753 0.63774622364899 0.36648447777767 0.08501350576744 0.42419543933857 0.18975562811017 0.07811525341227 0.93769658839464 0.23370734415134 0.51076920083646 0.64892991638771 0.93983429252778 0.19146022890448 0.75736819639608 0.24978614367238 0.10178859918079 0.35474506606468 0.82631934780459 0.71537915715809 0.04475845061235 0.24663466392481 0.37065479226667 0.99532575861759 0.40634407114015 0.56698529648412
0.65270942097332 0.54428086646889 0.64952929412823 0.78339028248784 0.93204134778476 0.55346980642043 0.52396710432740 0.01061475208971 0.35268074345505 0.07929392428140 0.31279495049472 0.76752525931160 0.26282049413371 0.55802177665450 0.82519817607231 0.58249461106315 0.32560467991708 0.90356406224827 0.30847626107955 0.35951304155997 0.06482869353162 0.92968772542874 0.42603824097226 0.60778365773568 0.93488189913732 0.42076522869639 0.32216432789938 0.28310032088926 0.14423063114499 0.08301943147951 0.96480964578450 0.38645860991685 0.98794030009437 0.65041620845513 0.19359397899339 0.71160001175927 0.29008457645334 0.18002841591485 0.81228288798252 0.81716168725558 0.98219068497372 0.65499441400830 0.87660222534480 0.22145021815361 0.67651153226242 0.40932559352318 0.93205729005853 0.38884117658843 0.17660833199296 0.16680421499402 0.27107565935601 0.40582644803187 0.26481658952299 0.88459618456480 0.90887431333703 0.39761898595842 0.53258102490334 0.27904896110016 0.20938918885624 0.71191221485378 0.95912700593944 0.03705250139310 0.22382681456682 0.16309885316092 0.48496002225153 0.48577299006662 0.68247738087736 0.03257531627299 0.09453972612697 0.04476389873459 0.63924684602335 0.31744226206599 0.92699848568150 0.22788331908900 0.95831868552036 0.03070800859947 0.02867369643893 0.45933387132367 0.43979236820581 0.17489378839253 0.78780933921982 0.82229830389474 0.79616912276169 0.49070991069982 0.37568142872991 0.05151435949258 0.89246168786174 0.38287894182199 0.19904086437470 0.92502462380519 0.42673311817499 0.36159976840121 0.55904346512925 0.06750124162344 0.57277785828424 0.93170237984693 0.79894557801387 0.81088220151788 0.05374960356543 0.64299084182422 0.96647664176676 0.36423735335224 0.64113326866684 0.39893602318778 0.85811270876632 0.24409119006454 0.82708721312153 0.66351272793592 0.69099792838964 0.35177667305630 0.91146515798590 0.28592818200780 0.82351755562905 0.28846111831430 0.36232127044976 0.71864064944927 0.43454719539619 0.24180672043200 0.56330388027546 0.13670608200371 0.75423885371607 0.15003341284835 0.94920281674198 0.54167067807230 0.49115079654599 0.63023492401228 0.25442351684132 0.66665425848311 0.80211345633677 0.04361732465159 0.81820117037100 0.81160199384486 0.71084154559916 0.65509243197501 0.98453047358563 0.66040774917434 0.18873981801409 0.60346160642561 0.13648423783757 0.37637869035834 0.24754801076175 0.08337633057030 0.42962230550837 0.89992868268336 0.54470246737387 0.79920533791899 0.98779204968817 0.72846776590123 0.48859700598892 0.01070823455525 0.73083561407234 0.41523893017930 0.84258775033700 0.44819811067104 0.90619170603472 0.23307966932936 0.68893999009121 0.51944007628180 0.50561323861085 0.04287455870246 0.20325632410683 0.27565753880531 0.44252552794719 0.03293985367438 0.10419240132122 0.92768007137310 0.35160348455553 0.18457113785149 0.96883589307470 0.33597910347173 0.40857999416478 0.31586722643689 0.80039435588737 0.12522548576411 0.82034960161168 0.00407965665820 0.83417323870695 0.23419415126291 0.76150655061510 0.61863598425223 0.99874927150272 0.57509054716797 0.13726338279251 0.85388004690646 0.64939415414859 0.54045696699584 0.38491944353643 0.78110970628017 0.54117451328920 0.95999026395636 0.31535665129124 0.34314759833163 0.53670669661168 0.48632167225852 0.70331222952129 0.03249351643986 0.72041475873593 0.06818454634631 0.91452049681451 0.64021276971010
0.77049563700736 0.63805500933920 0.52812778372547 0.42119815256856 0.64121701087626 0.90827113763731 0.11413118342324 0.40047052974179 0.75146400317707 0.16666810696272 0.66143763987841 0.53143831580929 0.48159315355731 0.45732245031737 0.26210008194909 0.25115717768690 0.84901525395813 0.94017478586930 0.48785033999466 0.43488274318758 0.72880168455992 0.65888319245781 0.80824970112466 0.70126700604774 0.10996932128681 0.30958170280680 0.60958820745554 0.17501755063183 0.11410872815032 0.95335337789737 0.57892281104529 0.57743026454365 0.64462973562304 0.40003237843557 0.27236201622657 0.69640449241385 0.49551612595051 0.19602435770518 0.84305088489753 0.00605180584332 0.94644828258522 0.93601573548233 0.07008418453574 0.75600026736429 0.59686995414822 0.31297605121625 0.74066471014596 0.09073725845681 0.88523104020855 0.23911009228633 0.22807067655324 0.23393997005469 0.31646373417675 0.29931859493774 0.44031629286969 0.35981024531617 0.05965858304385 0.67735091679092 0.91547299006323 0.33492335915023 0.93837763160044 0.00874064447148 0.02078416066390 0.25638670615658 0.00180557806089 0.32449975407589 0.91616255778157 0.82301774413206 0.42526552390206 0.69676487590419 0.48220606534783 0.33267646734179 0.90169849742758 0.02275015480605 0.66481143724478 0.35606777523386 0.86556947909755 0.43949122598290 0.97680426854681 0.00367797730435 0.73039603320185 0.51485290872624 0.30374515544983 0.20194554660724 0.89036326728487 0.55995291183677 0.04674948700059 0.79514836463457 0.33582771258289 0.23040086044839 0.36286562298509 0.96552535209348 0.20595965530375 0.30522034740845 0.09739676952485 0.39089844274782 0.65836943353975 0.83546523691315 0.50768596185949 0.33691029108579 0.91376909546844 0.94899638306622 0.16683697104898 0.15668160766310 0.83682801827917 0.61934454804998 0.45610586292698 0.02848399816763 0.92135568488115 0.67310877170283 0.80874074886996 0.91409639792078 0.38312967707228 0.80135194346964 0.26071224250871 0.34342424943558 0.84037767867405 0.79253484107842 0.32557910909189 0.95984560424945 0.25115661532648 0.78568496885536 0.48836738934148 0.73010339988921 0.84160108750270 0.00480413536063 0.15127422886758 0.77784052723875 0.48429515674523 0.55775129284192 0.91971297728961 0.34012169633152 0.46865291977921 0.47996741334999 0.72005912246104 0.77982248956057 0.32088479078039 0.22065698214312 0.14479626192730 0.24925765678058 0.18859566866445 0.40602515724279 0.85160278288957 0.87936964164116 0.71347915326082 0.73245035361563 0.00222837906051 0.80160742099265 0.04460872857530 0.14343365486672 0.47282760289298 0.41302713130903 0.76461791842712 0.10458594167258 0.79422669793495 0.44955430017141 0.42032844681572 0.16175085708353 0.64834136184043 0.77086477387881 0.68744336192103 0.43172510397830 0.14560199583734 0.50218922306362 0.03595418459082 0.61571078276175 0.92603093840125 0.45126103034136 0.10727136818731 0.74368596224227 0.58454302284226 0.52872353051297 0.27040441992402 0.60538181018920 0.09331896012301 0.81292116319103 0.01549770112488 0.08730510087898 0.20557093406563 0.31357089887479 0.72997823081823 0.45061044707119 0.19382210795717 0.12766142434113 0.34380326957721 0.27731451061341 0.11610181305518 0.79467698611788 0.98548228775033 0.93388657557005 0.78000158705150 0.52538451259768 0.86100133917668 0.93873417007436 0.41464851159270 0.23118096030389 0.23756190268879 0.63733858564814 0.55661887426120 0.99071889207987
0.95470868907591 0.86258739147910 0.87441001053578 0.63753617317482 0.94657102281788 0.01506345810927 0.11766400010738 0.29480640247236 0.14506529580817 0.07872006505679 0.81751807914064 0.56963809056866 0.48841905600408 0.06306300442979 0.33303589368857 0.79403182828055 0.37151578010067 0.08380713064316 0.63134944650036 0.92305328363824 0.10532947705256 0.84383422403102 0.10281218484323 0.71287713131199 0.73090065364120 0.18008923718740 0.40520410649402 0.89659784971723 0.45243881462059 0.80395931563184 0.37473083115475 0.83527070739264 0.57907348387190 0.93521851657791 0.61041942652427 0.49592301463641 0.67444477166398 0.78245505006829 0.26115767149158 0.81614791817798 0.85433062499040 0.08489670566863 0.84005119070927 0.28638564834977 0.62164158830935 0.48213975802128 0.44404043171523 0.49889410255974 0.72267167592783 0.62960882089812 0.44368063213757 0.68481602915787 0.06089119000828 0.27440028677047 0.34212247138857 0.22557095253665 0.98409436431489 0.17405377717861 0.88950632993422 0.47424603012840 0.69982616979460 0.11822550104735 0.45175062527825 0.38448093350239 0.74233723756121 0.67946528381797 0.82101306417086 0.83498240284006 0.23680690699127 0.69806213326098 0.75790952371484 0.75828633117249 0.79019255891754 0.83832223595139 0.02524687396687 0.81344009668772 0.67515136099359 0.48097775720888 0.48450207625569 0.37883418959709 0.80177241487950 0.72762082533595 0.60701521009507 0.58211869110579 0.71606670808199 0.23732106838974 0.30553093602638 0.56892743579664 0.76763259291057 0.08556979764660 0.94470113605493 0.59337744518709 0.89661383787373 0.10592295718591 0.08896735406343 0.15069304715862 0.44442507715254 0.23773293329865 0.98869204251445 0.46398522402118 0.35820339723167 0.05725803748634 0.50829542795345 0.76773397947502 0.17021168947434 0.58097995157502 0.10750784667599 0.98720649388416 0.04846851683714 0.33749779182181 0.31094457893658 0.68832284357690 0.92287430337765 0.94258342052164 0.56972189905222 0.18147076870009 0.21556266136677 0.58118637034255 0.58001366710514 0.65750732650355 0.68263159338744 0.05783595540265 0.49933292077157 0.18678989529620 0.62100229070024 0.92063047414249 0.20540302087862 0.00762830387107 0.88766505586039 0.41170443832198 0.94064216578608 0.06115108346180 0.87479401578550 0.99396988535755 0.41130326211438 0.56792194723635 0.99905148755593 0.44036575488262 0.36915598422805 0.46028683273674 0.14830480775822 0.45962270425082 0.46256548605089 0.48339779666028 0.52681471824427 0.12784847479085 0.10572005684393 0.76052948152354 0.20367982518992 0.02646379944201 0.69828485367810 0.53523493351004 0.25347595028686 0.76363095844560 0.96143038380376 0.58610303801691 0.44993785186660 0.68088034780794 0.96170810332995 0.51481149401501 0.07457349502607 0.23813842551839 0.36660677765619 0.83190757824581 0.18288563970811 0.62635466820567 0.58918314754827 0.17967547888238 0.75527377515528 0.07502865118221 0.04127983110104 0.42111568586009 0.33493929202976 0.28934183881976 0.88585283173254 0.30162107649644 0.09319381974665 0.93772199958241 0.35180715476768 0.67940945501014 0.27665136139525 0.78015723495267 0.07689889324768 0.65758723090948 0.17729023043990 0.34965503682553 0.89295399980251 0.67796665312347 0.59947163102024 0.82336388059929 0.32422267763102 0.55213879686996 0.31832193179273 0.95548216741433 0.75066828938747 0.79533630885837 0.31729117281015 0.08217050068730 0.82366276420326 0.21449218478605
0.76486184496062 0.52400160337702 0.62343389725694 0.24001364654475 0.35325486078706 0.11302127159250 0.97915437180941 0.43646748410923 0.84086644035564 0.77652768937065 0.35462719858191 0.35991770294914 0.12438958105705 0.41337422993223 0.09273509560419 0.75634359800254 0.41281223813409 0.51282383387536 0.10280931335332 0.30246635804191 0.43757173724509 0.29469619553547 0.38814636787520 0.58868199525829 0.93145325944570 0.95213678532398 0.96959420777466 0.29418070678842 0.11131527101862 0.40533623112288 0.19070992659004 0.93719325820880 0.86784331722926 0.05448804748345 0.12609885501368 0.04675537817151 0.03037303828423 0.12948182276073 0.26835892652178 0.72921479407409 0.40605580802040 0.44745811322054 0.45641490190685 0.41433790512952 0.29574166685936 0.52000038402807 0.61523599544632 0.42096422993546 0.55010402583351 0.11848793297621 0.01751239521633 0.89289271491122 0.68581564730981 0.43204913210802 0.13030458542836 0.09234948394532 0.15784113011062 0.72499007748876 0.31151087910370 0.33249983958010 0.11215236863711 0.84223232166620 0.09995996116196 0.66483094444228 0.69246435415690 0.01585635994855 0.84480553280596 0.18877344536149 0.25648830442810 0.34630505733967 0.04751363003843 0.11176856654564 0.62803760972095 0.91628650550927 0.25122574187691 0.08818648841444 0.47765789431353 0.22442835409328 0.90563214821151 0.55744486315867 0.35610835763278 0.81352311579694 0.68876657302470 0.56136346880715 0.65036676951601 0.22150355704912 0.42528286713958 0.16308787520954 0.31239950676324 0.09582549320447 0.54530099089011 0.74533658048224 0.36805227624602 0.95098515091617 0.96703389745936 0.82511745901896 0.21680361051639 0.11249111796852 0.42352497730367 0.68270933981150 0.24693826974023 0.08312621793688 0.93757946370100 0.31746975828822 0.07704713044721 0.63613570394705 0.11605911058451 0.62245322701806 0.04846548902581 0.33024515494895 0.69859243738795 0.04279827685030 0.46342223674196 0.22922551748812 0.89753019993564 0.43111394612636 0.36987364739706 0.12082569963504 0.74668527967231 0.31999820549884 0.79585797205480 0.49744781359415 0.33845632437763 0.83932479122498 0.12864650432794 0.70986767472223 0.23109975397418 0.55801105666401 0.70462251373475 0.95541820864195 0.01801600339874 0.64043188901843 0.62536267593598 0.52497295771631 0.81508222261966 0.82353302454142 0.56309297591697 0.31266874714261 0.97703567310411 0.17659503579826 0.19169251742079 0.44518449184288 0.51645117853981 0.16776916402878 0.43617135660985 0.73662822961005 0.37092888316335 0.90293734308637 0.77607196963495 0.52161829740804 0.32456976415059 0.47799284588869 0.37631895965959 0.36643813513806 0.21078409415993 0.18006931014308 0.75010371191514 0.23002431587818 0.03792957763175 0.66425854041092 0.02839128973766 0.85780222717500 0.16902463617651 0.02954077225357 0.02915589202525 0.75489060210437 0.18907420577176 0.48437826030191 0.51041209925351 0.37167842699554 0.53294340763191 0.61160178069510 0.06537280675934 0.57212887427413 0.08602471272704 0.46548344133377 0.59081263030927 0.66465941690549 0.34565438338005 0.42244861221490 0.95196933186505 0.47049883800723 0.30650867022582 0.57936390487660 0.83528807207701 0.01175584682324 0.15912104558799 0.66363180690821 0.18610336200316 0.04668497876651 0.84184244324902 0.54016568663652 0.61981085085055 0.22406361947335 0.00015285001305 0.73787172501638 0.24362047410166 0.28596266687802 0.85217840078827 0.32593294514270
0.33096781087711 0.52345686135870 0.45478750589369 0.13249339743308 0.50108513450986 0.38179633839541 0.30382608790582 0.73483307439064 0.67922197732666 0.36920107574727 0.43158290361301 0.58543903447470 0.34809974233695 0.95406162806414 0.73358557156158 0.15299420496964 0.49778657361541 0.60851544123492 0.17847072778620 0.05012552576834 0.13893025871392 0.53377971321622 0.76635846855565 0.93571965072255 0.63670929228796 0.57909510706851 0.83299950191914 0.66718713505476 0.63846903500405 0.76332688448116 0.47671157137180 0.80134955919363 0.58896874892295 0.43442296799811 0.13579255950201 0.34684123306274 0.29500056129282 0.44677196680608 0.80725530526441 0.02353929403083 0.31434178865179 0.88590067494862 0.20767627595991 0.99070796416170 0.33229013491825 0.06364296035484 0.74052568091763 0.50942098313640 0.33660582959344 0.43458868916598 0.69196569951674 0.42656485536424 0.90817436967413 0.72793216253687 0.59425435167614 0.37729472453031 0.27722800438007 0.71461268808513 0.60720147811653 0.65914001515076 0.53977875271138 0.74510914109526 0.79246500110078 0.83140812675846 0.39595908303110 0.02522471597187 0.61591474286414 0.26355885379513 0.65811368035573 0.25440312491710 0.03447610718762 0.74130508218253 0.52020565465481 0.92424009414421 0.89210431509149 0.70183489195947 0.63253804231340 0.74059979204752 0.20553341270639 0.62497216530417 0.87158976921999 0.77853550820133 0.82226829930247 0.48756271533672 0.13147668402474 0.69297882321256 0.18226254809457 0.85580793452458 0.08814532928620 0.60167909024817 0.62293016901627 0.72338593131173 0.13913315658294 0.12286584454429 0.98803446181294 0.06376769162141 0.74092309308598 0.59654144211327 0.11951119744899 0.60723073926691 0.57356299907333 0.01225273638375 0.94963928780238 0.13435004923603 0.19799661582371 0.86685729855116 0.05436139109723 0.81233108105814 0.16101312010587 0.80877639095465 0.59185361233464 0.28815807080063 0.11777602554169 0.67072748474514 0.55116928731534 0.84204779466462 0.77146912393677 0.45237476022203 0.59756993383147 0.68075513471399 0.88718480297539 0.54719792531576 0.12084911732326 0.06438243164783 0.22455958241109 0.45609010863027 0.07244754287640 0.44142260388647 0.43048633442797 0.53138929989118 0.80562489509990 0.50494193537175 0.57622113161619 0.88643397912931 0.64590592349358 0.14800323907530 0.39373000053023 0.62684530899827 0.97247056808291 0.59087785658717 0.44998422820800 0.38640200874125 0.37730702929942 0.48037229529214 0.11190863436067 0.70850680852973 0.41708963767907 0.38339957157554 0.96307745463372 0.51837186922561 0.01149586849460 0.15324800296458 0.27244826220073 0.46543197919307 0.33566990624350 0.33383408201246 0.81151625292986 0.12389006360343 0.76659424772224 0.49182208080557 0.19228738983725 0.29610158841135 0.12253558608946 0.26689683471734 0.80279795418300 0.55265385605865 0.17390456149314 0.97450810216582 0.29326904192471 0.04609487227097 0.61669682124026 0.42598269232427 0.59539334268765 0.07499153047468 0.01706113723237 0.26910285415802 0.75650084983212 0.08190249474321 0.97904067079587 0.37346685891275 0.75344374305426 0.96650931170806 0.32348398243063 0.93660099553610 0.46202704379184 0.65174045388644 0.66471573682137 0.78561464718015 0.16348420003334 0.54729597603850 0.30965441342118 0.04640630800463 0.39584564946904 0.45027696397671 0.38716095278070 0.79280910978445 0.11838919017491 0.88507122627918 0.13442153760647 0.17698569988408
0.48550424499863 0.98451731372779 0.34754932421354 0.51574375739782 0.51284465576550 0.21231627071355 0.24842960594391 0.86054281971316 0.26581989512577 0.83368342343163 0.40229250563133 0.30457606520516 0.81926486758514 0.24498585080583 0.14244501718699 0.87451902778136 0.33432645857831 0.39982224229656 0.19347048330889 0.02309721665272 0.61335990831195 0.43358209426680 0.23713954612630 0.67549369428096 0.30268037881626 0.09357397910838 0.62556647212105 0.98768957654032 0.86317867063768 0.82101091951811 0.50885666895183 0.70796898273087 0.90562767451666 0.44522849728805 0.24007853476836 0.13533567436235 0.90746589451848 0.64847130602299 0.46899213036944 0.48423721074342 0.31477389465658 0.90534214885274 0.12872891458658 0.93379559113127 0.67786095824033 0.60962055490818 0.43421662157013 0.25979886394380 0.01193480256911 0.24590203419436 0.69104942632537 0.93947136478430 0.88898505089489 0.36380500184945 0.25193983591341 0.01022021407158 0.27914443505836 0.42797168233840 0.52561642071877 0.50474855968423 0.81760469985484 0.45272239206484 0.07275010149198 0.82798533295878 0.85694743218802 0.28582896994291 0.91192857806845 0.80864923385271 0.97957321937088 0.69995534426428 0.27563939521253 0.84333216010925 0.44751711714733 0.06119915846180 0.14678335498848 0.23858250350244 0.55143096557388 0.13929782382233 0.52877325044414 0.95683659707709 0.40223812938660 0.42521053441202 0.21197868749541 0.25345417899307 0.79857817220162 0.42837918579349 0.67494085213375 0.17367778914690 0.39927465008708 0.99596970448766 0.42351650422635 0.01828107321829 0.62204494608112 0.11426427342389 0.60904662773447 0.95364710965533 0.57872336257219 0.94198813054712 0.23252827277186 0.08241901492185 0.53124898312847 0.71870351393547 0.97823290059029 0.53742497934572 0.19469604110745 0.86546163026993 0.54393513715059 0.52887359567720 0.42587163567858 0.19649909349327 0.82481826285386 0.15040308009225 0.74747289985886 0.08659293550691 0.08694677983930 0.45327279126619 0.23552236645502 0.51088537204227 0.19791834129280 0.91975753937874 0.94559905591811 0.38724256435498 0.40386895730794 0.70191034920154 0.17657595110798 0.01770728757483 0.22405812509063 0.17817462023849 0.23276378572830 0.22334743861953 0.38959315454908 0.26864833965930 0.09164320985987 0.07008957974768 0.74377950600285 0.28422900780277 0.59408175388503 0.61310845098598 0.89122606467312 0.27266451418810 0.77886075700490 0.08415077082372 0.91144134316086 0.09514741541602 0.08549137294556 0.87968613216285 0.25935844887610 0.48292008187930 0.42094953969162 0.26183917144419 0.40025156440943 0.56814270815191 0.48991563559105 0.18183274544262 0.99064779425371 0.16773062804727 0.75345735913786 0.35262740229746 0.47598628662672 0.06056462080148 0.46674403471879 0.52570881201853 0.29399267499169 0.62409321832604 0.86110306219639 0.56296146984705 0.09070769394557 0.95927931445343 0.48934993560768 0.28613891065642 0.73172174681009 0.00651940825383 0.65008873592413 0.77002331118242 0.62284535260961 0.27787016904277 0.93071173187797 0.17468860071644 0.35549116963877 0.15448246891180 0.14433289042653 0.43828374283310 0.21283023261738 0.77688768890014 0.04746444430146 0.78058150804162 0.90087165734333 0.91979943554692 0.73432563593414 0.74455867458323 0.60335489264842 0.42824393025264 0.51719151989374 0.61336091327812 0.85265532597218 0.73436718507558 0.37067836632340 0.58432071266699 0.41804856107756 0.60991093500396
0.17558012743372 0.05684370656911 0.22022436967529 0.24253977991727 0.43722562909712 0.22270811923514 0.24377672975901 0.13314342538209 0.37604871782738 0.00817472564223 0.46160333018350 0.12608386789631 0.69073176729329 0.79597093743978 0.34561551207183 0.37506075515184 0.85325677709578 0.41526694668570 0.17872730626961 0.30685862434951 0.15494342372801 0.95876208031936 0.45799003933697 0.68032495814610 0.29318635951994 0.37648643717221 0.36940044797496 0.56061705739320 0.48847745878375 0.31068954263519 0.99862011978457 0.89465824550043 0.89247969025045 0.15402491919816 0.85891590760541 0.36271133455893 0.80381384401870 0.62032815500335 0.90307062676209 0.74795666025459 0.10639554230509 0.82024075756721 0.85158778895357 0.35283360816586 0.05883507155655 0.41410404496343 0.65902586698918 0.28789005838346 0.64538648734297 0.08491887308565 0.55769205124947 0.83349762947800 0.32297125254701 0.55667261804986 0.41526278764019 0.20665746435621 0.08652239284619 0.35746003758926 0.45893950973910 0.51463393323661 0.74353349730702 0.54928440878407 0.10164876577121 0.44206348106608 0.48442010364673 0.93258289172769 0.36529116622193 0.81867348797162 0.32522228917075 0.96130903152000 0.01136182410595 0.54346811783474 0.43815804825949 0.41861633723653 0.16607005170974 0.97629859347210 0.85113415117259 0.40378192548606 0.44681599386971 0.94777101200854 0.62696467783183 0.57647465850982 0.71187979104352 0.83290388665594 0.99331470391819 0.12763355756173 0.62601832010973 0.82939607297045 0.24640317436891 0.23209926525374 0.65390536024531 0.00806937633882 0.98931025047496 0.20619077273704 0.78917771213161 0.52986940543751 0.20374382405786 0.68471442148162 0.00753705425948 0.35919633050891 0.77785156018782 0.19500950666128 0.67420956635737 0.56206811664647 0.19149040083862 0.39030563325992 0.33934261106624 0.75406947187423 0.60498750623924 0.93556987331623 0.01755193838794 0.88956107889065 0.28182251992431 0.59366675426138 0.56832576151304 0.30078771618548 0.36727933341105 0.39086530231207 0.28168312860836 0.68841636795541 0.18271186611039 0.52656028022338 0.85553246261675 0.57795278167161 0.30848175831773 0.03837034933793 0.29026558782520 0.48847768545939 0.63827692268942 0.55383558278671 0.63399503012299 0.46380803558398 0.63719306027787 0.14157595475830 0.52249120250453 0.62854696584834 0.68333929441935 0.94572015351099 0.40982890697682 0.27708450350273 0.11164803875431 0.41420838540500 0.21745233612345 0.89741701267997 0.31423101976046 0.63451343217112 0.36115098777894 0.32140033929266 0.53670305099201 0.02033817338058 0.48793257393830 0.13510895714157 0.34778881224226 0.79235164723578 0.19899911483182 0.46817099836964 0.41918084542619 0.21043748457632 0.15995238431367 0.59790025727523 0.08527339320456 0.26474614036850 0.60524070961124 0.68516304286693 0.95745994063704 0.10183864680652 0.33051922097743 0.93327816329213 0.60800476369508 0.72936108904567 0.37118900124782 0.96542081688875 0.11336906363698 0.15915389569330 0.15497734536128 0.59906381229395 0.30542841298254 0.66649206359794 0.11218964916983 0.22904193338078 0.09994397158557 0.08408848087130 0.29938658704545 0.45222119716700 0.66214503377887 0.11839202749302 0.31733794202680 0.48496839580098 0.90223641317920 0.52835428088349 0.36020524686971 0.98180396589610 0.79613073290422 0.27133536840362 0.95452732055373 0.57709852869169 0.66066131655379 0.22059278569359 0.33348769923663 0.32536754252327
0.68215103662190 0.16186552291507 0.10169792125429 0.88839804744372 0.12584346090110 0.35614303914731 0.40965119305840 0.35450058806551 0.48536857407901 0.29323762797689 0.24287110302009 0.58216233084110 0.74727756739089 0.02666944835315 0.28218517005568 0.21596171614257 0.35948353670364 0.60728764613117 0.00499254452365 0.23736168929956 0.80144682146411 0.08137024032090 0.11409547725276 0.34080164198200 0.87316264540831 0.85782573602979 0.40796505813972 0.38935633930595 0.26184160902640 0.33480024238776 0.55341700272945 0.71046292550281 0.94854672648968 0.04478654274207 0.09482769581745 0.97263122364922 0.17669634742312 0.04071735081684 0.96217496420760 0.02494957777516 0.02124459869830 0.79800365479478 0.12847001077057 0.06033391417447 0.19327935404173 0.90831372457217 0.83066884215369 0.45193222874756 0.30631184966710 0.12467742845771 0.78465488427005 0.52881780217682 0.69303237807544 0.40631463202966 0.98167517683609 0.68890863255316 0.66149743531838 0.40758822273379 0.86850974230096 0.56576266980702 0.20448858102652 0.82123765272019 0.15716613138899 0.28120309516248 0.25752481536042 0.13696825872643 0.88123719677088 0.02993512275430 0.08383353398450 0.76129117855763 0.98672688591015 0.73101145282554 0.12202281145438 0.06519155526575 0.42440704624053 0.91191957797136 0.73529704734223 0.56526927518953 0.30534195640520 0.85522973091473 0.76731430170202 0.86832372828523 0.53174197166285 0.25197101727335 0.68553847867995 0.97720823433752 0.60318139809231 0.13419318389289 0.19781268218522 0.48106186354891 0.91728732525601 0.03346175124974 0.54093889680050 0.93979761186979 0.48581618960344 0.56355268492474 0.84900558685997 0.24283581538746 0.47652225529960 0.82939685771895 0.87951915185563 0.42073654133649 0.69998430385693 0.27290209448326 0.59923377779043 0.78599441259726 0.51794344829984 0.93556992378316 0.36080143514912 0.87763814864696 0.75186855012609 0.06428210740704 0.61806495174585 0.42222327474925 0.68696535344523 0.47121820880266 0.26152547198951 0.63324169781160 0.42540044645912 0.24448040620875 0.23680528731586 0.17355260365544 0.32443990386469 0.48757703291447 0.37369036165547 0.40970725316520 0.99610624276538 0.89342845439813 0.20662184095655 0.72784148268759 0.05680835101848 0.01749467169874 0.38528002034063 0.42747591289630 0.48129981170929 0.53721330067985 0.66241057853786 0.68362024686005 0.87780471319283 0.23638692547491 0.12551895803782 0.31719019337494 0.86793891347352 0.57634476437000 0.32147212276809 0.90345313059056 0.98743104255562 0.71306603173440 0.32074370681476 0.71773267904272 0.07825110650379 0.19513190499770 0.24309088776596 0.54105360766375 0.90519394351552 0.48280653655300 0.37891838518387 0.49910463091025 0.23721519109379 0.59710831149596 0.72636856383737 0.77379649316154 0.66440731121088 0.54275913129813 0.03036645131899 0.85188936157184 0.49189270753375 0.56454616564708 0.03693374101750 0.29060329330074 0.25252084488170 0.97927937355633 0.05200217489325 0.73577175075718 0.15940503366781 0.91659595465737 0.34469665541276 0.71672209599622 0.77321940879035 0.99332246541085 0.97601125563483 0.70501407113338 0.05747242549542 0.12142241710164 0.91035133310476 0.49495696442128 0.20841284462588 0.58445037073835 0.24682642665172 0.54213894565602 0.32677692677373 0.10027767526274 0.36849856319963 0.17973122251706 0.61158788137587 0.54753548751624 0.93505501241531 0.23300121702846 0.83694687972753 0.13797461780654
0.43752607265293 0.58919852781932 0.57826621667707 0.57234964686587 0.70204118358566 0.87401779994273 0.83452681695139 0.20157188721006 0.49718272543389 0.33320522475349 0.58364866101109 0.24690601445740 0.34362169759098 0.53975847767238 0.51350103897379 0.52945592927079 0.76153387124588 0.32550482199092 0.80062033745602 0.47276152946185 0.05006301911505 0.44888817952856 0.74789619172498 0.44550234481744 0.19516093145099 0.71336741794088 0.66158456379656 0.78065928913095 0.68831076532365 0.08353174170073 0.68553153450943 0.03174566938497 0.10207974037665 0.09675613669371 0.19752100315013 0.01440961661044 0.26209433094263 0.85427006033121 0.17175198270561 0.99139409576851 0.89914841377556 0.79558463027329 0.97063154909154 0.42390622738676 0.09973592243976 0.46891630663886 0.23808960987073 0.85860192443518 0.10652453044374 0.04792489067316 0.78198558085322 0.67534799293942 0.43774362330948 0.28888297808212 0.55493133817491 0.08736506991899 0.23172700071845 0.48827985810195 0.77958637279504 0.75497244558625 0.43526054370918 0.66291306038144 0.39392874057862 0.32786917507278 0.20557429803717 0.42854158583527 0.88178073502669 0.46157957580272 0.02040578208558 0.82366400287660 0.24653343168777 0.68370248814044 0.86453121009553 0.51901382957101 0.49688464520769 0.15061699575264 0.94916738341710 0.52737384934678 0.62707870993778 0.66252550440017 0.32379232090333 0.09741011143480 0.83233423063516 0.53548829523411 0.36917614250527 0.80749316268499 0.44117002591764 0.41376414495027 0.85661588236122 0.33192557164445 0.18467122213706 0.12265345021206 0.37713351015823 0.48749913143406 0.60585183834716 0.27349534840295 0.74741545527257 0.15076703080739 0.59241422296102 0.02787061712924 0.73516209815597 0.87966524772205 0.35800893112539 0.51806535446477 0.11127832116704 0.28508959408018 0.08562682249402 0.35482620828080 0.37197190859467 0.02303279921656 0.45305484182073 0.46187026394118 0.85571865338095 0.68437923670357 0.85604514837737 0.93144099013297 0.85471303021272 0.18750667501575 0.23896241608487 0.28248616526490 0.69888360728665 0.83083970957324 0.74410150656075 0.15448723501399 0.52168259157814 0.95896743727696 0.85126837817307 0.35604434594369 0.86913580467228 0.41756072488003 0.02760593405422 0.76184189864127 0.45295567106983 0.76504813907546 0.44889898834839 0.38126363737600 0.94595454518490 0.35997776087487 0.91843872246910 0.58486297751144 0.60008220486620 0.13657980629673 0.55065752857796 0.24217502636198 0.66153944267156 0.34802847241686 0.70739305269648 0.82351247081002 0.63027708882201 0.22808907412432 0.47766086674181 0.44206931349811 0.88627963472882 0.41533496690298 0.28324315314190 0.33109081350205 0.24407800611230 0.47682810208327 0.85755117902578 0.33264603003581 0.61682619583514 0.32514057012228 0.75418180526228 0.22013225787097 0.52471682879474 0.17033306866661 0.05191281980329 0.07637278001830 0.56101416392539 0.25890401380505 0.84162520297331 0.46620035271118 0.95678114202235 0.93009795618709 0.14410592719186 0.08449624465656 0.06986620252631 0.34209191837486 0.12560928620090 0.68154720399723 0.94953320969692 0.83311623424040 0.92764671727127 0.69480972222213 0.63169107123829 0.48857344701586 0.51382813838319 0.07862459315209 0.86877130036653 0.07680917910532 0.82009639369724 0.23942283497009 0.36910786763420 0.67322282063963 0.23910336533896 0.89771045280551 0.64352926275928 0.95710727172976 0.81897030191477 0.89433126103418
0.81720452930380 0.92592441488488 0.32049443631010 0.01589639423091 0.76240542230405 0.28646859662650 0.97625200020620 0.06131466665475 0.41654923986942 0.55394061960576 0.95975576808069 0.86034227323732 0.27485231905921 0.87576965797474 0.38281541097639 0.18054784044059 0.08489846248071 0.97351064933940 0.78702811792768 0.96557431552967 0.13124207150458 0.00187534204567 0.45505086263617 0.59476310872238 0.64644248545149 0.34485582658484 0.78501874176901 0.52712755094265 0.11603617832349 0.15263744647052 0.10456091279955 0.39758158674191 0.04088862053211 0.57313774829673 0.28299323144788 0.73904112263615 0.74064988180435 0.21690074672864 0.15038341561191 0.82998623637854 0.55940903627843 0.07054874905201 0.70035126321577 0.82055578074096 0.73778764880395 0.08437715345426 0.53552951937546 0.47698447873092 0.34816057885471 0.79812310103607 0.72586754602411 0.46241670166491 0.68978782855869 0.99478129801263 0.73534922671199 0.16582748947288 0.09836001387418 0.10439178926806 0.60224755501285 0.54217792991215 0.22806053473852 0.31457267457620 0.76869127195208 0.57057218866762 0.06897923845952 0.99650518600194 0.93937770235808 0.87503771364885 0.48676164013436 0.76994241226164 0.55823877430166 0.16697016885826 0.87683251617320 0.45962554816822 0.31922840566947 0.15972715972685 0.54259840636458 0.04852900134811 0.19260585910207 0.47781271017194 0.96300061658753 0.86521784042724 0.00274431647461 0.13322336857897 0.73728058975805 0.19609274313778 0.66667663144994 0.15286798996898 0.52236585115803 0.06224362228123 0.74051582501565 0.22252914366272 0.00079637050464 0.73645463718309 0.57772619389545 0.90393317436733 0.17903534230144 0.96852971101546 0.90005152353560 0.46634617751720 0.47555037678858 0.90677277189313 0.66722484660850 0.65295875835397 0.45371221934224 0.40793452989061 0.04198772856037 0.14970010131662 0.44750872777186 0.67902190807329 0.92212343592572 0.27002016861237 0.05427171419099 0.84746470136928 0.68977964825629 0.87993889055000 0.95422753872925 0.17601651426745 0.54797686522655 0.71822803303123 0.35335368651415 0.00255298611650 0.52836174077201 0.68806967772496 0.14620153467190 0.42729475110101 0.55602003429872 0.84573694183846 0.08555384865197 0.08874379022927 0.35666170044199 0.06952652230113 0.04986289586060 0.13930366268151 0.77374785827437 0.91405131732739 0.22597181694958 0.03817382102487 0.16652151933510 0.59657982103687 0.07943971903336 0.47179771677898 0.87532379841009 0.81457086921407 0.61469637108152 0.83197108384288 0.64959362191549 0.22149727734723 0.37159279350044 0.61465544998632 0.52030919786961 0.20593832103610 0.08521740030973 0.80347303197796 0.04584335391037 0.27321271046962 0.18968964158350 0.34728260387981 0.53291330178755 0.04049988355852 0.04442863053005 0.63164531884375 0.28106905683887 0.79826679127259 0.34701021382705 0.04837083606146 0.11812585581066 0.73129211575787 0.61179793311930 0.47850105316501 0.72839112970655 0.44750670750069 0.96956212001830 0.72650028731774 0.33220568669571 0.63957066605950 0.73555813195721 0.76925574254902 0.90889523025401 0.77223488270695 0.38710020610918 0.56260316896037 0.97879048737766 0.81304187380945 0.80983517648674 0.79151044841762 0.02079331488612 0.42700865619571 0.33830574627833 0.38699501585639 0.80294643990515 0.71864040139040 0.78769058746866 0.47132371696116 0.13033787470019 0.14911755884973 0.29604868559568 0.77602576994864 0.28571200700730 0.30204122720298
0.33233659079417 0.47395960327097 0.13275999790995 0.71593894318284 0.43617189287460 0.42622826229580 0.22727462529715 0.21745113078884 0.23183105209804 0.43310532266201 0.32228918258297 0.61891771660239 0.20318144894417 0.53800481771112 0.69810390165546 0.96524548665467 0.01418715029413 0.67278976537712 0.74923791091407 0.58620316699583 0.18025655680543 0.51438975692538 0.16358796848943 0.05117253289078 0.84767841888264 0.08760964437342 0.64120293433180 0.45189590247205 0.51650218208580 0.92099235983566 0.01687450116783 0.08582589778275 0.43291457364488 0.59033715890109 0.00247445693818 0.54392456973449 0.79398234639759 0.64977653342732 0.63178879183410 0.92630442146430 0.13015790319472 0.48820388466814 0.98557999621303 0.14885476664929 0.34859341018275 0.27952715311469 0.22744249408986 0.81005892029068 0.70551703650208 0.27352055964403 0.88966544308247 0.30042886457298 0.46233616550989 0.67281088214856 0.33069406465816 0.21866107605690 0.60468071541089 0.65732604574910 0.49518548205813 0.95489455139490 0.90883624425161 0.09363136403067 0.71098736133892 0.03541680862892 0.43112024351056 0.59520558469466 0.45924055405453 0.82111011054273 0.74583844494353 0.10589508362115 0.20294501628667 0.60720388085969 0.73884480202987 0.49700187482837 0.85836988795756 0.04573406994986 0.42579246836096 0.59588204497685 0.90175290773053 0.80642793090406 0.88494158866524 0.16675276206040 0.92713905474637 0.87293823800051 0.72975847434439 0.57282867580973 0.77684489872534 0.65272932946017 0.28875791397175 0.45205133736127 0.93318823764066 0.49684149773435 0.15535655410584 0.08846134207020 0.61493721802450 0.99795515919176 0.88262881690601 0.67422938986486 0.78273475866183 0.46800049449901 0.68010324298978 0.94914854357297 0.79102790335025 0.42005122189399 0.72175303366096 0.68255979020481 0.01772563225063 0.13030404700940 0.15925754761986 0.54125477240172 0.96642755337387 0.61488082126795 0.59605224071127 0.23179131734229 0.16059739079930 0.97140398343672 0.21838015884206 0.03295322423469 0.29670801994491 0.13704500593483 0.73872158912964 0.50136613760865 0.57586256203105 0.22567385472263 0.70520078323301 0.74089873585224 0.71740664204925 0.10351517456603 0.33885284809314 0.90839921615767 0.92491451945651 0.23327252989085 0.61662941792079 0.88243516172074 0.30824826712348 0.91488475558602 0.99872255506518 0.56441084199911 0.40562373369041 0.39681806804013 0.28685774277391 0.71243247335397 0.55130386169939 0.28684077473549 0.67505224827386 0.28975781983201 0.52793011127905 0.49007780534641 0.27424985794772 0.57554429477736 0.85712756488917 0.31071729428379 0.71301597243003 0.53304154067268 0.43705194517800 0.75047865129837 0.79922628420210 0.61357978215259 0.41681308066375 0.93152765758675 0.09081036448606 0.55301494127376 0.10502744950788 0.46926509594034 0.72727874485422 0.45831676804119 0.67847673989865 0.76640315681654 0.72994813306095 0.79567226952512 0.71898855891191 0.22049424080293 0.45278751489738 0.68195081985412 0.58291864136690 0.45752189471553 0.07668511026691 0.40343697477053 0.78842789629372 0.27110953952126 0.40984523523518 0.15234207677288 0.08828852168160 0.25073419557840 0.56572449696927 0.56695415823581 0.18994379774710 0.13500789017857 0.01792365375674 0.97842705366552 0.17127693709006 0.85291449185409 0.93468284522007 0.40759897006864 0.09381671755314 0.88592552990908 0.02858718736700 0.30770949353741 0.81823985820111 0.21829763322162
0.78683010814546 0.69102062536729 0.80793233961890 0.07836545063350 0.32517175402659 0.61926181898687 0.79750909800747 0.99588267176961 0.61286938263319 0.20104385702749 0.84951012061343 0.85218984366250 0.03775316876202 0.94822994298076 0.56407845379918 0.62425047190210 0.76186848898263 0.08537443531812 0.81012125150801 0.91302084271437 0.39908288790727 0.34209468678759 0.56155754014321 0.45043551801675 0.38726996820589 0.33915947062933 0.11356302747008 0.89273573431274 0.12701566704897 0.33864123207100 0.44034782434515 0.59804303088264 0.43295279861643 0.43361334348200 0.26847826474583 0.30400041819432 0.11320207980977 0.15485730054251 0.17617172211977 0.10965114471496 0.67509840761360 0.33101320796267 0.15046745580157 0.77074435433116 0.11242798050596 0.23045324934458 0.70278508696448 0.45172192246201 0.33002838364994 0.82471282106457 0.01097066966220 0.07626498668741 0.81150720625759 0.62574854527065 0.79762413697635 0.64007319868025 0.65520050894634 0.05794646348710 0.85761752799046 0.45758598266156 0.41736952516154 0.96561427783008 0.05727911020174 0.18404751592921 0.88955790000153 0.10833833393581 0.15661507965426 0.97462411826070 0.30225057037216 0.45467422646072 0.15219998371403 0.06842378703693 0.30166849867126 0.36551649775980 0.42412718991222 0.29875372168768 0.45720632584312 0.63141831746155 0.99047314829437 0.98518757058838 0.87976658567154 0.09192894269476 0.51456038731124 0.20517703962375 0.59807843086703 0.01760256488408 0.15681243931698 0.33066478750127 0.79766686843730 0.85665320753533 0.30193870161897 0.85153222443950 0.76127719360920 0.47640598453633 0.02113649535095 0.16859576512552 0.00149892569297 0.67217572664029 0.30375876879743 0.52446392705688 0.76855986075713 0.79508028097922 0.34915122599608 0.08039319751031 0.59065002077996 0.60373952331388 0.70271218681876 0.51916525858766 0.57723633769307 0.94658697621464 0.73899424610021 0.08258470359786 0.40531295837482 0.85293793210091 0.76789570669168 0.43251638749719 0.08254338753526 0.28671434167015 0.91939974228297 0.36692952364166 0.43219942590054 0.98159195866898 0.36180840287573 0.38771719253514 0.62726175939441 0.90629300419917 0.37753816383686 0.63984360553908 0.59255267781418 0.41518494455871 0.26268084800412 0.19319214400518 0.38877585884236 0.13373399815477 0.28165452656995 0.63608503899709 0.35773165414998 0.74158319809285 0.21796207353872 0.80646506313925 0.08428496582621 0.47533419796062 0.28958630292672 0.76596028302379 0.24520487007143 0.55728097125666 0.38191047843310 0.19141127475159 0.83318623185676 0.40549713232249 0.23064719673668 0.18530449242020 0.17420142184051 0.77116223608266 0.23858974542047 0.09560215855864 0.08719861662124 0.81555369945901 0.07938664912093 0.68525313848376 0.25456427808236 0.52792871963587 0.41727400476746 0.42592330357286 0.21443473972144 0.87075300756341 0.92576529717831 0.13576824792167 0.78945750893230 0.52996210275433 0.53825334899798 0.92437378853126 0.15155980050084 0.83335641984233 0.25767809021485 0.73762977356408 0.67082687132971 0.95581232469515 0.17405637952405 0.67103314288251 0.76266723024888 0.80765675101399 0.13034677792535 0.40001612980822 0.76572937837577 0.67849582334808 0.73309569620266 0.41375165425367 0.87532982410365 0.17385967882248 0.40923450240614 0.50481974658915 0.77877386695310 0.47494124069620 0.10493419182594 0.64930851742256 0.75631041611634 0.13436514821362 0.43951635681884 0.72896769893833
0.81031470102750 0.15848458267388 0.04309871619328 0.41267855191417 0.02117729484899 0.13521725627028 0.75568116591678 0.64225495007518 0.17121070789910 0.28292553625223 0.61533143329611 0.50324866335510 0.13491792364332 0.66745662439288 0.17699506856880 0.18836215957159 0.10080721907905 0.45590875030421 0.80336949193929 0.68822998010200 0.85320219155916 0.99534206534940 0.71465958038656 0.15308963691704 0.03044544211243 0.76301224365234 0.73071460623021 0.56537932900242 0.33274633191914 0.56630034680168 0.34197306506121 0.71799284993919 0.75082729384502 0.51819985180755 0.77023922067382 0.73839118567303 0.87295731062452 0.14540928366515 0.08364059003886 0.78070270030141 0.97937925184274 0.54180184000002 0.35101226776784 0.83040344704622 0.23193609952046 0.85439062831969 0.32377803466464 0.02139763846868 0.01879937440392 0.00241684735390 0.32081398717662 0.07384302661497 0.57881692268001 0.18960259646602 0.97761353788359 0.64717155877776 0.67139053548946 0.51688077755153 0.11001356246313 0.58637658765296 0.46745142567259 0.50394412518406 0.17964726363246 0.76712661943237 0.28789015447752 0.61986835782708 0.69989854067983 0.44369048293556 0.60452738125443 0.00797773543067 0.13659814088944 0.98203571631642 0.52296684462459 0.43794679802163 0.36098393493623 0.17032345126506 0.00826555350686 0.84397348329878 0.92491309822286 0.02443390370939 0.64436036846136 0.15236386390177 0.54005528740388 0.12806009213958 0.22020179832255 0.78927603547306 0.20178763395166 0.71440807333523 0.80709477350974 0.55945172065570 0.74627357246488 0.66790432456092 0.67808252372347 0.88233883160036 0.06413925938012 0.58747052492083 0.65080466327689 0.46270636978047 0.09488001559988 0.86419598984511 0.10691775262837 0.14968074438285 0.54265631654739 0.91613058866323 0.81128705296324 0.59376552359242 0.77321577448165 0.20470616962866 0.04455563083543 0.44539726456452 0.33289996652722 0.52443768566094 0.54247946837391 0.09413180224677 0.58725727045123 0.88931093386887 0.35964056350909 0.11628969923262 0.43115428207897 0.55539061831583 0.79850325884854 0.83191253176768 0.54666892926729 0.54846074059187 0.88017167918129 0.09947052106106 0.82166401104589 0.19511674871520 0.39503985591207 0.99954512151038 0.53610949440691 0.66792911756491 0.19294746833938 0.73303551630440 0.20274573946107 0.83614292068279 0.99967662752289 0.48532573623660 0.47582212061678 0.89442666260109 0.08345901319319 0.49664275019796 0.53007769074577 0.19491603809049 0.88083244868452 0.64714726887709 0.70072408701713 0.78501123655711 0.76467608785924 0.07519745086812 0.31901140189619 0.03321435259466 0.07903074214881 0.55059761181815 0.41745212453132 0.49535862575446 0.77985751003898 0.10180041910727 0.54442160551233 0.05473713701159 0.07746260962640 0.44512662449110 0.86739651422667 0.54045337865265 0.68130993356532 0.95057114654397 0.54133310362497 0.87576962562150 0.04004350261873 0.66833544845189 0.77300089120309 0.53615402757631 0.11673436823752 0.24498904808565 0.59537117363445 0.01282049215943 0.63096772436691 0.51901723352167 0.52596943960843 0.49285590197558 0.95518286486625 0.43394731610041 0.32201673946713 0.56930888879427 0.01266843655011 0.26555154639355 0.51445714687136 0.28363331238496 0.26876444824931 0.72751674731994 0.64572588565287 0.38591029143903 0.10230059022129 0.52029528743789 0.97822468195779 0.39923954883847 0.72040084955304 0.76646315687544 0.98320338828859 0.77817696740437
0.64491978760349 0.16207874472859 0.25411436185344 0.81107157702204 0.95292972413712 0.72447232401029 0.01988988101595 0.60499939296188 0.49189318006014 0.42875679011593 0.84585328136211 0.46339332278973 0.46168628706498 0.62686316319610 0.72059477698285 0.91280509508222 0.30612024836953 0.16354363825177 0.91981446809951 0.52858821816987 0.46100257351057 0.65812851856265 0.16272128867542 0.43327147565473 0.51737929566138 0.73603788451576 0.03811858682500 0.05334097372226 0.52813867983355 0.32541988591260 0.31557278477153 0.05832904349400 0.28604840486150 0.92679595137624 0.31035121589841 0.71140522437629 0.34818529362392 0.86561070633711 0.11259200862157 0.76370915694476 0.78727797092964 0.86068612926583 0.37025512158296 0.61757518837467 0.83685828958718 0.63874053735009 0.47054760705660 0.71036750123318 0.15371270815974 0.62513491126519 0.28845917603283 0.36164500900926 0.08079411481558 0.48278205326244 0.55324669330160 0.50915515101961 0.94718961453101 0.36259150866108 0.21489670924150 0.97431377851146 0.74713577327699 0.85371069086803 0.26038454864523 0.34259868883974 0.51817130983838 0.72173642839432 0.86717854662985 0.61654722654575 0.74108692880917 0.69221842777946 0.51459606064031 0.98630104855656 0.06198050328882 0.45554421678597 0.45193353984833 0.88988143273901 0.32088850203285 0.74407096981675 0.73592768279174 0.05708892302362 0.78337597114488 0.63740133440956 0.07107666364861 0.35050896181052 0.74824644864537 0.00544770948647 0.02675866106649 0.02235842220566 0.39168604400595 0.48360815542091 0.86454234285369 0.08054659047446 0.94525680350428 0.90636201102258 0.44625482358545 0.61220536511437 0.43924288730142 0.12678585502486 0.40525581149303 0.50240489141217 0.32030015015345 0.32779580966361 0.29881728568385 0.78601268860442 0.13977983677744 0.36552611922471 0.61717714038521 0.00300134883178 0.45382514431050 0.20831638134676 0.49582468974440 0.56713522744304 0.92132658474184 0.62535737410748 0.72518888015313 0.53110973801447 0.45137442039059 0.26342831599413 0.01163145709095 0.37325095680808 0.44760928589835 0.44055153572504 0.28972465659659 0.88877003738404 0.74007486707845 0.11877680998208 0.72865588716302 0.30629044846595 0.16060548559568 0.21823904178710 0.78642128567748 0.64978902967051 0.16086989663786 0.99889407399244 0.89602057339820 0.37828604944735 0.01398424811510 0.13286769264959 0.02439247503571 0.76066329516408 0.42460176163409 0.12835698809081 0.77476866475869 0.42924587807592 0.37471448215883 0.15977639948229 0.22648717155454 0.46899912600919 0.33218219004746 0.27130820749168 0.34479759885657 0.31026992821079 0.89111223384878 0.05398559038180 0.21409708596723 0.00398046706002 0.46063615020614 0.50784974165879 0.85801399934465 0.48852164163146 0.26450366648113 0.45882499045246 0.86105771185575 0.80877995358406 0.00124976129286 0.09072090175582 0.10946392033067 0.24342835670181 0.70012260882238 0.50817682672040 0.41513344409541 0.73358749527688 0.23077305628792 0.54244653021619 0.48922014621515 0.04466062749789 0.46068787581797 0.96461473349648 0.26757631162728 0.62225713782180 0.24698468563331 0.47960227923809 0.81801259084842 0.20174940462992 0.32997145072002 0.36599529419297 0.61266437337226 0.20135093318344 0.13823405392455 0.06138976866206 0.44934455925313 0.67423181906571 0.13843271807777 0.45439590148714 0.85983558483923 0.04188853664877 0.54396992043961 0.94193602330111 0.01227571632627 0.76019081195448
0.29987328651193 0.36737943419563 0.85251414077892 0.79949451310239 0.11355737365720 0.20623809052937 0.94139802220756 0.06038121772907 0.50594233307210 0.68841245397792 0.47348369588708 0.24854789093860 0.38140019352039 0.18404655067799 0.22832175788954 0.59013052173207 0.28536202755485 0.57144229604265 0.30036625645843 0.90108398635799 0.11920801422829 0.90785871446690 0.11473223703664 0.74573957402378 0.60474841244321 0.94350859019372 0.02825694409400 0.53378930668211 0.61458063432890 0.28296680376500 0.52021613935457 0.59389694145865 0.97286831192342 0.31874652191455 0.66707939565840 0.73398276793590 0.98527771350484 0.41906552918751 0.05992187617530 0.75193474014666 0.24478489471104 0.04290786706104 0.21446229265231 0.41074683034605 0.01277612330844 0.04715829223894 0.46832294757911 0.25233853786467 0.60088831542057 0.08634980741758 0.30316156744007 0.28707582735767 0.57712509703053 0.00492112961942 0.11631030727949 0.88776753939432 0.23879827227419 0.80789802702514 0.67010382806673 0.19591656917082 0.15493286431959 0.79700844439321 0.32909096386879 0.02163524628828 0.80608192797806 0.29940955215215 0.29872050443552 0.43423814208407 0.32267234415285 0.22020313066921 0.01834670833585 0.71945833240780 0.70805183613762 0.67264202950399 0.80085595385439 0.07762662109048 0.77908356240878 0.84098147804863 0.44901899277983 0.05052760422678 0.08206433061999 0.10608042328781 0.47554442620663 0.11555488983319 0.93072809031083 0.92330744129994 0.20677936425798 0.45078276718032 0.39393902492901 0.80733996958881 0.27348260158383 0.60381064676830 0.69346683552481 0.49143458025602 0.12615510811238 0.89219317118966 0.69075213821188 0.24978809759232 0.17263158858244 0.54687888627412 0.05104760807426 0.14314806460274 0.76491265786801 0.95295847308325 0.24646226497247 0.44031487278360 0.63035749243390 0.65730915425343 0.96289881045747 0.34202569432118 0.37238517049761 0.52245671281098 0.24793443950464 0.20945127378978 0.53582759233305 0.27364364520346 0.31848195247472 0.00880165824802 0.08367127808275 0.64487477759102 0.29589541124919 0.32467376501120 0.88197155571160 0.63227924999784 0.69762230562346 0.43721329048717 0.71617503557827 0.46237980825953 0.22006745904084 0.74610651942000 0.35097594104465 0.66891281801303 0.21659341743475 0.71821593683357 0.76875789837619 0.20300850809328 0.40026462585515 0.03121469386036 0.91233479356538 0.30737464206917 0.24464174041955 0.29028584900828 0.10599127787980 0.37413231431154 0.92518285303303 0.41860626392254 0.46289892568213 0.67425056723046 0.70991335079316 0.90867346225277 0.69317380399848 0.38674664856497 0.87338558719456 0.05910233558563 0.71104281709572 0.06123537588721 0.43995784197512 0.77017361596457 0.72341931452251 0.18978966838906 0.06734669318238 0.87530274876504 0.78873269993107 0.35173168744710 0.80668379146235 0.62829853511451 0.64338517614282 0.97608848435586 0.82990689880896 0.36859109302725 0.76871737485383 0.07221813520397 0.16154378634520 0.08717250132047 0.03907953301749 0.79296940057770 0.45108575213507 0.72633416979272 0.36252326475833 0.09593905467248 0.03691070713687 0.31595041350426 0.42697455561178 0.47259155658162 0.75704863423469 0.19596429072205 0.63772537123982 0.57190276709030 0.11291723006511 0.09712404400124 0.94598871359599 0.47266093613270 0.48934361541098 0.12922129146521 0.88899371242981 0.28882078380482 0.43117466248728 0.19770647046505 0.85584600773357 0.12475401262730
0.71755728309920 0.53858590509213 0.84794157666834 0.13889595530333 0.03722252631455 0.65435573843496 0.61603090575135 0.75545425265732 0.79538261834146 0.45987897101054 0.67499994225516 0.97049834064753 0.28009831663188 0.45113427722234 0.65198002483823 0.89127001320036 0.58398431629759 0.45628484577673 0.56344429135597 0.11934878551715 0.98771824573782 0.38415929314891 0.72038545304908 0.46287705155648 0.20190966719562 0.10139318963327 0.38783921592725 0.61785868927888 0.34239414202556 0.35428143536759 0.21728716400063 0.54603518213383 0.58936091965328 0.90826240743833 0.51369064638947 0.42051295967085 0.95515191552860 0.12276079394150 0.05064727775454 0.33173859184859 0.96822789721240 0.19647871634361 0.87761156148233 0.66427752222618 0.81575349407924 0.42428029788719 0.36148064476793 0.11688184466069 0.12791341882509 0.54219679215182 0.82708175387790 0.24457666937614 0.12815418536698 0.82266353733981 0.16486157928250 0.78706220501131 0.18819002988060 0.85963774159310 0.84904692728893 0.69662713893921 0.58907020915367 0.04809324433278 0.81104831791518 0.34543852687208 0.61378055081841 0.87551544605416 0.21088377988821 0.68300775534348 0.59714801186633 0.79874660172194 0.61826884665104 0.47497258627529 0.85151600607733 0.97248245006069 0.42062182893632 0.49408310994509 0.88399602691767 0.32706536876774 0.82030297038820 0.66297463812242 0.00448321328293 0.54610889038016 0.87850594221986 0.12091216414503 0.01721708391983 0.76034755086343 0.20135126546772 0.21359633260311 0.34981026543011 0.94726574767384 0.45543831717709 0.00948898897894 0.44130907810354 0.73020280410517 0.45333653819769 0.77624660001824 0.61436132771070 0.62369108491696 0.26368786405164 0.63973730801007 0.13105132950415 0.44973377413814 0.06763953790422 0.49653650963739 0.03728305649220 0.58424561190811 0.79041655844499 0.74628633842272 0.73980452843538 0.60456833255703 0.11626889525579 0.78238778717174 0.57970017758428 0.60262630183243 0.06591094814321 0.31042913110080 0.80793378446984 0.03991301212258 0.46801730115580 0.53196061794995 0.17184229166917 0.75880109866558 0.73908820790701 0.25329022928301 0.12876933294606 0.58514200057511 0.80152436351559 0.99360188768007 0.46949451025391 0.99177260404718 0.18592116836465 0.38295137251323 0.95959703302985 0.72662699967741 0.41376371847674 0.01430537373377 0.94345115902472 0.94891807826286 0.96158767290435 0.70856193585250 0.68139534605598 0.44190985351256 0.60980051954872 0.70219157324430 0.98725065322706 0.19636837321750 0.08476746681410 0.67292187374135 0.66609696545348 0.56500006722538 0.70413300976455 0.83890011317292 0.55890665759355 0.14098903320791 0.37896143875389 0.32714083216945 0.49000120590222 0.81913223214407 0.40404117749860 0.56137362338069 0.57575426022296 0.22289468397107 0.43737577463626 0.31164193429306 0.36119461241980 0.25184825970402 0.75709040902451 0.58746964274906 0.99567494662527 0.71203923592405 0.84835987171354 0.00114951835164 0.21616508487295 0.57329712225536 0.31356354887102 0.89484342515138 0.98140619279095 0.73960656941034 0.10156950375972 0.79377500182721 0.79953396493984 0.49498093117812 0.01501479732881 0.25006767913031 0.31435397649848 0.95619569102003 0.48353640542690 0.20227715043174 0.60692906524463 0.10276384903601 0.14720162324833 0.41179585937456 0.13244427731862 0.19170120982928 0.56438744068912 0.36498606423758 0.08330198758285 0.85149238970550 0.66330809083133 0.84157999993190
0.26214138319142 0.50031293745954 0.50198681857237 0.68295415706904 0.24280793622027 0.52431254148396 0.56209315862374 0.42370428507308 0.81604021912384 0.14253598452707 0.28203245995166 0.88743006345451 0.74377662892637 0.73166641058710 0.77091432142964 0.48306881697514 0.43482345207982 0.43618142451514 0.04488679552968 0.82731549357742 0.30863637967349 0.02008390786350 0.97258347883736 0.27996436628240 0.74159558242196 0.78040430794745 0.95875671408227 0.24265494864602 0.01662343206722 0.07284883056843 0.14698273995614 0.92034498213836 0.37370184568439 0.26877473458125 0.86530382886430 0.39485333377793 0.73370398144962 0.23523361807559 0.71898086408389 0.94372955543920 0.10824484584221 0.96090848049025 0.30933412955414 0.58665067890442 0.93930774358322 0.17124625421427 0.51731100157398 0.21338823968198 0.94732836684776 0.39576905356241 0.70487393637824 0.23114167799067 0.64177148913240 0.61519631283977 0.62212902743524 0.02122337315690 0.26608255488649 0.98632534143644 0.39845250490701 0.17624055985415 0.66748451516537 0.25001405108647 0.83833843713169 0.99646542804916 0.05295402868250 0.37056592724406 0.21644671438110 0.21990548122751 0.25368363744766 0.09120894671563 0.03206824901925 0.30496855960847 0.23199268776425 0.71818993712676 0.46888747856863 0.29270325126493 0.80209815731347 0.04595116918171 0.54481162038826 0.42736037758811 0.52081523612528 0.57604099817217 0.61051689620044 0.79508777216761 0.08510174262723 0.75948786991699 0.64925444314843 0.25648975491175 0.45134674735749 0.58348199607535 0.28187540610982 0.56454654404353 0.41661788871316 0.54550888750245 0.33739687079902 0.07198668354570 0.72724983740097 0.48088159460489 0.75677859443678 0.05074973458267 0.55666392457014 0.83515986020298 0.60035790438175 0.76438279020966 0.73131235735381 0.41020629772423 0.93341174096800 0.97527602554196 0.83881802327629 0.17998135974672 0.46957447558116 0.24570767295378 0.90260396964524 0.79909983825516 0.63643603335682 0.14964580079702 0.15028958454571 0.57881700185300 0.50007101176137 0.19356866395301 0.63195129048709 0.21323394534564 0.66557894060424 0.50333891746551 0.18782056336249 0.81234185570112 0.02310099467198 0.85548034108305 0.44393235354086 0.47429026734944 0.42574282127782 0.70675519110322 0.69390946537436 0.28389449575850 0.04365602571249 0.49645073095078 0.42374850511879 0.42868285131596 0.03762953712329 0.57950910813909 0.06928354651294 0.15982206627933 0.80451918177434 0.38210971470577 0.26639192257714 0.63689469662400 0.99559487951604 0.66275197354924 0.18699960890809 0.22660491778186 0.46758149518183 0.60718489522725 0.82170808843351 0.09510715850268 0.86183291812742 0.94915028025401 0.52315500423255 0.21377855525418 0.21530975772998 0.39896438959128 0.53797316584266 0.87321049456893 0.01466227150088 0.46316179846282 0.57651183343481 0.24979978062524 0.91997155464445 0.75561724284356 0.78326394264834 0.54758032395373 0.08922876711783 0.05311088202494 0.73480723333290 0.38516817456793 0.98589577948569 0.69151535933899 0.16433376356951 0.70110355798852 0.69554703724295 0.12828685685062 0.00576955000913 0.39272577345129 0.02941826548374 0.15917014465235 0.98317450600190 0.11602399058408 0.47214195326845 0.06249106275643 0.02625132196114 0.69393936289063 0.44685017890984 0.36817202400240 0.76600866877545 0.19291736392890 0.18658612159587 0.22938169670928 0.97742884682346 0.73174560105342 0.39622847999953 0.45129381882419
0.35270810954825 0.80006640738092 0.94658173321886 0.10407715922682 0.89051477976881 0.49910280839257 0.73145668991267 0.63412132922263 0.99297865755320 0.20305067825590 0.99856776673730 0.93757582946315 0.82685800394507 0.98822292177730 0.40870880231488 0.30292598503147 0.90241656598134 0.68152528662536 0.35205433401414 0.87549294829631 0.15341021796307 0.78621092445038 0.46510761377952 0.63650757523377 0.01272892184202 0.07174996088189 0.79556126703350 0.64724132467747 0.53511193503089 0.50387879259783 0.53739548176589 0.46188647179109 0.97355871484858 0.54960309090817 0.27719149419610 0.04841175829550 0.67370544818189 0.81970093646366 0.34904206743001 0.28878174201673 0.82078073451173 0.32274524546895 0.35048971216487 0.78754271438366 0.76615392976385 0.83547678345603 0.18709392943804 0.89868930756534 0.78870278651901 0.64706131697040 0.41587313826885 0.25159556631052 0.98285108809300 0.38858119436207 0.52512932806578 0.59173435100613 0.85534035496670 0.85566626706546 0.52294882937644 0.74099910968151 0.63856402968223 0.92292041325734 0.70113855593964 0.15935467036979 0.24696035802587 0.70903734798321 0.25589474579489 0.22211430460824 0.00921376496306 0.09383789143335 0.82974965569876 0.03859911836065 0.01661069727898 0.81604882714256 0.80559279958482 0.17280174748122 0.45729412430495 0.98149374893869 0.94347189467939 0.31521476472109 0.45334143028476 0.70704097280074 0.11148499529839 0.42176878692220 0.23708418034502 0.77102829991145 0.03259517230853 0.22386163308404 0.75251814405222 0.54056867111029 0.09112542314242 0.54063342939615 0.33579878257570 0.98712022622013 0.56506109015093 0.67896471678787 0.40206138549276 0.81052945272017 0.56644886924096 0.80440413396392 0.73204027599721 0.43549689152779 0.03432963810434 0.28701778819221 0.00321492021273 0.63013545145329 0.38955165140047 0.79439441218489 0.73715616448814 0.60052927140035 0.33211788570002 0.88514447941375 0.23909063823968 0.45047039497233 0.97692802475192 0.21928979227407 0.58809276737770 0.84044479111426 0.86102161685375 0.24989901978208 0.92165229225731 0.93140694948588 0.81937459169510 0.23986648670641 0.56442529989140 0.44426516102861 0.02964388191757 0.96299793504773 0.51364692308977 0.27574055111226 0.97524317204036 0.83237700012032 0.80291118487015 0.74740478343088 0.74778008795379 0.90141263039503 0.10470036091775 0.62481724662905 0.30519535028791 0.70684488858956 0.78457854023764 0.91534366745493 0.85991477984001 0.31278800832409 0.27637135438068 0.12634239474671 0.89332372775510 0.66076397037820 0.83507237974068 0.75459903935348 0.38819638336941 0.47689505701438 0.96718251623128 0.34243853210910 0.52359312743168 0.17502445533769 0.64168172638146 0.87157076902155 0.57310416596363 0.82994700707486 0.86101673519459 0.17569348661012 0.33448615373977 0.19233166173805 0.48562580105961 0.54076349833985 0.93469608298988 0.38489512966220 0.34250562765364 0.60014452373523 0.59085433642564 0.73572693433953 0.19900672102041 0.76834478207804 0.08853241781871 0.27018551422590 0.67383133315074 0.50551101293835 0.99891569612931 0.38500601580465 0.59192358494435 0.16546529731801 0.19652406483952 0.03252226867656 0.19729277729553 0.91559215942006 0.01487020388588 0.75985620957397 0.08936478130829 0.51547938494108 0.82861718733984 0.51197673399516 0.45914877234376 0.16372690486360 0.84722624527907 0.95998431126436 0.54934058951276 0.74332116793517 0.26723095598303 0.07745662117943
0.63877510225489 0.79697996869690 0.77602372621140 0.74999658479550 0.60650271024087 0.94458180805028 0.72538582992376 0.86523456590521 0.10746875608221 0.10422163679446 0.05108703829876 0.02999798538525 0.16695377973667 0.75519542793002 0.34925333588429 0.07381455399195 0.53135972230960 0.92241962494289 0.25619902480257 0.18871056680518 0.67581177509389 0.15837043934668 0.97097883926840 0.82852420329586 0.28999696544199 0.41296922502129 0.61547821345865 0.82413296005549 0.60910053213106 0.30732768794882 0.08867067199377 0.59069604951177 0.03037003458766 0.31950227616683 0.10133817737668 0.71096761384560 0.20028744697296 0.93011709301694 0.73258022455811 0.33763385879188 0.22083316262304 0.82213808080440 0.28634505024587 0.04856695248786 0.62577423429429 0.86413965556289 0.69226927868233 0.42144338171689 0.06436988658796 0.04186309846403 0.73119054761416 0.35297686553070 0.60258911815964 0.46112080681987 0.98501534765940 0.47540113582525 0.07193188982407 0.25844930523484 0.16247256974888 0.07404187660357 0.74829555698089 0.93020604193737 0.50382848203806 0.31207523380504 0.72699968022980 0.38814254781109 0.24699894483165 0.81372333507170 0.01914996234006 0.17234824825738 0.06192645927436 0.12679656657118 0.29144871148777 0.12547731247662 0.81004649781435 0.84136639098045 0.41287427777476 0.45550479464863 0.52024584439378 0.89627831685161 0.09736293316490 0.90047679112811 0.00162665793323 0.75753816224256 0.72232464668557 0.11678946055887 0.35776244109135 0.54883597146915 0.35105243787151 0.90283670189450 0.13498063696993 0.11268095868311 0.92769690489186 0.39166943827738 0.72025956821667 0.59728324730415 0.65911144440414 0.96514914542906 0.08061878840565 0.82070221324032 0.19200147542651 0.10835858795773 0.67875629498098 0.52812914139239 0.20632405925273 0.15414821920264 0.14392779577537 0.23124298113890 0.21690864586622 0.10865759794678 0.28433007577394 0.24784471328876 0.77330077342196 0.46769419794345 0.73407349268320 0.79120508970458 0.64116341117534 0.75016729094539 0.11100573715590 0.82803971872465 0.91141356635125 0.36666830461478 0.03322919688296 0.68325723885412 0.86242283395509 0.85298108735472 0.46838872782260 0.04404624179815 0.24927836225230 0.22579804474086 0.12314778722491 0.61515261302476 0.99660438601907 0.75869357863407 0.70086417245405 0.16681919630849 0.04720352592678 0.89359981766728 0.81073100913437 0.99943630268757 0.49379262075264 0.00856262958639 0.05929588761680 0.81066558119638 0.92074653014113 0.11225415239125 0.90719193406105 0.20683394866813 0.54196999315077 0.93964581805749 0.70328109615892 0.16828116187962 0.48521705268453 0.95727430759418 0.49853805130061 0.42323958098254 0.85249718694484 0.32976395326045 0.48992511061223 0.46909284587581 0.31443809605885 0.71057709512635 0.00096201061984 0.22055852785999 0.92258508100173 0.10656237927304 0.48120231827466 0.14341021213121 0.58522663156397 0.99863660025584 0.81089527515700 0.47369907199841 0.99331887449078 0.08949275803988 0.90619763560085 0.64720749751616 0.99372133792551 0.03823291627599 0.60882570407760 0.98631261092215 0.37996131638691 0.80588400489070 0.42486521573123 0.41355569336396 0.98070407867572 0.26192343191216 0.45068294278139 0.05567129067108 0.49409865069511 0.60731455887459 0.55928504645713 0.43840790314889 0.03796489374599 0.04113546646451 0.92565964604728 0.65038528605397 0.63161347900616 0.45920174272790 0.88552522376388 0.36861873138768
0.08207605890966 0.47893702629595 0.73136826760135 0.60617426801556 0.42588478694793 0.59188459051687 0.86601873652878 0.56503553426776 0.27821622234264 0.18167024606583 0.12256542243605 0.22100718191992 0.83623185139638 0.12929280128533 0.56426441060377 0.46483144445177 0.85575304790996 0.95474825181766 0.48975606477358 0.48035557952301 0.27731714363837 0.06451459814190 0.32571581494535 0.80826886994537 0.03485621451417 0.10738728410718 0.55987936304697 0.80678393455554 0.76750110996454 0.10389712936857 0.93522547683536 0.76022877908085 0.08661895204546 0.88971975830569 0.35865446472450 0.17186084728722 0.75741935048523 0.53595498138670 0.11088423181182 0.62316444558749 0.85829175149225 0.63751489362437 0.18198759044320 0.86089881830888 0.51401814870329 0.93047712391358 0.06565367644652 0.51290675528343 0.03968055895888 0.11820038014920 0.31350667397397 0.35728277221262 0.01137176463478 0.81259687889349 0.31848043003958 0.65407017894233 0.20359518465223 0.37179847801798 0.77202354462211 0.37773991987718 0.10941162452921 0.59427217623298 0.66610605913103 0.81939736630122 0.80036007537098 0.39434423607560 0.18112270599444 0.65235808221622 0.41685452685976 0.81426771618751 0.54239512895689 0.57098707289066 0.90686567570362 0.42457724715823 0.33023069677942 0.28757137396501 0.42575392621007 0.67784059006897 0.71910327068640 0.53146327903843 0.03762354054642 0.31711801943185 0.34924198450105 0.54300417741479 0.12909005549750 0.48518459446235 0.30705620663891 0.17431501985307 0.28472151560337 0.55109620727177 0.72781321867080 0.87443060283375 0.16754626918083 0.19837453358020 0.59024754807300 0.30861653966455 0.85651246676824 0.65326034007036 0.29124622321774 0.49008024020100 0.26983763677564 0.27051138770516 0.47853744880426 0.06003395796240 0.83689957704030 0.44590506239222 0.70592926066054 0.81778301328246 0.00941679255235 0.09630790102666 0.25007914705397 0.00653328783959 0.44573576804092 0.79237511098047 0.46433494073780 0.36870671630422 0.25798648163182 0.08158376482860 0.96703645960978 0.03615519515691 0.79557105691218 0.73557482561303 0.44272754809726 0.72973881810817 0.12110452143828 0.24936877008974 0.99521879495574 0.02222578563157 0.36621453012312 0.43968230416891 0.16784520395554 0.31433228545122 0.21388329311188 0.61171866946221 0.80332837018637 0.29847722388192 0.69746727035966 0.99116854284158 0.22960713662334 0.40948435950476 0.50081067522796 0.89452768011157 0.53787629360951 0.55859734869609 0.50522941182690 0.18802760066434 0.36822084908985 0.35020998336862 0.20804004555406 0.68712544448966 0.85228003216998 0.67414511580080 0.55426234235888 0.69956404634308 0.83810827336664 0.16900831892082 0.20925900118287 0.02860001298908 0.66358066208721 0.29615293918648 0.92571152239646 0.84034752894212 0.80657791428488 0.89375769898936 0.11143276453491 0.15455028710443 0.27870310999675 0.68179362051660 0.33416894164354 0.67806824621625 0.37002000316727 0.94023221361167 0.40919173489529 0.76494918600892 0.18078693324264 0.88499571900280 0.27508389154675 0.40902018485835 0.00436812355707 0.59556739208900 0.50081178111548 0.01382595978077 0.26695653198081 0.76870704517207 0.44149152807393 0.63999382046210 0.90465010514074 0.20304500697012 0.99576361312869 0.21599363711583 0.62477405806854 0.27034035448472 0.11336381371665 0.78204409974068 0.28063146356125 0.81363527768317 0.50548006117745 0.59539016706895 0.76327799552216 0.26661192693230
0.81298431714761 0.68406866599479 0.17698797322232 0.09768107585457 0.81552092444359 0.80660870297152 0.72578409422118 0.81931032368321 0.97177688996086 0.66841916142489 0.94875913580973 0.93889937257377 0.70200535186031 0.10984170701646 0.62160427314178 0.30602985845478 0.62159242560202 0.61125315059735 0.58308848434524 0.48358911571522 0.29782100171738 0.51992878703307 0.95855357829005 0.84163946539648 0.49497492427419 0.15589884551285 0.26337329839044 0.48941080480574 0.22479291092772 0.54993446961510 0.67281056771548 0.15846205667178 0.51261363615315 0.49665183621264 0.36436006678334 0.69375880677646 0.83226050048302 0.59244265199016 0.41256394125862 0.89317646524589 0.41790802616802 0.07177037404750 0.68699655641887 0.29848406542538 0.63646935213080 0.15771361415016 0.94312988896565 0.12828455624320 0.86757617275563 0.60963970564376 0.94548179235506 0.88454766593589 0.19291244694523 0.30905248588236 0.21962410277821 0.70723981240065 0.34336718782262 0.10696562699468 0.75187234477094 0.06108867407334 0.62714482856936 0.34180768146753 0.29979624087278 0.57150340196639 0.81410264089370 0.05862545472831 0.12730037282327 0.42944908039233 0.42005746852051 0.31929588936614 0.15204753820409 0.76200695278107 0.76310471498341 0.46769044299680 0.37714465986760 0.97789969448064 0.78345211547737 0.18347553832103 0.53601054897247 0.41683439302872 0.52547674950354 0.39260494309820 0.70948380288681 0.47592764849736 0.72010238521348 0.84126558853158 0.08518245312440 0.92708457409340 0.71916055273965 0.74828303794332 0.76365016782938 0.06066862883684 0.00045413111749 0.71502277665788 0.08019153506164 0.07377626890740 0.51005414796996 0.40287132742289 0.75660328965881 0.84695161664995 0.52326824202862 0.22961720550216 0.50361665928876 0.81007031509628 0.06133945609625 0.48631773198083 0.51578497915890 0.38890637861736 0.10151137088998 0.18891759051232 0.81643635025378 0.05898287540554 0.87812949482565 0.63040355907430 0.65048066203154 0.04407436794102 0.07941006388049 0.13598571403505 0.57502542174104 0.61861379356659 0.74492929465043 0.69958291256480 0.41027273768575 0.77544943781813 0.93355435444706 0.38752302967932 0.49754049433695 0.99384768047498 0.76882013048734 0.55362922893814 0.94972298710491 0.97842210678930 0.71583395898132 0.50806733237596 0.34851397326502 0.67110502301033 0.05409948406121 0.27180527841080 0.20492852726817 0.81388116793370 0.14612402176938 0.06480898364196 0.81095827233860 0.78237341162019 0.18121824599923 0.47353997351668 0.91333354603114 0.66804530369523 0.12441028780621 0.16214568436225 0.56392870494292 0.30030804940558 0.46909044340481 0.66841307935095 0.89576904665177 0.50136464656544 0.45213892304498 0.62225275137503 0.38830553058942 0.26134819131882 0.62957954233759 0.15173873213737 0.56602249015612 0.48914802106417 0.29456207733825 0.75965010811743 0.32439144026036 0.84261593853778 0.04529335521275 0.20289317347584 0.34341005661590 0.87312937155184 0.43347576564773 0.25360876568073 0.80112202095430 0.77294019576690 0.09424700270161 0.06421655209481 0.26988481170123 0.18194747663419 0.44230054611262 0.90001201429129 0.74572180113340 0.16126435334832 0.39182358281722 0.32161543993653 0.32697045300699 0.41424900036081 0.45918623604225 0.50613316745568 0.17339174825240 0.57512928369524 0.95747967019798 0.00717638368239 0.07527953705596 0.02977475227123 0.97886606278616 0.90150917637624 0.15774716741893 0.22733080636733
0.61970495632560 0.04176595418568 0.47129546950282 0.67515296310173 0.89528774608202 0.52299495253264 0.75311355483184 0.23666660451014 0.80286331261981 0.58973703412684 0.12655561591625 0.02307450973497 0.52923457911961 0.49237229455336 0.15645879228813 0.96586522123572 0.59882656496040 0.13736218315601 0.47737369865703 0.42645020769664 0.07842889297072 0.36730787487746 0.72633595959931 0.53020925552875 0.27091903491520 0.23969733345443 0.19219279170697 0.55961282805452 0.98697814558825 0.42811862454053 0.24623488400652 0.84939112298765 0.51432252659275 0.55374766637757 0.12881529452402 0.81701343681655 0.22064070248684 0.56364914867078 0.26057368761050 0.47418889828888 0.45157954358244 0.84885312494443 0.28294964801155 0.12846110040685 0.98748767260331 0.97804015017319 0.49320865272106 0.03689807243130 0.33253387236581 0.08007992599735 0.52675200041056 0.38742002334201 0.67757566236398 0.52604754015982 0.36594623802058 0.31485802354036 0.10958488178725 0.81031109017009 0.52780409260635 0.45275123175846 0.17039268639998 0.72655566647575 0.29019222424989 0.40018962538291 0.67085206390665 0.69111757312368 0.04239985638874 0.98165245470282 0.68283430721873 0.85751306213971 0.01816742685400 0.67896305243230 0.39570386075827 0.04440375073156 0.32995923969761 0.76778257531709 0.07662827035885 0.40133047634928 0.61026156724003 0.84616645070481 0.52202639226292 0.38183143480747 0.43753146098031 0.78623733571682 0.43357810394365 0.51684724203093 0.76890543956872 0.64003979544391 0.01147815172751 0.79268764789955 0.96495086402647 0.55067940548324 0.43343786403232 0.73980690441580 0.70699802324062 0.10361680293812 0.00895296112222 0.59002659522100 0.56281306918655 0.73774024325845 0.65139516849507 0.78758643558839 0.56395261279680 0.58156407964031 0.21431703940019 0.48715044039096 0.94733203165645 0.65066885717964 0.87051105040038 0.23425841769135 0.70282723923967 0.53448990413306 0.53899301703322 0.79219645906476 0.23463378149483 0.40516146838696 0.69792388223113 0.33556790912782 0.64491242688084 0.25833396114488 0.45114587130741 0.90391719175392 0.22437280200000 0.82001362543056 0.06950401631209 0.85871371085107 0.18897544960727 0.61662741122614 0.24163268120604 0.76595100849774 0.93592645851898 0.14341314917021 0.35350717034781 0.17164460957662 0.31209406814731 0.36277663634753 0.35783058748881 0.79990274734020 0.19690789747544 0.29991823226375 0.16344331287332 0.99057807653961 0.72382830932944 0.74306915747561 0.89520950969573 0.25480062934585 0.11889601723099 0.44290392342943 0.94215631530147 0.97153164356982 0.97741544834010 0.74772367752784 0.34240483627333 0.08067202798631 0.65793942004725 0.03296006731319 0.38692838822756 0.05199473578000 0.76268735813800 0.06837289731688 0.19930588912218 0.96258626134051 0.77166847099548 0.45311556233092 0.77294116885713 0.28344550921534 0.65569143487780 0.31619175768130 0.62276178415085 0.82414310046178 0.07200562548707 0.35755523548681 0.40773503869922 0.02585278278593 0.97850512529072 0.90116357992553 0.41402096393690 0.58110029498378 0.19148628848599 0.91440795078941 0.04861808379119 0.09860031243406 0.62621148056849 0.29445259930480 0.20666268184526 0.38780514693359 0.17237638861784 0.33390952287089 0.17158746012521 0.93708107863588 0.28003907120019 0.11053017108017 0.27998207029524 0.19104984166372 0.77987612968416 0.70357424345365 0.03673083891112 0.95018315736228 0.68015907815983 0.91031755163135
0.08763340167644 0.50932073667980 0.78451698630820 0.89024667051791 0.66185822629839 0.92752774653811 0.69411090956834 0.64859352183277 0.27854556583190 0.23032484258968 0.06926738055507 0.94380905692736 0.37370817182305 0.42891477744352 0.87003944414808 0.70710083023325 0.73786202629489 0.47729800831646 0.38398356033751 0.67428845488110 0.54343715444041 0.15413491267293 0.78860632928228 0.47209520361778 0.55771519191474 0.34082613817962 0.85983263723107 0.95361463866116 0.43435405115949 0.01505033266106 0.09196331868505 0.67541904393554 0.77082871392812 0.10531450591378 0.61740030724631 0.63501298500887 0.28544973026299 0.36601040956862 0.51458546520419 0.66261727652543 0.99146264369868 0.18454127866555 0.76805931680964 0.30424534597147 0.22460132929560 0.25978066237139 0.76995920377255 0.55534135371812 0.42921541201865 0.11214206537710 0.15509751263300 0.86047658840211 0.07718011838212 0.21539665840983 0.47677041433779 0.09778664204009 0.59912435629199 0.39588597259220 0.46674409852276 0.66782704448119 0.71232885997262 0.36675471369396 0.88541001689705 0.66698201085209 0.13941003325821 0.61668360570011 0.41173557049346 0.73055968690722 0.43047199510210 0.23585629660713 0.87496602372040 0.16115044311482 0.22073960748194 0.23698111795766 0.66301655252118 0.69939167260399 0.32919011656109 0.22757962939472 0.68467782302852 0.13409122927138 0.76278495059304 0.94274616222415 0.45663354788473 0.80823414403195 0.99258090974168 0.54480056722087 0.33754528586891 0.53589850115643 0.89494161870953 0.38047166412547 0.23582294251927 0.48110771745495 0.31315630654614 0.99785771805102 0.36439812769976 0.72802614060341 0.36321715229135 0.84851944498749 0.27512579537902 0.28223420419934 0.96527936757780 0.05998180839865 0.71404394506356 0.20641415494039 0.24614150738125 0.28641555902420 0.67799445090540 0.20637387099644 0.25357392242059 0.32187437658367 0.52991710546747 0.30798865493537 0.64140999684390 0.35350232393819 0.40840897815195 0.22983792871196 0.13740697035741 0.13094709654053 0.47397570638349 0.91882584403841 0.96682330260743 0.32156284691631 0.06742910271898 0.50257296644089 0.13637951178670 0.21795961708013 0.99651041430445 0.37136752790020 0.16854651035683 0.83760083898922 0.79421880900372 0.78917768877474 0.36757834905902 0.64810273911750 0.96411493704167 0.09069218430913 0.12716858118024 0.85353648021860 0.01915889765915 0.63489069230939 0.09369515285098 0.37066657300542 0.94080412757690 0.49050741613945 0.80872110636323 0.99390870527669 0.46977515876326 0.06832344749168 0.86541644158738 0.99420089472790 0.04667621712663 0.91592306553618 0.37726734727147 0.28274229154825 0.43503515834494 0.95488841344747 0.82021654237584 0.94006443967698 0.11379090742569 0.14287562450360 0.37268641866688 0.92422045059798 0.31391223501510 0.70922727980344 0.30692918420874 0.66931450914097 0.67743082161369 0.52252872005892 0.36035269598329 0.77672933438920 0.33122200189650 0.47240117781715 0.66490798595531 0.48001674116601 0.71776171290345 0.42979144311892 0.74862124617780 0.25256888094513 0.37008932375439 0.52821016902018 0.16888709668004 0.87353471603246 0.25652203424552 0.20242540082821 0.72812914139018 0.30585747579388 0.90037241714721 0.59753663474702 0.52522633940871 0.15105732878950 0.88693627457721 0.02387417121930 0.99265926219130 0.96520420736278 0.70186276466666 0.07681342376513 0.77873567156876 0.74032631265902 0.39659765610728 0.24219400780545
0.09697579869660 0.45469649718635 0.99024150261893 0.89701012644234 0.48955173459993 0.05658946900253 0.64910518929531 0.46516169187853 0.24471176361808 0.16222460622812 0.77598146970376 0.10216239858214 0.34678867128097 0.23491056963567 0.39693637642414 0.54992423188480 0.34019776948551 0.72519488792022 0.71726402769417 0.66983827776255 0.44296583575522 0.66585833806871 0.06338768295659 0.62529698373191 0.10676575379515 0.92449116188788 0.29955325050642 0.63838531693985 0.78158109006547 0.25916792200772 0.23370453371929 0.11220846826258 0.43319997380965 0.88097354549492 0.13366265605380 0.66855384612609 0.64181548504022 0.12021777114874 0.58348846479810 0.95595972724421 0.93839884142476 0.57134512084760 0.06210138267677 0.47088710594216 0.92071972867562 0.69658610050565 0.57006594645938 0.35844718820944 0.78302677693313 0.54319525164154 0.28633484273526 0.12281827564317 0.86611799742137 0.37527168212837 0.23453285226639 0.30022764438918 0.39364131516640 0.56308320152094 0.25893592979731 0.10600203791790 0.32143306888560 0.98911768650859 0.75348634529044 0.08285831137118 0.74850226855085 0.69929521601189 0.23000598246416 0.07560223468510 0.95939032115802 0.49266130713431 0.97542519650477 0.27591522162730 0.11604502795621 0.82826782983490 0.45807445646547 0.75736732054207 0.79469198445680 0.23137566984738 0.72983212510027 0.13490629904347 0.02205938098574 0.39977754871028 0.62888008288456 0.16630764097607 0.59817292861934 0.48498330055016 0.06102461201826 0.67694016056533 0.24902947323680 0.83179503304678 0.52381207476950 0.26330254865828 0.87095904907379 0.21004746606991 0.23160445218340 0.26830829075981 0.97000258169242 0.46476417503878 0.98025336777171 0.53831211262934 0.23861313216122 0.28949236621843 0.20400756228152 0.74312598869075 0.79184677048854 0.14947257541933 0.18767321468013 0.52965103284153 0.67743782370967 0.03297924595116 0.31754027637313 0.75033904490348 0.80001500172263 0.92327268993820 0.97795911596988 0.11673967509871 0.97620101143654 0.06693207395823 0.29216710180305 0.80408107751301 0.86791524569717 0.02779014804239 0.49161460058167 0.76478962657376 0.32514943917805 0.19204329602890 0.91330863112777 0.22900928983753 0.94804920195877 0.01425452754905 0.58210690255967 0.15692296642215 0.69178098139939 0.25590292613154 0.47475966864381 0.26893857399053 0.37723694882114 0.11735059129807 0.77854014862545 0.53010888689691 0.05927372477176 0.55980121482100 0.13091977237401 0.43067466514955 0.56385003439246 0.17691126133214 0.68159251391458 0.64388935849440 0.40796027850592 0.92531992444792 0.95535945899661 0.82041758745843 0.58986478477678 0.07566033033174 0.77633601398726 0.70424067450458 0.38690739761107 0.64131837273573 0.90545848475117 0.85302322673480 0.16975274813461 0.37554680771710 0.97286344391934 0.95347475839510 0.95094755828989 0.58610931204477 0.93733250215289 0.45762514502103 0.91003586281481 0.28984747915836 0.87642332960961 0.93169583860797 0.67979898945951 0.99762273640865 0.54124792317612 0.72011145896494 0.82772388653201 0.27077438846468 0.41357227835767 0.51387710621746 0.15405859609488 0.88174257293728 0.68988287282604 0.10234497129494 0.81472559657529 0.03809380595488 0.65056064673793 0.67975746136615 0.38787992861610 0.77570235202556 0.86503748754161 0.46251974663801 0.69713328336135 0.25476179570562 0.14803085344311 0.54725192505808 0.05876819932532 0.60870034040645 0.41422041630614 0.52930880256776
0.84875942324513 0.57544967717999 0.19392492300957 0.03906165222363 0.92057379018005 0.59828480328818 0.23627864584787 0.05041595084559 0.41986881431017 0.71494828028867 0.96547046678183 0.54130059503919 0.84476309991582 0.00848356166363 0.50899968475671 0.22294639259207 0.25538207988601 0.01131073637223 0.38667467841188 0.75223179370337 0.93817651281852 0.43606384578297 0.28765282864858 0.47967036225151 0.14387372301208 0.23841262356982 0.25503930389844 0.14677140672303 0.01041185274939 0.00969410768884 0.85845166302057 0.35692986358495 0.19155094342422 0.64823443338993 0.24369527640199 0.56204067670042 0.31886320344844 0.29515294345083 0.20130444039234 0.18269138477628 0.28211333593704 0.03805263455870 0.90404113135673 0.20878289715083 0.73251925783312 0.58657959862947 0.63255688340124 0.50449987537651 0.44768794901380 0.09331225816664 0.90777305085787 0.30380862587451 0.98911488375531 0.38525920229473 0.33518132843261 0.39063072545112 0.30426584518808 0.44799875389964 0.56465417765203 0.94979795874560 0.94142368912047 0.67644779670029 0.50700427283614 0.57030373824233 0.50668300133961 0.00144096792733 0.78313053982247 0.94254812013880 0.32989500670454 0.16481925879432 0.34786301346264 0.69995095818691 0.42839497177603 0.90659498979788 0.94301114657991 0.51213999963614 0.95165723694854 0.37084325447684 0.59897014958339 0.20766339327522 0.56959178333400 0.84223366009080 0.10271879562447 0.19755937294756 0.14529264437189 0.91400994069263 0.53045137109647 0.56590480243181 0.76609483815664 0.13429228650566 0.66454967929219 0.11147627253122 0.32868646526707 0.63420051636827 0.24651433835558 0.68584694462525 0.58258646019968 0.52350188374932 0.32145230330070 0.26096056798182 0.08770462920173 0.85837063399045 0.31135547323373 0.63672684619266 0.64819920491269 0.25376374975900 0.07977380992380 0.68328762624893 0.47766190769642 0.26269163261719 0.75821255852135 0.10498716376010 0.90636096313615 0.39334575211062 0.06061653021300 0.27200844313760 0.83745120150623 0.97558101764587 0.23574301451665 0.71594781584620 0.50637734298830 0.46624009257590 0.85856250626289 0.43473203694368 0.96044744079723 0.88680594482576 0.85649641310795 0.15261603485606 0.51353307352333 0.08460788724335 0.13064924835109 0.83948912455941 0.97969340869701 0.80329438237214 0.30329219451967 0.56587321893858 0.89611353551937 0.39722779904844 0.69685433292919 0.87389517393640 0.94199677992488 0.60841363129974 0.78387641043579 0.47986942936228 0.23059661231035 0.35003234379907 0.40537121497945 0.60813115690823 0.73895672206705 0.91846346737128 0.89619618350396 0.76826321443914 0.54223698606960 0.65816351236685 0.80839948819130 0.34824981794095 0.51396115241775 0.87755920904547 0.11094205449822 0.98844022182624 0.81509764486342 0.99308915667923 0.42450595946987 0.28801404738618 0.32178632105781 0.09114324196387 0.01760440873249 0.42471021815781 0.75864455387652 0.59404663105963 0.44882396310835 0.41834031674254 0.64407655896086 0.79160201953888 0.92362290437022 0.76290914020690 0.63812453495290 0.35533122843752 0.11998825282913 0.40564284085689 0.16464013146953 0.56832745611302 0.86707669648812 0.54124134421927 0.31488192763586 0.24643122788380 0.32270872899423 0.27934578945157 0.87383681653129 0.10443875318168 0.85306317310527 0.91029436239052 0.52367951711016 0.35054163587531 0.24639959983807 0.53343596452759 0.63594148086377 0.36942101147209 0.03206780354622 0.85477237779885
0.28480358533771 0.41888133472857 0.60700229437981 0.95660769844116 0.61139505708578 0.84537854871626 0.22112346582200 0.40851316431743 0.04294009876440 0.36558454822121 0.05791946060818 0.70028419382097 0.74309574807159 0.79387329991510 0.53822623858198 0.07289842975367 0.09609972895324 0.31943941921578 0.76114064447619 0.42356734073383 0.19891861875636 0.77388571307590 0.34629251530519 0.55286504908175 0.20804267580325 0.05785480549572 0.39883717561580 0.33275719232788 0.88593134212841 0.36685968749331 0.62688635106949 0.44510627850485 0.71361989670491 0.48471289366202 0.27937455754660 0.50783506596297 0.50808051647155 0.02601642278913 0.66322476009835 0.51000375175921 0.43622882740575 0.24967248298428 0.86971565949669 0.94344578029184 0.83004283156818 0.76589191959957 0.70719990136824 0.67820544175420 0.17792716525126 0.24920110410233 0.85923480941154 0.03697692004673 0.35123090662967 0.72404140896240 0.30318069998790 0.16449410636260 0.90231809859406 0.67980960597451 0.28479767928322 0.40286504693675 0.47240333070468 0.69804388693296 0.87401416993674 0.53880504802398 0.28466297441180 0.35636964936433 0.57558651984866 0.09964413143978 0.04635618145685 0.64865005908956 0.47275786908385 0.66728144853439 0.56464860314348 0.65459396945710 0.71494963914843 0.85791159104938 0.73835368999818 0.19154156731624 0.76054980491126 0.24981066714560 0.33094757253944 0.52585556893264 0.62069976221027 0.61118534384447 0.09130400601146 0.02286979818370 0.15640711651456 0.23839194698289 0.41854847999523 0.31778085936454 0.89413940881152 0.88928512624954 0.42619936160367 0.67181481084158 0.16996249793690 0.56793759388812 0.37533532520544 0.02447526527691 0.38952769101608 0.44760032913524 0.24242441359977 0.07254203682273 0.60817156189776 0.81020558678590 0.62748468261867 0.73347430651070 0.45617909706819 0.97942637667698 0.74919036628797 0.60419358519672 0.79122733305442 0.54880086795406 0.61342917511745 0.97581505719093 0.42409796592388 0.34824623817913 0.38258119752445 0.98132307542040 0.51378563031442 0.43770921772496 0.23975696326341 0.50977394405230 0.22788982210486 0.15220997273343 0.12855358168577 0.23111142164656 0.98802200776201 0.20567079031961 0.95571974974338 0.19809587479442 0.62729872948242 0.42875827004911 0.09015996874812 0.31857669587510 0.49873873891728 0.75687337320500 0.13033307550169 0.44437552475266 0.87052023341234 0.53800363932664 0.45916206397510 0.44645054980175 0.66119999051523 0.38902894121003 0.95821539681949 0.26325499700056 0.73906682819656 0.51742950068600 0.90453641212694 0.86890056517598 0.64979614690409 0.19550919717581 0.01483542629786 0.19852920897144 0.51746155847137 0.18122425141044 0.46466447294699 0.94649260161039 0.09946193207642 0.56839747544432 0.85277451648956 0.21886757370302 0.87713356614505 0.88206467358670 0.49137761742059 0.87455677689724 0.52001423156078 0.09181321768306 0.58651882389781 0.06085930418142 0.30601174254064 0.45742601459258 0.93040461300548 0.81032924784883 0.89856398719256 0.24458869186579 0.97713992870824 0.23399732053453 0.00867686199206 0.54239272566207 0.00125541414657 0.16837558107456 0.09790256596285 0.04690662157808 0.96418433573364 0.34584909478994 0.81419802367761 0.57100848354669 0.92536555221931 0.06653141285697 0.81949578535937 0.09246179855053 0.30085175164122 0.51131770298041 0.49125393799377 0.91641027688756 0.76850392093012 0.62916613999429 0.25633457292635 0.08768690278676
0.11544604149345 0.73528034088195 0.94829517209612 0.67861935510771 0.86941034554539 0.84992528899667 0.54588039738876 0.28791768867470 0.58334839246889 0.43625203950122 0.96927029236242 0.63231541903893 0.60417577596920 0.17613244221361 0.90816835446141 0.26061724582788 0.49124239620694 0.76925717975478 0.64138074509999 0.21636193189129 0.42787267714998 0.81534151199656 0.81798178316235 0.52596849144708 0.64581606455951 0.30469285280283 0.93116141989054 0.88643749122970 0.44894989945383 0.59809383249932 0.99123144191074 0.23174348558344 0.98965098559086 0.86570490021834 0.19016691273896 0.12010590487653 0.78178830956313 0.58287912568621 0.70810968062079 0.86745852566888 0.25522427923705 0.52642481508908 0.51946988651018 0.81526599558508 0.26103576690235 0.08922907939604 0.70367079866879 0.46405822783629 0.25313850488925 0.73647232732746 0.26955411257336 0.86364049820129 0.07076554577837 0.56502158299314 0.63725787488423 0.85750085924190 0.49683099093473 0.90441098599863 0.83859696634217 0.44914932373776 0.44783409699335 0.34148720470088 0.62268587617949 0.70083083371964 0.25150281421259 0.99523430706059 0.13208270621537 0.67705253980608 0.25414047084169 0.68234767297228 0.93398273792506 0.60131398344583 0.62594730387147 0.94597698987641 0.91447224863698 0.36825596829356 0.18146147811577 0.61733806717819 0.00607265516090 0.92331482983482 0.72508627283131 0.80445558610766 0.51829336625145 0.92922239458880 0.64999979609012 0.41908768545634 0.82054547605081 0.19638571801078 0.35383520896324 0.19179047751955 0.81968737869544 0.44026210300069 0.81125169971542 0.43095908343172 0.82956992083096 0.69160975543673 0.76175958609461 0.65052052727375 0.00889821239303 0.01628291028232 0.35677141602334 0.02233957866378 0.18760498819187 0.77127889704022 0.69167111351342 0.39904176442147 0.60451839243578 0.63865110034384 0.37604782292062 0.36253743463298 0.44173416831221 0.96639673772800 0.36591710914407 0.63801351363614 0.74953620354613 0.02322272277402 0.49007698166037 0.21859592571067 0.01465942002526 0.18069709381686 0.53777604524431 0.46402041766572 0.70092336836598 0.58802609240374 0.72411620426642 0.35530440890413 0.47301171333738 0.67209222177076 0.35095907283980 0.17643481534152 0.15359232743137 0.70830398613433 0.43782860615133 0.56614013025663 0.96453824644754 0.67141897223041 0.25072853987358 0.79880891003657 0.00150177348364 0.57930718071180 0.39834170014111 0.74102859237016 0.01500267451510 0.49173351429049 0.70824800095218 0.17783090239955 0.11365046507337 0.70055340034767 0.65070237258792 0.07546339488483 0.08212092202676 0.40373138046605 0.21463136144978 0.66324962147535 0.96870622402043 0.99131643131273 0.93088423251861 0.52640961154153 0.22907266144263 0.80995150624552 0.52163173936433 0.72814044167983 0.10877251842823 0.19373209966074 0.02012753393565 0.78054494081271 0.46076736317228 0.26438522044264 0.99726455756438 0.32200529834438 0.51532705053530 0.25809831207097 0.97914032874013 0.15175762888642 0.88518490184333 0.15897540824225 0.50216749987544 0.64579981990631 0.89348284925278 0.87117618884960 0.86513033246627 0.58226052568442 0.23448971690186 0.23673856483496 0.48837758535481 0.40983856451441 0.45013670769713 0.17469881634971 0.67300482548208 0.35355979760415 0.25077347173170 0.72153225953888 0.76997185136805 0.18541023631114 0.83483940099074 0.22866279213122 0.64146146706706 0.62667401985866 0.86907575603263 0.64584755031129
0.50149853534076 0.76247692867380 0.32375070976853 0.14661374896945 0.88974641002120 0.51822688806781 0.64809673904746 0.36234891969832 0.64114624477942 0.72320628400204 0.82715670951721 0.24927330978067 0.01797666186954 0.81889359448550 0.83680703818747 0.47680866889115 0.74892956304292 0.17645693266142 0.67121906909938 0.48348296010576 0.19971823619604 0.89760465389951 0.79819063116324 0.37734355093907 0.18831401390069 0.09958158329558 0.01268794745492 0.60785099617018 0.17163790258044 0.17982478456656 0.33936092818478 0.20785369459549 0.27188380041330 0.24079706659212 0.79002642840160 0.11138060175071 0.39195803865667 0.17002637359162 0.43800363040003 0.46178551573054 0.33367266566000 0.31631493556447 0.31072043528023 0.50157456319031 0.79984259305812 0.93424115952226 0.23593582211647 0.80066382868690 0.48319908632304 0.15294870471788 0.62084048881235 0.00083675780089 0.67545636014794 0.12110090545391 0.53162309821975 0.09717479243883 0.49386517061774 0.45283980903126 0.41784494042727 0.43680868814798 0.26580307749908 0.95879380465393 0.80388804162361 0.32067190716833 0.72675667307943 0.78180995345913 0.24723998943777 0.42176629810985 0.07279089446054 0.00750762499817 0.93225421918825 0.12505437650465 0.04171328386426 0.39350931709907 0.23170270180041 0.98635464508998 0.80847803211521 0.22788554210309 0.41673933870199 0.08099567615721 0.07025455999625 0.02351737990750 0.52998069345105 0.41699317622648 0.35178190706941 0.43585144835706 0.27381474117080 0.70462461642832 0.54812023436038 0.97374878392965 0.76355515885205 0.98528141399090 0.06807552979586 0.04661179787776 0.85126838565103 0.59175838602226 0.49636896860804 0.61670937854601 0.16129647878733 0.51137117564398 0.01907464021103 0.61890460513240 0.99504797437001 0.75209432585374 0.70394009936682 0.99149895259502 0.10421628356203 0.05442573985999 0.88705819151935 0.74397499448134 0.26496784372357 0.52783356821945 0.38090889225885 0.99913001211184 0.64037811272208 0.42604629204838 0.64622746573614 0.43012359582705 0.10640641014818 0.92197397493687 0.28743121924486 0.84961470816752 0.30154647626655 0.59452487701143 0.80203683309955 0.05514695333013 0.92677779904210 0.97524259669970 0.56029546554815 0.32440512935353 0.49402668600868 0.88140673399222 0.82639828309464 0.61154455900005 0.68610670543309 0.23705576492170 0.79389811776096 0.65379618210369 0.47455795999137 0.12112767576002 0.58401867704790 0.08557640423014 0.33706524913910 0.23625621948201 0.75297771531811 0.35143008527370 0.87254545480064 0.20416624544291 0.98351388918920 0.94110488599914 0.58541234350036 0.64172111475352 0.75887586684222 0.66321793003227 0.70242799204767 0.68423163375810 0.50417759020527 0.57168279817769 0.24323061788912 0.26573400263228 0.17201272802638 0.84428289642842 0.65212902396496 0.60130223762899 0.50897748628573 0.13152312201651 0.65609092297263 0.21600675571390 0.67758764738741 0.50101279431290 0.89393620408024 0.15313349849148 0.11506076502327 0.79165663813487 0.68360700513671 0.36382803116089 0.26385640031469 0.82378531421099 0.35508426526047 0.28189840130324 0.94144136171344 0.43992121360812 0.11557499882653 0.00478147834412 0.96577558153720 0.75059330440830 0.21389824456955 0.83644602386112 0.41956106852092 0.40104992421701 0.21386801132600 0.33847719795225 0.32838374034880 0.20961178892110 0.53927799052888 0.38738020884231 0.13302124038335 0.26798160442186 0.75873320316684 0.99505228108733
0.11876882124137 0.15633616565038 0.95403954158266 0.34689876458085 0.74512935764575 0.88857491137080 0.34817872900539 0.87379394116426 0.27929258849837 0.08973791942153 0.90716698564323 0.49719210717941 0.92795633649220 0.06579458464082 0.02427349898930 0.74823216140845 0.44757346453803 0.87911994409305 0.67132291421589 0.13203865659503 0.57293660643020 0.39291382401804 0.65631238992347 0.43369322822299 0.30337338455508 0.62905234828217 0.67266092976021 0.41784844932831 0.12974427198022 0.25418814883717 0.82955688741756 0.27550927694793 0.91344831750723 0.89083959359469 0.93405362896651 0.84969120314956 0.38467316400938 0.29147577195309 0.29033090954451 0.77908367655297 0.21506269615509 0.15083879364007 0.11824467389101 0.41945480666880 0.35665209103797 0.96966511971817 0.71283871727128 0.56472534971301 0.62011054268397 0.02279023669649 0.27086868672797 0.69744697331317 0.08848641647588 0.03894294284227 0.59726367121873 0.57851301858145 0.04425627913443 0.39668049011463 0.55734739392978 0.32323121375889 0.39642648567888 0.71704344983923 0.85465071268835 0.30464412094082 0.02067046660800 0.70616299552737 0.91014654932645 0.15670394874117 0.80100225796658 0.30849215753515 0.79835158659642 0.78606966066459 0.48821224357688 0.29123904130261 0.65199421520761 0.22057640527959 0.47169683062578 0.54397144087114 0.41984289642396 0.58410574816373 0.99693094033038 0.78698833051725 0.00298516173184 0.55509755594304 0.68458028870992 0.24941076966967 0.71958340528219 0.15100574721852 0.35209850541375 0.57017333311989 0.05680656393362 0.89930825850966 0.58796856207658 0.76239786594911 0.30713297746823 0.44304048188823 0.34478875554680 0.89036718745478 0.70911699571551 0.33275283842376 0.36402506705642 0.94203764690562 0.50985063276550 0.39609113946767 0.91836187507690 0.68671104148856 0.04116539774126 0.76560879450297 0.14408904535944 0.66761422616711 0.24800509618256 0.09518911493310 0.05591168826259 0.56099758722329 0.76264703727667 0.42397688637920 0.64813660080091 0.11662098168469 0.69825733535828 0.64981719885533 0.42299350906707 0.37303557037340 0.31798075519744 0.16576307252826 0.46679441453891 0.19907621355632 0.08518801958164 0.91035202620537 0.35118625380022 0.87126452803557 0.45288653548653 0.65500785141571 0.90483412974275 0.88377594081017 0.27827079112989 0.84975523109899 0.14537569489997 0.89222948718749 0.75104122732537 0.90264401644418 0.83324540425140 0.22893860711555 0.52323241257270 0.72369520885000 0.47745724314778 0.19367651937327 0.60537280253814 0.76114427735854 0.60530611790801 0.67925069905525 0.79358528316106 0.97076088618948 0.30382680721180 0.13980147422287 0.30546253291230 0.20553386492513 0.82586838507011 0.20597523369360 0.53546649992380 0.85695097325443 0.44975868909647 0.65567629962668 0.29799683508373 0.07118513285261 0.86900811007746 0.95503037754310 0.41884178278312 0.21235532717162 0.83600784559534 0.09026652181110 0.73468631516329 0.21324087341717 0.02656245253511 0.38034105188851 0.64576913643059 0.37782530743876 0.94183736568147 0.95832995964799 0.33337845549664 0.52809111968686 0.86067165504196 0.00183703940743 0.28967477875362 0.96661394053989 0.47883354503190 0.94733509450053 0.07750839413473 0.70467494687929 0.24024489663759 0.29547465794952 0.19468863438504 0.04720278416691 0.45969669464683 0.15413710881988 0.34488710334224 0.94131186595656 0.27950440068435 0.35729453779902 0.08760214335716 0.84877542990838
0.17720353602894 0.41372719899114 0.80541048379851 0.83760723835668 0.45252011710571 0.14140791005682 0.78329166208065 0.78784094848383 0.91754460117862 0.75244861583600 0.83248911939491 0.44945671173997 0.38400750824390 0.73953914570720 0.67959575289925 0.41853274823395 0.99246543118351 0.85911663204144 0.19906288431290 0.69605552029040 0.00562810246364 0.05245067347887 0.62853769699495 0.23089278731831 0.58904009789541 0.76523623268012 0.73016125100363 0.26397765484526 0.11238961951603 0.30150216817269 0.27973847978584 0.61144420564653 0.77356598496740 0.83944018474313 0.17436375284264 0.58827992935753 0.44008805166481 0.26754057825377 0.86693788983614 0.38978144737242 0.05572788746214 0.63679689391613 0.66834636127593 0.19550233844085 0.45327620271535 0.23610923254160 0.56655508959760 0.47474841646661 0.29948176356923 0.80254282356717 0.48964922124503 0.66438352917181 0.85541106946205 0.64640948587398 0.64778280790905 0.04284732082060 0.11819092314411 0.96341906649593 0.49212339186137 0.94156942318584 0.54042270834465 0.89149546777258 0.46039677351185 0.04367643111121 0.32526789591936 0.82868499322850 0.22220220663849 0.73121096443584 0.20114871024427 0.62761039980425 0.59231383052461 0.08638253567730 0.38652489743180 0.06007701880601 0.93663658694817 0.57787610748675 0.62018422103872 0.20318068601087 0.34235825800933 0.37068274729605 0.86533051339227 0.35405717240832 0.78954275191568 0.51745240485764 0.46914990454069 0.92240280305432 0.30842940061076 0.70211927304872 0.56891290455099 0.20185129062788 0.30977206653971 0.15756915588374 0.40633243450716 0.92536631037770 0.19150613920005 0.82234821796471 0.18364917666566 0.71826873057695 0.45027807357258 0.73199203100881 0.98048603640211 0.09993798673376 0.97431573776103 0.16931331343258 0.94953227086891 0.73865977133741 0.49903457204670 0.56029186447270 0.27339816651955 0.20724725764073 0.60764834128051 0.79075032995917 0.32948177540302 0.32677321167896 0.20163899064158 0.67920097963379 0.87950451705806 0.96576000141046 0.56144040773802 0.06030801357660 0.23978579662503 0.12636348680724 0.01239478313195 0.97230439610807 0.27495180299481 0.61588671644685 0.24199967797289 0.91618477463590 0.60111623632057 0.22456518963117 0.93570297867038 0.53140593424652 0.51346986826355 0.69876355340247 0.30201166602848 0.86263077755219 0.47099047369210 0.69908526612614 0.04630608119712 0.05922448967410 0.77179543379627 0.46943046714302 0.28154665523737 0.68395193377119 0.03678157714842 0.78117793311533 0.79808945058993 0.76709927907792 0.44750368089069 0.31981864249167 0.81321444089379 0.36985580053695 0.07083514102796 0.15085621366805 0.78169023424968 0.52398336061652 0.34865082598492 0.82426100674278 0.78524921686814 0.29388701757008 0.22190049222916 0.82697523248456 0.03106652406411 0.80792266097298 0.74922492356209 0.24165355737697 0.01628287804005 0.96816922304033 0.50777820459301 0.93988986310492 0.91447972220746 0.13459704909115 0.75374027688090 0.38184716011032 0.68147556886187 0.01024589957507 0.83559275207086 0.46405806353014 0.15048700359730 0.73428184083023 0.80758312042737 0.31220622244770 0.43921893351557 0.49019016283532 0.30901898147803 0.07475318115097 0.66597281911136 0.88195548978050 0.31777428137394 0.16396667574134 0.46755605158873 0.69870739417985 0.81735882757543 0.54137438099103 0.28528242182209 0.32501373140135 0.10490213407763 0.87778741994185 0.16004576799798 0.12602246110710
0.88692082327556 0.19894936162782 0.14675097445132 0.13654701453488 0.67541281940516 0.96540236373071 0.74839522272442 0.78725244570412 0.86423160724828 0.41932175107535 0.49006218375708 0.61043401137830 0.75851732327907 0.72511746626015 0.49660782490129 0.33050269061715 0.95916765100608 0.32851970315463 0.62626970761433 0.10942497296467 0.48910343831937 0.45884210616916 0.25553821733456 0.98430179428404 0.19250656452841 0.94359053704425 0.11665286827833 0.24038917917956 0.10123359327535 0.09236049209760 0.23873441762001 0.74548583822959 0.18309580602756 0.68823986319302 0.23081738711950 0.03132000435798 0.05444360544576 0.08428263725414 0.46883028607878 0.36679357979760 0.36088676487059 0.48396014899361 0.96053628917127 0.15743840806037 0.02221514155870 0.57745191523172 0.82589127873772 0.11649039905102 0.34634668946939 0.35681184077327 0.46241079305250 0.31781325423149 0.45832531922197 0.03372052996632 0.83998123615065 0.52329908664520 0.32103746360372 0.25714077211905 0.47672493386974 0.91361867490499 0.35506533279797 0.96305693631471 0.31594957541949 0.03312495943462 0.96768760713194 0.26587086511742 0.24196531660484 0.71672861522599 0.22381872541565 0.61192147679148 0.78600728344898 0.05881673383757 0.78486885686419 0.98141151118257 0.18941436739273 0.95718446403103 0.59330182130109 0.49391772771002 0.55804928935623 0.71659160544969 0.76141864190818 0.07818272566395 0.60647226298377 0.84325830537812 0.91267453348648 0.86710883229068 0.63917318528456 0.26605093748651 0.85956857053687 0.61619764288672 0.96294993901305 0.38792128943505 0.52985679538071 0.29385196590760 0.76541165043672 0.04495372039147 0.67678850455764 0.55676708878051 0.44114399356112 0.11819607027828 0.77214416238498 0.20810466468330 0.53698570463862 0.59522534349312 0.96096890600297 0.50852985703061 0.01470292028063 0.41115102454179 0.77884110403662 0.49639388578382 0.62939554742921 0.70139915909369 0.16388087050519 0.64114782714892 0.43292187439568 0.10725266515463 0.31252174911059 0.71176021177242 0.62614925807166 0.86647509813842 0.08818867170956 0.72914545857471 0.42039507620549 0.71184557885289 0.17948475343354 0.04005768650310 0.21806260958604 0.29682975765900 0.77628735954555 0.48689008048647 0.31748892442431 0.78450783660468 0.31058497130058 0.51796921111987 0.41561507155386 0.22830469652422 0.00562449849488 0.18091771058067 0.79334388717679 0.76327295969933 0.61534022650129 0.95488737731118 0.04392618872828 0.76141276727474 0.47913193201803 0.29326161863872 0.64411345563556 0.35468780780978 0.09690914202169 0.43881297195125 0.18289691898443 0.52149185946203 0.91312868322813 0.00143207816767 0.78035333793811 0.12778549961481 0.83256793222084 0.76375200426600 0.33405984147241 0.16817894973163 0.54170096779585 0.97618300116319 0.66240843264997 0.33949372483748 0.09879178532042 0.22799325493928 0.98855480487887 0.95978426182518 0.06586906912190 0.06555520326787 0.46092303449521 0.60831900445091 0.50262460716360 0.84731582088471 0.77575246867663 0.45131893698772 0.30272788470809 0.08534497005420 0.25744200715047 0.98374697473320 0.78576047693782 0.85702948473843 0.83403511045946 0.83209753669622 0.99115951133148 0.13590410309190 0.23858048732236 0.33676778412553 0.28415790715989 0.96553404352612 0.31811714249686 0.68590128089909 0.67408190034990 0.24714075611809 0.78898707506510 0.22233633893786 0.61871389174374 0.28329241240463 0.64739957077656 0.70546123070381
0.41584934059817 0.08612791260834 0.33385739834722 0.90266309480082 0.53011499488205 0.43762250297418 0.48432682150316 0.83136813603924 0.44577068570367 0.42554826982489 0.94737554109875 0.60986900636938 0.42490190661107 0.74968608132053 0.03610926372091 0.29464119969561 0.25680525705613 0.78130544934878 0.17900633977222 0.72896627529353 0.28759311951608 0.89152101141326 0.60004453204970 0.34991677872596 0.77743279737030 0.88417859903921 0.42813619444958 0.61380025951359 0.41367977415999 0.20488936287172 0.78586538027941 0.11869992108502 0.70757417932664 0.96982732303968 0.23627759796386 0.91908525585113 0.51224890727675 0.31002160267415 0.55055892544986 0.70290273685229 0.56902420264549 0.66626316372853 0.06789499883495 0.21689663195471 0.71049383437831 0.11074461772541 0.89844928786790 0.69791352100322 0.02403696387270 0.44182345173743 0.69037578277407 0.19674300599988 0.67263007576098 0.19540964628937 0.96882964766813 0.16440648500249 0.99872996253873 0.21659045660548 0.68238424219465 0.90631958991562 0.26931456979470 0.29581509074711 0.60158516597257 0.41125224590912 0.13988250842872 0.32908372512688 0.64328910735974 0.91855020090230 0.40595585990389 0.08232011099031 0.12359715025512 0.78982875153983 0.22873122906700 0.03789926328707 0.05479726245795 0.82408686289472 0.88787415848225 0.68632055010745 0.99576266300364 0.64500396075597 0.61746141030296 0.37705100191206 0.08674658532331 0.11184697674709 0.81983289526093 0.24328542062856 0.18834743931589 0.00032260845822 0.51058469986757 0.77139592628248 0.29756718098266 0.92496378183217 0.53711692359881 0.96631219584571 0.84031518623766 0.94553048441741 0.15622683277500 0.39927988616668 0.96902616834154 0.82084585727419 0.30302813543673 0.70480202155932 0.23270058546838 0.35207624671644 0.46594124040587 0.18044335419525 0.22575945424684 0.76450557200999 0.72088836448848 0.72194621348700 0.07732980539441 0.51607569466008 0.40205797764938 0.47802064503801 0.04078920117920 0.79899061133653 0.32295906039321 0.67572370872910 0.53922977306828 0.80364964963921 0.58445474365745 0.45329064581204 0.45729501865187 0.71511793621480 0.46970271971602 0.52930545021466 0.32543345912760 0.02727726502168 0.18839387648803 0.81043631604035 0.04122762013432 0.88457603458449 0.96478512819443 0.31533816887197 0.22952124723266 0.71594525213522 0.62762425552674 0.08308083300743 0.37729984318318 0.83152366129187 0.84278846939052 0.47626221032925 0.77910004986995 0.76450137351722 0.83970484358851 0.38242657123120 0.77188273671856 0.36857979577655 0.15387386802392 0.30741420989964 0.42023475697117 0.14564046103102 0.79497933895327 0.40808387618312 0.52290497391530 0.70523962475434 0.05452882618612 0.87755404161973 0.66533562305469 0.37430781195888 0.53658133536318 0.37691367317643 0.94074967677593 0.51022904536141 0.68075293688943 0.14064194360942 0.17402198652213 0.67626699538789 0.46801264031915 0.32924665867163 0.52593496292112 0.63278626262492 0.54603265255085 0.27463456661862 0.06463857981758 0.21082200888373 0.68043069874519 0.87151377032960 0.00677097368776 0.02626719842715 0.34044501418021 0.57522468204504 0.91954001065489 0.82266831850112 0.49416217905955 0.47841056127162 0.38264997301636 0.27634452882204 0.13354443483676 0.96322361912560 0.55342876861886 0.14483384673018 0.98511523696647 0.91423313498534 0.36374950548019 0.73350568782918 0.87630168479971 0.02513998320526 0.10077274139274 0.29849200464789
0.19885256349926 0.92201906615745 0.92137892526429 0.03988623831061 0.62635481142749 0.89801079014163 0.40376186457615 0.88246357132020 0.46358573121003 0.65599312148686 0.16064897605235 0.19520828430023 0.21302985041022 0.12834273574991 0.32261978227071 0.78617518487113 0.85743735967351 0.55863877964177 0.90016353152097 0.63876086938528 0.36091470254807 0.47505182178584 0.80916526328925 0.53804864938250 0.72150746838909 0.53860351313671 0.08911391731756 0.40281331653701 0.72376400844620 0.65882704851860 0.07561004074209 0.18394804931056 0.78076456851519 0.10873110521236 0.33126944645621 0.86661390702711 0.64550545467825 0.45598162613622 0.74300496130990 0.11892459022461 0.92931610314604 0.70106052285541 0.89405514770266 0.26540862831247 0.19664788865586 0.01786281958508 0.45591160366129 0.52004424624796 0.92645386631551 0.51058939712095 0.41199849012326 0.81237634895264 0.08930434447474 0.06836542043333 0.46471925283749 0.11640904068687 0.25368977904868 0.38333215700742 0.44084881320013 0.78630745846990 0.71879165663813 0.79913710158717 0.20860642738608 0.63968918646624 0.37729281868377 0.05331717753606 0.37054548508279 0.27230618349481 0.07274096383341 0.68752454907388 0.54611888102984 0.42272561103322 0.79375329147700 0.97670641691285 0.79307893593127 0.90099210943067 0.77067151510524 0.69780925464781 0.80975106088976 0.90501592179369 0.41406954622953 0.72583031937211 0.27192288676696 0.32547275733965 0.88287814121901 0.28517494493026 0.78955121703100 0.65265032229295 0.19195758498842 0.34051259694858 0.47193092189713 0.97373804998151 0.52588095591997 0.80219525035363 0.68558588290769 0.08034051110139 0.17405128896349 0.27013451408654 0.43158308607748 0.05480448274852 0.89692390620714 0.59719731550421 0.80433688975954 0.97501586982252 0.24064323051444 0.67245669944905 0.02677034217782 0.84358459212309 0.58577644496261 0.91907800352763 0.76325049881088 0.41299050164620 0.69544872441254 0.89303551719993 0.51123522422838 0.70275739853836 0.48909290039350 0.28511267752345 0.51245450920499 0.41392489461313 0.34824463579359 0.47306623227131 0.30097214769675 0.30750516888785 0.40986014890013 0.48505138035059 0.75723994474353 0.83144553910555 0.66528024261493 0.38763732918348 0.93509390848842 0.42560508663126 0.07264782965897 0.02718677377274 0.79066116732777 0.80671848759328 0.86606092264562 0.97318627771831 0.63199240955349 0.07956068953755 0.98746071483767 0.86862072991405 0.29545237683479 0.18617667478560 0.04845923546312 0.85549041750211 0.40697000804870 0.04808663316085 0.52549919090696 0.05315604446017 0.07494066330853 0.50651781225803 0.32956603723434 0.28729054973179 0.74951709511744 0.42970485980438 0.01056204458854 0.99431502943381 0.07300469555174 0.26334270298843 0.72258310170952 0.81210597723334 0.58999217730578 0.02213397226292 0.24663136959672 0.72657798684951 0.95960818835063 0.66285108294417 0.02718419153061 0.91362581134482 0.10362250778904 0.62524111312790 0.87767306511235 0.75729203216601 0.77941122797839 0.45821464333128 0.84273117539993 0.92868127907790 0.19651938743057 0.66618143337740 0.92712264463204 0.93219424684306 0.04247245036449 0.74515787070359 0.73033591571092 0.97704423581208 0.86022207250161 0.23829279734812 0.52495231451436 0.94275898252313 0.90758400061003 0.67482629935896 0.31324601579277 0.25696511705443 0.80682233201201 0.79927181611759 0.63026511452866 0.92344486480910 0.74123453393288 0.53475237190441
0.18514002507295 0.59829775810320 0.16042110775028 0.48874524387696 0.96104306244528 0.55659773328789 0.90394654228033 0.55747429019102 0.60915268208442 0.74743189992477 0.49797768441646 0.03480536699933 0.24952528474823 0.18963523550580 0.43496393369806 0.34245218423571 0.46234289540819 0.71871727103881 0.60066923172371 0.26921629631059 0.00689235134403 0.40131161783866 0.37953795177540 0.46012792016779 0.75281881820148 0.50701974419896 0.43449446454156 0.46376624796965 0.12347699162282 0.72777698777311 0.46441858874189 0.14791009642186 0.66910001272557 0.61666797871177 0.93698789585407 0.02644784616538 0.73447316702458 0.55167193261242 0.26297166387450 0.23926589283929 0.78631282318045 0.56795512106159 0.86866061038022 0.97441068666908 0.45279210554221 0.46227663480427 0.20143762832414 0.99011287474861 0.70405674018791 0.03672312553650 0.53418450509848 0.60732464281153 0.71239533365081 0.41048518927647 0.63399456309879 0.55357899416985 0.05747784064991 0.32475335799224 0.35008248892422 0.30749967584834 0.32233337305544 0.77568015443431 0.70136111422674 0.35498800839498 0.84246692077607 0.96854748267285 0.53274260863243 0.01108921497754 0.41269953549488 0.01727340676700 0.27418163113169 0.62371724853436 0.52235506844829 0.81463292552732 0.15533062373038 0.19739667582933 0.30002477185591 0.16007077855748 0.33794238576751 0.79790454884937 0.18090934104534 0.39752187771113 0.65798453075355 0.56395471251246 0.99038045982332 0.86238126236726 0.36046492706047 0.16827442478567 0.88638241374078 0.69512362356511 0.50039348406699 0.71603609766433 0.79949406406010 0.97499966314877 0.39637961976719 0.73991119724952 0.90622556159398 0.05697793963275 0.03874126704259 0.21506779467040 0.34339540654568 0.74958390664636 0.45212427000230 0.41789289830117 0.07539578393356 0.27959152790165 0.82050289619047 0.65235937670665 0.31412681719880 0.17713179455164 0.12833105563281 0.28515404701697 0.02188024433133 0.25349831853707 0.25689069250029 0.81463609411577 0.40301732617443 0.79967894994311 0.48540969466362 0.59724739057388 0.26581755671847 0.64227156914664 0.82799700105163 0.54844389988136 0.48508142906680 0.47441630483501 0.30882316864639 0.05216045171481 0.36922988359532 0.03717093232513 0.92921648001280 0.28466147647825 0.42802060791522 0.47779669420226 0.61355243192721 0.71496443203526 0.29387064960696 0.90871094213657 0.03157230953399 0.66494305982291 0.94211202295736 0.96709960767397 0.33608764697096 0.60095579915173 0.58924970266944 0.08062758787127 0.97968609482071 0.96777755225661 0.74353764997974 0.81463383348954 0.38890455312316 0.95895518865285 0.15959898324460 0.96618811889687 0.84690733498351 0.02195592407981 0.14283908085806 0.49059322083060 0.17162918282926 0.22562000376489 0.29729929256452 0.36979389260829 0.22677407611201 0.33660716668218 0.88585157181457 0.16015333007083 0.10167602602826 0.40582816668239 0.26682416055084 0.42851963446173 0.62733928839756 0.29159699115162 0.96164962246320 0.79136317145185 0.70355255203367 0.74609718993590 0.46252876897362 0.81499395088268 0.88805568661001 0.45846168154542 0.75467255219994 0.75419156438576 0.57865426684114 0.03189616930550 0.69592569609638 0.83217084163115 0.56745636183570 0.15143633110067 0.46313397156091 0.26701688628929 0.90037010892798 0.15869610996555 0.85509565462230 0.09322397182207 0.95803345974638 0.08242471346025 0.62835490690296 0.47373782403031 0.26886762001914 0.58700205397747
0.52567483294458 0.37334743186833 0.00824348657630 0.89303249137257 0.69650827492831 0.46295663976802 0.56106662266637 0.30829923146074 0.63293827753729 0.48787401498247 0.04801720865163 0.09748163419354 0.16961523176117 0.40404716100377 0.00021811805213 0.53056559139931 0.48665169258763 0.30166729118229 0.28595523813187 0.68029466678398 0.81938053181277 0.05706618814923 0.92588444420877 0.63590638275590 0.38698628700936 0.87742991091197 0.11312194794240 0.94656770128640 0.95824570983809 0.07322935584549 0.52250946809081 0.20603736267172 0.10264964916375 0.25916265040162 0.26078546296902 0.60955809651876 0.50041079888967 0.92561871505537 0.22710322229212 0.23976138392472 0.96734574578181 0.31590064176366 0.37179338445020 0.87726759559433 0.74944203405902 0.56524834930028 0.68800610914773 0.11955643812209 0.13432985944379 0.40744732676120 0.49248859241764 0.51778808386873 0.07792701208841 0.20264519443688 0.49562749624270 0.87671930583328 0.34657853430976 0.53631064739406 0.97114251724696 0.98200273646139 0.11614518315409 0.23526016850572 0.96575474028207 0.76603343738766 0.82710028231504 0.18279466011893 0.06847705974002 0.54371854142237 0.47651349857710 0.91353165853179 0.31280687366516 0.99510999574617 0.09936618886038 0.56990892635844 0.25040082611940 0.57133888384402 0.08547433588514 0.21782143685656 0.60320439577196 0.46053109974963 0.51745973660249 0.30784912603515 0.27038250675958 0.40856474445539 0.42810714129310 0.44885056964067 0.79504495696170 0.74971193084903 0.47330712260366 0.78921639126790 0.22341091148330 0.16806391368994 0.91898446028702 0.90570200259072 0.99144448031489 0.43549198080123 0.10281730937272 0.24276878695524 0.53633793646570 0.00057347189656 0.24368830286545 0.07516054734921 0.80633986104975 0.29592252581277 0.97969975022156 0.34343197541646 0.84678145034549 0.33162548180766 0.95839612546679 0.18990942681202 0.33877466346519 0.93932942913939 0.17676098431185 0.83787580214683 0.30290785976593 0.98951953071928 0.47544810502062 0.08527068285234 0.07447485762415 0.79915901529972 0.91361725732030 0.67811349636799 0.44218945474887 0.29747911287307 0.94920091184075 0.23184018104555 0.28801774124943 0.50866388872814 0.06853719647954 0.83366486569015 0.77063868165687 0.68069226419610 0.81323120586978 0.14178342512063 0.93386754481281 0.66614885658910 0.23489717175203 0.58330395817722 0.95332145397867 0.04402010984175 0.80326289987215 0.62957132246643 0.30368716148059 0.37240227829312 0.64355349107257 0.60105798665089 0.37086031836291 0.74574143651971 0.37615116724531 0.99090776125685 0.30002014688423 0.81901276021327 0.15535714235892 0.05273629465933 0.19705754364627 0.62401390831679 0.76001195655498 0.73381515073652 0.41917140160423 0.36546153593167 0.77932734743529 0.20877956819113 0.48728756771773 0.31312910093083 0.04761078274279 0.05205682949054 0.94687586696789 0.95577575181808 0.30312386682844 0.32819026680469 0.54037331209680 0.87289104650742 0.16822673626745 0.87092983791066 0.23838132254469 0.88206217980855 0.83086942040960 0.94147622874987 0.58220877943406 0.32147729357387 0.86469338681424 0.01667482255961 0.91965338717362 0.10215862811952 0.05913575811990 0.18729200952784 0.54319103766784 0.28174437223448 0.11698257022777 0.36898641556313 0.21042354346956 0.10506652437917 0.19198880030706 0.22268435859213 0.29839378258255 0.27270095979277 0.02738928558489 0.37176079238351 0.95031569178652 0.86919812513755
0.88203746403843 0.80430569994177 0.81835925065531 0.52688136090466 0.95167957485221 0.99151900692156 0.50612795627884 0.93114798659061 0.32343295948572 0.73786123502707 0.24720291210587 0.47864125496078 0.87328001727369 0.85816484746106 0.01978627061720 0.76606979359980 0.87292618913907 0.34072849793819 0.59756303727248 0.39747214917096 0.36925035743997 0.70434567425763 0.51012939916296 0.21912199954190 0.24000860697726 0.27364152281998 0.29000937274994 0.67913873765238 0.09435865889753 0.27736433003847 0.74106342139489 0.81060639966859 0.61930392583370 0.08752338722762 0.99647904179193 0.36831323410645 0.46632491136517 0.74729378931209 0.10534976983651 0.01448330818203 0.88644238242749 0.94416733960193 0.53409662289010 0.23321918611733 0.74665843143777 0.98677337073457 0.55519734122100 0.18420225004084 0.31095590051590 0.37874984247171 0.04494211261237 0.11843047656909 0.32675899900087 0.51088299312660 0.72155113451381 0.23758670048212 0.13505312249622 0.17235738948873 0.87788757914109 0.66540869099338 0.84747436977949 0.80666121617157 0.37674665435275 0.55709943916751 0.80622385377005 0.64462238077552 0.17385309129856 0.91263614796418 0.36474947801026 0.47745499778447 0.30047254457930 0.34870186306610 0.19574141381007 0.96172138996080 0.18346234170141 0.56791998388964 0.42732173653274 0.12124663482697 0.51224120964261 0.04891839275294 0.63616878560397 0.48316035182233 0.76882370687369 0.04109899632200 0.35604133690509 0.96973971108117 0.55711259467941 0.53026585212743 0.61554259674969 0.50128142794744 0.63019155022470 0.88172323098290 0.81151099058617 0.34661718095856 0.35547482451361 0.87043579062276 0.04889048172658 0.60022705435577 0.51894401112935 0.39325651303545 0.65608923199706 0.42289555845949 0.25097181446098 0.71994177336951 0.52566673477688 0.78570535028117 0.05837339112432 0.63252939158859 0.97910458603185 0.66716367497054 0.29320083296682 0.76400759827218 0.10431946206251 0.39421742516608 0.52306739167570 0.08242266506093 0.22727665627196 0.66616257826256 0.80145327988711 0.95857086593532 0.98901187628599 0.90237519091365 0.71448798732261 0.54060616654589 0.06876348243460 0.07854556002871 0.24925919256931 0.09095573984558 0.65256256693861 0.43226952643511 0.06528882331140 0.41324113107607 0.98695586392482 0.07598129139406 0.73145223840748 0.81565953054654 0.27549033925149 0.51593096689406 0.44482755105827 0.46010889984459 0.67876592596048 0.37971521647081 0.97335852874439 0.70511942962861 0.72100961168172 0.84159921728589 0.71352109439428 0.64811969678603 0.10749651010629 0.12982326276335 0.32605329189668 0.66192058923680 0.51501140722199 0.15310844708800 0.53319578964099 0.80849125463562 0.52504625385565 0.09348838581289 0.30766516856002 0.16530254196191 0.92983968245896 0.29010775781604 0.02374423068713 0.40759625827367 0.38767171685231 0.19288709457794 0.91349929565456 0.03343880816114 0.86364096079011 0.46080625422631 0.13884794027331 0.88648808326792 0.44984686558570 0.18240334539179 0.75872364750691 0.11269722546138 0.82650527064673 0.74217912515548 0.98687887516189 0.12665046277064 0.64751154002917 0.93285731432058 0.62350454299138 0.01857421092518 0.01235489256575 0.98877512531681 0.67386219941776 0.17834542494515 0.70862089280575 0.40923791666344 0.87782263390173 0.05507282513223 0.94808879735781 0.22646117738007 0.52772635508546 0.90785888788097 0.67671740611326 0.49895532832117 0.18233968033128 0.77933687301619
0.22423004738718 0.05837353654440 0.50725002149173 0.92757607579150 0.88849381030675 0.69156917239398 0.23020369918137 0.42046613343127 0.22717267080301 0.97190255909347 0.91396135241971 0.48157282899814 0.27617916140382 0.57048949059387 0.65452651311934 0.60815884536820 0.88483874874854 0.28246624516282 0.28276301534899 0.93166791454515 0.65853978538620 0.97389990808275 0.06853587557087 0.77419760302066 0.68569257906647 0.34437672659468 0.26677615963618 0.37211570051129 0.72175187171545 0.36362509538691 0.96703092364483 0.22450167694179 0.17153053530525 0.26227801765574 0.64264276090955 0.69467327175221 0.89307488963003 0.50752243013415 0.33886073422420 0.65062834784962 0.28874127204673 0.45833134286593 0.62219944124969 0.55319044996251 0.02462255988259 0.74626381261000 0.97576116582738 0.20498380348714 0.16880971570096 0.09187970316521 0.59391549088812 0.42072642129854 0.39348041009764 0.14095826176427 0.96121257837799 0.02561035263843 0.72111551477288 0.62589267666332 0.75518234742068 0.57038011125630 0.53795262221103 0.05369034347114 0.60285591967828 0.65090684202674 0.97728769151535 0.39370727861081 0.41728384068357 0.36289292114755 0.84507389606725 0.21124467401746 0.51159878503295 0.64125492501706 0.24993064658859 0.86006881707932 0.30384908224860 0.00472926246195 0.12190697326804 0.87345029550689 0.87848300990659 0.19048079447699 0.93754517128948 0.35332314824566 0.89131936134785 0.89041502217470 0.91296447092941 0.75795673463813 0.07581867697604 0.20130288124843 0.75118215124223 0.88749181478356 0.90766515753388 0.12153969396664 0.27269377674262 0.07357804486412 0.90613886632350 0.88319810640757 0.88344410329909 0.27058713872652 0.78937593281838 0.04702816435390 0.27648790666611 0.92819753581172 0.41298386694796 0.89551614267288 0.27270348190588 0.14452336336470 0.27916569789123 0.87814456298513 0.96782470819692 0.21121750007819 0.81708236460122 0.05116593548335 0.93684669023121 0.74799864066261 0.73041661927302 0.03703908064310 0.52262938224784 0.90353242045269 0.51857318154442 0.09274295912347 0.38105286484135 0.34621967237544 0.78809361591404 0.49532557054818 0.33796197801980 0.29586306438390 0.22289128704956 0.33962252034860 0.52517830301105 0.51257350431447 0.32438652248249 0.50664791843956 0.09140622905149 0.01888303662436 0.78547068205444 0.31679291087317 0.47137553892310 0.10226222986976 0.58001996832435 0.32744896668853 0.74980032067531 0.77724860269135 0.94134268888387 0.96979574289823 0.22351416455709 0.92884287097700 0.23622494161543 0.16534572497024 0.49816705046980 0.84092556590677 0.86636609665399 0.13994645609828 0.82019301378665 0.41826961709903 0.62957726391323 0.16602725561119 0.11705038830386 0.15928555409674 0.85738336052558 0.43528482134747 0.85496859727838 0.58040141564322 0.43559356461376 0.53676478011642 0.57641137320639 0.61217718891162 0.52800396091995 0.32416824477255 0.64794814911639 0.65906755458606 0.38795581912336 0.22043962332381 0.87923305255798 0.81274543472532 0.34963701122543 0.99207377556032 0.01138306531273 0.26214625213379 0.44001983224111 0.53306285902495 0.78980785890247 0.11974733142089 0.00073574073811 0.95022759072819 0.02597010241279 0.26582065422465 0.26385082637740 0.30162443387285 0.14764622103283 0.77324994716967 0.64003444783110 0.70111048947912 0.17445806772094 0.49971695096087 0.88084441631302 0.24033435172722 0.36974139683590 0.08980960032796 0.42222403807514 0.18461149805568
0.71446721322588 0.82100818823745 0.14044232881912 0.25379778767044 0.44980438245529 0.24877728196941 0.95467936165294 0.28071046985089 0.40673913682630 0.12058595098123 0.72330959413589 0.18829792925678 0.83577446962895 0.08062342812489 0.85640715262147 0.00844845466154 0.03722219858011 0.18435631149117 0.01525722073985 0.53408102143083 0.65366395999660 0.46658351602681 0.71473366894812 0.28805286980558 0.14123507634997 0.44907556826904 0.86443168085538 0.17275810374308 0.15469417273343 0.09058091887444 0.14950384762133 0.38629457338822 0.99905645486681 0.62325596285963 0.11088337428981 0.44052963636703 0.74557418814500 0.88428887790633 0.85158774113580 0.21582764260991 0.02997042589723 0.60193749847528 0.68362371555514 0.86899870061840 0.29804320399099 0.63304467625763 0.45810855331891 0.60073798169203 0.36575297590873 0.88874971425574 0.06461546269286 0.20655945030140 0.07029901123653 0.03401390609236 0.79476155079964 0.79297516761319 0.83910245847688 0.01173424548840 0.03098406650320 0.72629138303827 0.09588838791135 0.99336162389898 0.79327428006902 0.84028098931189 0.56264912254559 0.94117470147000 0.14770688505445 0.30167723518027 0.37230247840556 0.23707686583066 0.76574670055909 0.61984322357303 0.66827338832679 0.52901621104392 0.05127708956937 0.47006342674170 0.88168560132341 0.01710000018750 0.28123247425309 0.21178734805723 0.52865389408105 0.28451541949309 0.82740651110577 0.10291750582482 0.58057523663239 0.83214243891117 0.47887657071202 0.08989905309211 0.88659990657822 0.39706600340201 0.11865062121650 0.32046893722783 0.73949715461396 0.77512697393769 0.90658689805896 0.07977558483323 0.33043098444305 0.10126224740233 0.86663175400381 0.15795975840641 0.89367912444283 0.49962134655665 0.66246122151433 0.24064820843814 0.77510378232630 0.44201457111249 0.47810253041566 0.43475353890178 0.30638256603124 0.88831442163688 0.01277200590635 0.10209289122631 0.27217638039012 0.58383091684987 0.51066557969819 0.63549917144245 0.22599121907362 0.12873122075981 0.71995318876642 0.75253244883070 0.88235824183387 0.48457143642364 0.38505560842409 0.84218891114596 0.90762663962005 0.83795335215022 0.76594634974271 0.89984870320804 0.40350299785441 0.88585768975394 0.48769630459036 0.08484539291964 0.01860982384769 0.92007810973756 0.54457443623510 0.80567983372206 0.75424862691702 0.94052893474153 0.12886238679560 0.66652105031557 0.09658696527665 0.41294202899951 0.22211213350901 0.28830043049614 0.55149932622946 0.96980951745358 0.78907415343758 0.09024908177844 0.32738043237698 0.37415775896557 0.15016611481956 0.64894443075015 0.27010614588097 0.84674397481757 0.46339382841080 0.87776844401848 0.28220770403289 0.24320315585025 0.42268972907584 0.12263335950315 0.02320637366967 0.55144745492811 0.33527727431868 0.06222827214229 0.11469099818451 0.17063210746072 0.03524962675153 0.13525317437050 0.16172201933786 0.53326616633727 0.83906039406108 0.11003354191522 0.66539644886065 0.81562484469191 0.13936191848135 0.78511463478788 0.93950878961154 0.35923804717744 0.08091823411839 0.92200037519351 0.97375535143207 0.50562000124837 0.89971944783463 0.74649948707653 0.04764271008650 0.63125742059679 0.71510593838182 0.81642486446777 0.54356398095498 0.36895435471108 0.75316003674474 0.89814928491094 0.05596564986026 0.95857597362771 0.77276228132834 0.31610399940951 0.24206962066957 0.35918305480379 0.16550880620939 0.47724047126037
0.86571881166144 0.74034627560905 0.05605261154400 0.76145727449935 0.99514538967817 0.96563426451630 0.17706565318924 0.04378916848537 0.32522374870234 0.58535625577899 0.73230928396133 0.36520801538901 0.77562097085484 0.43706035789011 0.66058012831087 0.66750105063318 0.01084000219425 0.31477106766230 0.42296906370208 0.01549771829455 0.83478041833135 0.56693171409262 0.85765950564430 0.69494106579425 0.27676265180720 0.14418715962819 0.49875260876872 0.70344307243297 0.33333541280152 0.87588656491160 0.06701775804324 0.04149389428202 0.53204337519468 0.17302818815726 0.72053201625959 0.49028555928264 0.82578193995774 0.20201140311371 0.34225558549697 0.49666810341921 0.71404532171966 0.44692463934000 0.72135526230840 0.26543647064033 0.32553577810904 0.40062847219812 0.68798616355573 0.19640248874615 0.42942472895046 0.34205946729934 0.48749642557920 0.93112811250106 0.95440626887127 0.49458120834144 0.33449594595165 0.51743343433222 0.86880148878168 0.72223791878481 0.51086339696388 0.41502854355480 0.11757882517328 0.41569709667783 0.67516685655591 0.19773091185961 0.45063553592825 0.39093674927834 0.08003561438101 0.29689008710220 0.37027584182580 0.57761601528373 0.30781005234577 0.10811425466389 0.71777037383042 0.71248231183839 0.81219723949184 0.41478952195263 0.32031542613522 0.05386450631632 0.36979846199826 0.15481417470554 0.92157282951967 0.09439947475051 0.15815739574473 0.90896941821793 0.20027172781686 0.17251739154360 0.57272579615564 0.04791357079873 0.64605507604055 0.03122401033424 0.33411275782674 0.96798415387925 0.40105644511397 0.22132067209092 0.15537824703644 0.39262247060963 0.81922904223192 0.49171950891279 0.91275583231836 0.80098479611793 0.91975107116094 0.05813162562543 0.05942845600692 0.62206011484297 0.98996030325808 0.13663391931697 0.10809625550673 0.21424647714992 0.89934989279925 0.79004840730088 0.71306239476641 0.63192155719957 0.48481143621347 0.38261268224687 0.90612829941098 0.33531667755279 0.89666761491192 0.64899090424956 0.11314683002328 0.24778470162788 0.77892877704846 0.91793292721467 0.24096141568117 0.67798584262055 0.05652534341708 0.98365667199144 0.48931664791652 0.33268786702462 0.84924208441309 0.95900163509523 0.42630795165518 0.26929062571239 0.35553858170569 0.15424565363534 0.66329803662007 0.74089522546790 0.87725607715065 0.42230171798969 0.41813251028711 0.94430212202515 0.90245139891419 0.42238365073421 0.32569889687595 0.00570497824995 0.66923365375859 0.68770040819743 0.88686750012836 0.95465415744729 0.13817138123065 0.47583161297767 0.78139891102384 0.09354150175653 0.41611761406721 0.33343628322973 0.26424548690224 0.13118633105919 0.98867299352542 0.03275561569279 0.40215198896267 0.75121738031277 0.71466712786795 0.46748817071571 0.56303230536379 0.35584837290166 0.55867785920202 0.25113263937492 0.48137358848379 0.38649990171553 0.58894162146277 0.37969253576191 0.78593712182281 0.63751056804276 0.10546563149994 0.81443538083398 0.18727099178890 0.33602145865074 0.76270639576553 0.33913027171872 0.03787996534031 0.68726456529595 0.02091921277743 0.44547085687376 0.40707437457882 0.05477724066205 0.08138859014747 0.71783190863886 0.79567112276433 0.57441693951175 0.17284170801550 0.97496958229036 0.98932321874003 0.27314412958364 0.26389844141400 0.96008826119053 0.59655253502030 0.97017524051628 0.25794418829734 0.31045871129702 0.52421517019161 0.85684599055958
0.73294511009108 0.00875365512196 0.71183821734103 0.38308439123281 0.47218654406947 0.03273226019378 0.59424400372747 0.07642918388553 0.19937707269364 0.31902572481052 0.21483421983127 0.12124785677967 0.25488721719827 0.16933329700133 0.51624137636194 0.81886525830018 0.18214055710245 0.68742077772379 0.89841482580119 0.09158325440181 0.62841541245919 0.17856812488875 0.17379178822809 0.02963413981310 0.49687982654216 0.98176501995975 0.79277656201030 0.95973032314623 0.70971626959389 0.45593037679789 0.62465910221485 0.85781684024437 0.04570470732091 0.38797258562624 0.49289744580804 0.45182356892659 0.11097326916601 0.33983164702454 0.72885041139960 0.48114451479450 0.55814695042906 0.32290197084475 0.94452165717960 0.13159901841342 0.74537791277768 0.23849258156337 0.25926668399388 0.94448643790744 0.95850338436556 0.52680996004793 0.67368321913173 0.29082107704658 0.89021543428524 0.98957706316268 0.29485023204127 0.36711395794972 0.51639840192340 0.01057097722300 0.50775414551040 0.37527386429767 0.44373610484755 0.17076564629092 0.71535594402723 0.14231394663315 0.09033636936176 0.76834096168143 0.57612496938187 0.80017563905628 0.58538987592466 0.27367131904299 0.63635872697551 0.63837725089112 0.67853844327771 0.51016130861367 0.52825025504359 0.91535475810622 0.28506123925401 0.19306949283672 0.36613570286587 0.23375073725734 0.30394716305684 0.05542702453152 0.65734130672304 0.49922496290937 0.07802976866920 0.57822422860773 0.94677483864201 0.04201911894454 0.89271858718142 0.44138787696006 0.81927835621920 0.44270573821823 0.93904202490316 0.95065434042758 0.91479511722276 0.69945297871046 0.42096513580540 0.08716805336358 0.41511208662537 0.66185138128007 0.31957006695342 0.99500608805660 0.16626937010957 0.63913189205877 0.08189440325963 0.07575948036265 0.39871169895616 0.51041411698248 0.72132352401938 0.84468521655801 0.91856435098646 0.14706572397857 0.21241972480116 0.46300031514781 0.94804323378393 0.88675395461485 0.77723625724181 0.29366778067905 0.68721072902919 0.86968251662121 0.22076294019753 0.48559862142890 0.68949926408693 0.00228381519020 0.17468407035197 0.34695665604172 0.26810460886216 0.20133398107236 0.95852408419361 0.72455781665255 0.80719047032870 0.62560071009527 0.40799268701816 0.25038799263561 0.99664149152415 0.92068941269625 0.45431158046112 0.93977235388773 0.60494259615096 0.81808446173893 0.79146516669233 0.04254730333758 0.44820023281767 0.61038466830196 0.16636038510044 0.29622719972046 0.70626631164929 0.37238952359156 0.72704340077770 0.61508576360810 0.18734718034662 0.75396107450883 0.53992405659299 0.63950130939660 0.82978084920672 0.53821010873171 0.13492089017042 0.88419124338237 0.88510670964542 0.88188551577614 0.75659432357629 0.53324358631033 0.71030665053933 0.24297779263643 0.33753012355815 0.24690630430820 0.14663872156450 0.00530956983904 0.12795962626862 0.91918144103569 0.39614469537604 0.90730395808237 0.24209861711142 0.20038241464612 0.11105551403350 0.88312642358236 0.62987311851577 0.91001361033462 0.51855620912415 0.13222364696604 0.42276299111256 0.96002419978362 0.06408110298547 0.46046949708412 0.53762218424535 0.49897341768529 0.13585246714803 0.87123542584106 0.54037193465524 0.49694569592075 0.35393189338705 0.52457411527385 0.00220592895875 0.33835333898163 0.85329291254841 0.87469389082333 0.20926377734441 0.47342271736134 0.96911353683972 0.16779895356442
0.43315488053886 0.37129492688589 0.22006156032407 0.62855611032350 0.12466117823203 0.16346465296535 0.08445940168353 0.38913911248281 0.42029277915272 0.93772618499949 0.04546239896815 0.71958322839720 0.17861226646752 0.32936473844398 0.28295501725271 0.56616472002014 0.82804203067631 0.77317838022374 0.55718311983336 0.42409907339106 0.91152530863975 0.61439907579574 0.76982939560928 0.13608535969331 0.85839779006480 0.08751330823583 0.14502721841963 0.25197199408017 0.91578943498089 0.35838485454532 0.48252766561273 0.61275518694644 0.05908390164275 0.83693387878909 0.03305488033624 0.73238832175241 0.28739172917243 0.71424166743929 0.74916995775367 0.01677080504420 0.32467776784974 0.61423879323106 0.26483755926619 0.79389222010822 0.49663085854952 0.68435977937530 0.41088317668837 0.47454255237845 0.18071552191732 0.33847895628433 0.79047887169426 0.87786067196267 0.27350398416657 0.90410364442392 0.42368008579993 0.30001983086952 0.92443169058473 0.66760821606240 0.11231947421410 0.64008393513360 0.53463178144893 0.75478830398587 0.11687454533986 0.20646894800996 0.85213680942592 0.43778175126588 0.65173145726685 0.38270063552182 0.59914918551848 0.75568801867347 0.34675006587526 0.95427922778356 0.74500509698941 0.39549462283954 0.34582765045554 0.28150207254198 0.12833700638967 0.09892640678051 0.42957713049899 0.11221824211849 0.34241174753305 0.37763526050248 0.26744809294093 0.07366965496918 0.41637001180989 0.25465445482048 0.25826059267820 0.97132406728449 0.46139037886203 0.29057692277344 0.68484042138226 0.60384319825973 0.95421499040361 0.50180569142165 0.00495495520513 0.96248089864124 0.28660506374400 0.22010213670116 0.68522122982431 0.62982005186214 0.58484394818153 0.27974300638684 0.53538551036435 0.77407235535287 0.69112387945315 0.65855916506902 0.47846163730781 0.73832179951565 0.37190088818460 0.39567201730394 0.30619238837084 0.84842173148295 0.70212962619081 0.26169984994140 0.48162130748567 0.66262934665465 0.08725586347445 0.92868407434958 0.58976454992656 0.89574840704804 0.73107566391206 0.15599060470021 0.89289633691679 0.36407485332743 0.11374918500196 0.72101547217465 0.84286661340648 0.17918571708262 0.91759570256239 0.29646032038122 0.16007997354980 0.82799110587051 0.17778120100266 0.78929580210651 0.76369572497651 0.17108654435573 0.63394379406276 0.46620252071603 0.60364503368277 0.84880397762939 0.98357239945877 0.25401288902273 0.38350470220486 0.93053667636116 0.71398235355875 0.01045855764916 0.89743314101152 0.82196981402528 0.10923284197188 0.52347366910492 0.81370203319827 0.98538684761410 0.59730897064218 0.64435281268473 0.60681349794294 0.25791280566050 0.29217863353305 0.35219039818062 0.30596838668408 0.47737705125007 0.00748494896610 0.41112578560460 0.22669806061393 0.46005215228018 0.54569389903039 0.37322054038848 0.53689427128191 0.78611355269004 0.01860710789118 0.75564261947834 0.07700239357334 0.18913430112929 0.31805762820285 0.39495800045012 0.09883749052386 0.49438863514613 0.23413395573600 0.08379156278598 0.21976722812694 0.53361268294218 0.04277066528227 0.30715432862900 0.18992195092268 0.27882098126240 0.19077442386485 0.13568256595790 0.71213908758710 0.22678000688594 0.46836302167581 0.73407682674338 0.35267212132744 0.43383230234846 0.56370071384644 0.94066757692428 0.96668782156179 0.06818685229624 0.71466174604038 0.77092124868097 0.73896555921199 0.47279134594040
0.95186131271718 0.40689386177041 0.11028991189804 0.30794405872689 0.89065809742454 0.29795380728044 0.31757883046241 0.53099540760833 0.46077148246225 0.96041743244066 0.61800595602850 0.63948069557480 0.01523325156891 0.15000020712335 0.11260592605715 0.69682202079957 0.26806398126830 0.84241167006825 0.37655259987546 0.63136593212131 0.19071729847439 0.08528013780342 0.94587621061805 0.25082254936067 0.61481539968508 0.62244432200344 0.69353940227725 0.06146289611541 0.36912341213185 0.10503591771585 0.23621384927278 0.32855443545504 0.53854019186980 0.38384435745678 0.44768226199995 0.85531100729750 0.94420696756163 0.89852850121787 0.83981357540146 0.82715807860032 0.38600317594541 0.08260808631701 0.49578829275305 0.41752174260926 0.97494657540504 0.21890359962594 0.94704126295003 0.11406972943046 0.83741401300669 0.44651324904034 0.05170504825109 0.19402068688080 0.67190518353360 0.04671109301716 0.84991928691740 0.21437775814083 0.82694384672344 0.12192625329225 0.19020713639022 0.97320932802220 0.96619137318929 0.94149240303646 0.30287966760896 0.09982202205854 0.69340055514523 0.50541553359778 0.59861434149345 0.12677014956988 0.97326474470208 0.15572812427831 0.05912328849061 0.08650326598195 0.28267066290529 0.24004765496584 0.63125846878595 0.50945727447562 0.67141873165326 0.88446415210972 0.06471211753967 0.06226306680528 0.36467454824200 0.29331056701036 0.38147910395124 0.31583086502975 0.96583215199591 0.42605741570261 0.33309856743805 0.50723060195101 0.68965688522166 0.58391600247548 0.46617581951339 0.20749694963216 0.26903674298227 0.73892532276796 0.75677966814107 0.74213658074902 0.27122467707080 0.76213055421991 0.60024450309570 0.53700138984327 0.20587393250269 0.55768993766670 0.58298162680005 0.32871215195072 0.81804893177350 0.49969958437504 0.92048498554439 0.48353972018378 0.36092618877251 0.89483679877166 0.44558822974477 0.84119338162521 0.98403067695321 0.45595314782204 0.12048685612306 0.85632197086592 0.77606284498741 0.07370622278214 0.91663113217213 0.31890700003189 0.41060892884490 0.42341562350415 0.84402733323576 0.86931214442724 0.38445889310473 0.47185736398294 0.55529220592839 0.30494634763351 0.78953255569421 0.78584373515229 0.45195474158805 0.30291986721080 0.65240855298976 0.09375352181466 0.22251503395367 0.90616513376590 0.45495169755310 0.18063540931002 0.09938838074404 0.91930809140477 0.75207413920263 0.10214406977417 0.34000398345928 0.38751361193470 0.23936412625439 0.19107520704190 0.25372895011185 0.53829728635088 0.73061106163840 0.38633394773226 0.34562708801211 0.95801080566477 0.72279346024929 0.99807318138416 0.14070514059719 0.73735764863629 0.21631867793321 0.31114819684642 0.17606001176134 0.75168018792352 0.74196587194088 0.42051358372253 0.13743021286903 0.52438723947425 0.49753679869680 0.27565872146731 0.51745742694735 0.35445392706422 0.16035064788537 0.89351326752896 0.39445219739106 0.78421190020166 0.72912254952312 0.09477958616423 0.91010072012904 0.26489789144011 0.10735593088671 0.67178247155057 0.67807842808359 0.87551906540247 0.12632420374994 0.03382254648779 0.68149326752447 0.90670412001532 0.06353708604159 0.92869033141351 0.52853586719177 0.22832439537845 0.85978639375921 0.76484414560810 0.93216195016565 0.95139967512719 0.33903232011929 0.56509376954620 0.07062496207586 0.97114538787497 0.79410795019694 0.08752875682058 0.37193971034322 0.70271962381303
0.06485679792721 0.35117484795088 0.84917895585200 0.94160840818940 0.17953564070584 0.19832197467246 0.12809057054558 0.54726832371529 0.85832460838408 0.59394989028443 0.18065984113869 0.89410288256278 0.57874106250939 0.39201476624264 0.07788696476223 0.10245946493305 0.58566962765740 0.42933798423160 0.22251409486595 0.78446692275733 0.77405203323651 0.42530495392432 0.87633193973918 0.23384853555073 0.73588394733247 0.92574760985729 0.52396857497899 0.04710915390213 0.97412587769022 0.98364299846533 0.40898640571427 0.49329397992514 0.83814184134724 0.26841466547334 0.92660997148611 0.58376551161372 0.42360395079186 0.64073487888983 0.79890492744609 0.49524949211048 0.17744488508530 0.13376807258195 0.86895712755654 0.94550498759940 0.70437557151109 0.88271357362882 0.43298908574749 0.14664816364779 0.14427324367439 0.54236186936269 0.98765935445058 0.04567042683755 0.56423860023583 0.21058808889586 0.95138326832392 0.87998511199717 0.25980269518222 0.36046099530186 0.90006916627641 0.55949651755962 0.09803878507404 0.14362296078990 0.84869758557455 0.51603890370891 0.36756430379201 0.20383726690723 0.97416972789312 0.58111428620199 0.13410889718776 0.21981265485755 0.21508037677206 0.11197960268098 0.10694219188315 0.01567523639753 0.08594020454399 0.91381253697568 0.65573742262965 0.59415409289181 0.40704096084140 0.44566227676210 0.23905935759045 0.03945746187289 0.91620517309164 0.57444344527692 0.43429586867741 0.35432917396847 0.12898989876019 0.23645003299382 0.58991746985610 0.91748983283969 0.40211457811597 0.87495404462950 0.12795692183299 0.11103031044670 0.28310624745428 0.10377042239490 0.17895485756372 0.59968711266194 0.12874463889785 0.53788544487425 0.43431242240322 0.71624307362747 0.09268067954949 0.60258889104667 0.16787834437155 0.32051869349333 0.89824747832777 0.25656060254599 0.23864161519157 0.96661774627948 0.56720143461223 0.25874951552147 0.51551150317864 0.92039294966112 0.58564524352029 0.84017570405241 0.38106011209590 0.41143471469793 0.42472969617527 0.10630480984475 0.56392445000365 0.64325981059310 0.23786264545311 0.09242487329286 0.61080358394556 0.65805406398518 0.11643645449759 0.72863803548611 0.81487088300920 0.40478600794919 0.68091006123037 0.70068160782027 0.69510930359689 0.41697342013383 0.59759776432054 0.76432474313123 0.41772810331287 0.75301493348126 0.67176678508466 0.55766007692061 0.10108775073301 0.73801576502825 0.10670049349399 0.79067200457902 0.62183764592496 0.71097297456140 0.44841168707074 0.99370612079662 0.91234356224141 0.04280391656546 0.02640046923932 0.66952827436744 0.75051869077475 0.76540998355108 0.98946812441931 0.95596498461163 0.54545979799802 0.60087594264585 0.02691135169390 0.18725452569331 0.87243253032334 0.31448487256958 0.07743687423312 0.86240506661505 0.92279756867158 0.35500726665461 0.60336426879080 0.88167962978887 0.07797449243105 0.09782604858719 0.77825561874063 0.46547858614098 0.62044016776206 0.59652998011360 0.43067352260677 0.02085091667251 0.03760988248417 0.71398572624979 0.60396067210588 0.77073960027927 0.79387621908658 0.38412197370802 0.27257710507071 0.54094787417998 0.62419378004126 0.50188466373459 0.57349720636611 0.60679132019228 0.87903940402331 0.32123379644921 0.11983415454519 0.74912434178799 0.99550213664123 0.60196971830769 0.57511192340597 0.60687728945996 0.38969303934590 0.74855374381950 0.40380900511525 0.64614672431255
0.62348091137183 0.98962915984303 0.72500989395768 0.21217230694319 0.67100785392118 0.73758633759195 0.70600663712710 0.39587359736751 0.51773501323611 0.78773622823797 0.81933635746956 0.55058175117852 0.57123604493143 0.17819708595542 0.38156330948956 0.82812524520234 0.66198505922406 0.64007518265655 0.81511437526443 0.87597538805150 0.61347133180931 0.83453358023088 0.87775518358780 0.38926488485391 0.82297851691639 0.54171955295080 0.00236684195690 0.75128018828774 0.50297946195625 0.27872464121802 0.03976273260416 0.73347722780429 0.32698838171910 0.12606459388561 0.25673841644287 0.29597756885573 0.76510031469102 0.70863665079532 0.27588310809484 0.59597978334370 0.06379126653357 0.93170917095915 0.45554226740074 0.52573418321810 0.17488268890195 0.46062892179396 0.01560821472087 0.56190720368062 0.26837599241323 0.00359460370181 0.07034285130720 0.93195719697010 0.37234368144479 0.97382624066472 0.58288707326243 0.57566590290457 0.00453426817180 0.80404599676790 0.41387851390743 0.71369670049955 0.57680606577448 0.57225643763844 0.38998456702021 0.50933348738826 0.95038717635713 0.87361181747962 0.11190865797049 0.87509024773128 0.08059323094176 0.65933718733183 0.87583431618326 0.10193356520757 0.39823155075177 0.21956249642438 0.46082609632162 0.02643990098205 0.89193298454295 0.10059041930431 0.20138289049132 0.12904200056348 0.87732693135156 0.69640543532508 0.69371445595336 0.72455198679492 0.64158618473431 0.59656792439445 0.04951638148198 0.84460129464631 0.41713200674154 0.45181193796453 0.52367474159175 0.45659825954844 0.56607371736420 0.41623941342851 0.34166704443805 0.26076628029138 0.87516849020535 0.89763233829167 0.07225960838938 0.38052180941741 0.56905720931482 0.17678070205111 0.93844726586558 0.02674193836806 0.25476676113507 0.02707412637315 0.76300947137581 0.99267631150599 0.29534879536300 0.59219309083801 0.55676329430838 0.74018626375118 0.58175139581552 0.19322362423388 0.27965124345706 0.63505302797344 0.77091703535955 0.50191839264451 0.81394083872998 0.59569356637324 0.86650348321373 0.06127634059001 0.79498113119893 0.00123069892130 0.20695002733817 0.28101942148767 0.74254127070605 0.90914888881387 0.00490254997997 0.33518491825750 0.30662926349307 0.43259415878139 0.94078180998288 0.93990523655292 0.61354234768489 0.62586735834578 0.42891410964103 0.67770354459546 0.38100748291333 0.16560654929207 0.97575890175684 0.08945620952218 0.68816627628517 0.44906772436518 0.35402035681307 0.69270461698960 0.60816129973154 0.52922252895754 0.03072785450385 0.27921724394814 0.71941108014877 0.83785830766546 0.91389971878881 0.05400854615260 0.60750199369121 0.64943270882324 0.34454753124052 0.92417453230985 0.20656507082863 0.61748799894206 0.25470421809836 0.46548106141612 0.48092148237344 0.66078367441409 0.08549655189030 0.33379094906341 0.57674356848409 0.01976098123117 0.41668287112686 0.90133798194361 0.85502700101159 0.57472522979777 0.22361339885095 0.80362363873082 0.98267507322403 0.43610372007932 0.92396218736371 0.07083765096498 0.31541802391550 0.24215342228696 0.47042570876600 0.43036659589631 0.61697159111262 0.18019970819658 0.06171115710372 0.91894759784197 0.70511072254024 0.17425732377796 0.03604238245710 0.74569933695266 0.33251326419451 0.20711149034994 0.98208239023563 0.90061738778266 0.20425676298163 0.59163763348904 0.26765447146511 0.91617755374761 0.29117748273775 0.39240019039753
0.19729321272825 0.77659660197179 0.30964325924718 0.04349281410869 0.69064247315389 0.45049159394090 0.96360433925702 0.31620382769894 0.57287449362319 0.74135621194963 0.84525781308155 0.19049650772059 0.81298953072629 0.79563175145703 0.71571391278637 0.44098487315675 0.90653901292101 0.00211799336312 0.86302824588839 0.06779947651566 0.43582997196796 0.08078456392786 0.23504712178696 0.94528965794908 0.00404421156860 0.12153091770739 0.07775084986986 0.51545582297333 0.70185419538342 0.76339141779288 0.00670106803661 0.92039041316821 0.46136717901876 0.45058616933673 0.93093935818694 0.45025202107059 0.15864828149506 0.67033966373467 0.94611827494070 0.23300219424360 0.72114424097564 0.86867079034304 0.10471941928840 0.60176421385746 0.79694838457837 0.25724040313835 0.77419675718651 0.87632444532073 0.11206804487052 0.21196088143110 0.45325991588110 0.91144616504815 0.33622279423588 0.41248308433279 0.20435114020441 0.98613958204218 0.80448444846311 0.44549786730531 0.96766449043722 0.90816517633023 0.74046423543287 0.69327761338667 0.39878866310469 0.73132027641605 0.33602384093584 0.03062650578716 0.90038810295113 0.19545429011601 0.79875050549821 0.03793187077493 0.09436799395296 0.10609635017461 0.46856890528575 0.54502702310452 0.35646844204075 0.56452221425684 0.29487275779540 0.13778573631939 0.98198685428029 0.88598607112400 0.12539626942821 0.08416196502493 0.72205015264064 0.25268884263006 0.18220737138357 0.58613130644158 0.03190795969724 0.65691997089487 0.66038221443877 0.66118404904030 0.10501265774572 0.17042578109756 0.74452938357747 0.21316432773978 0.38038723325290 0.37499793605340 0.02557023722736 0.63482892579090 0.09746164789746 0.32926652909454 0.10752830717252 0.51549816513189 0.92136236382689 0.70750259434207 0.53682969941193 0.60258272083634 0.11018628009565 0.69010678760724 0.91748309347156 0.26750332288039 0.63575026929485 0.93096521819397 0.39361882789784 0.78035577881773 0.77523314914311 0.02723484750433 0.16748373486422 0.97485442587000 0.74030758807908 0.62812434474145 0.94848888670267 0.78814632234815 0.85398493522083 0.26938617324348 0.77211027393211 0.58921755024224 0.44645953038513 0.76962773003926 0.94044391957052 0.53748243576385 0.71654866398331 0.44561947735080 0.78828288810221 0.83707225398245 0.66221364988921 0.45443694827368 0.65850735743629 0.20585091893960 0.84944809968772 0.95815656155269 0.80186383140974 0.85236854859274 0.80820769573931 0.38153968103256 0.52883169503657 0.95012168512353 0.89073637778193 0.33686054551632 0.93532643146231 0.18184229261484 0.93935596632152 0.48984921489616 0.83139482001885 0.63656529115621 0.23418435173589 0.37360516321053 0.48565902241348 0.64920893376844 0.81873470336396 0.04580488746590 0.08074235268142 0.14655364311205 0.91143760708706 0.88908486159886 0.95122025023150 0.72393395777954 0.23078347690769 0.09896878547002 0.24088763343666 0.05697257888654 0.89094545179961 0.76827490952785 0.28361174128967 0.52991384581428 0.40041124860512 0.01033765285903 0.29184333863792 0.21790206592804 0.48909039510660 0.43985005392012 0.12901850127600 0.16729964359193 0.57391584978286 0.37256648943199 0.70347254428454 0.50235636066818 0.48827110402754 0.90598385536089 0.85540171856688 0.81810518405667 0.35463280665906 0.50438736050193 0.22896658975992 0.19606981059952 0.18540664054798 0.24247884857149 0.29653100720888 0.13206085997608 0.27064980880735 0.68897925645707
0.09494026088852 0.48793139589107 0.67673996704657 0.74559673966751 0.79273167677587 0.08552092978632 0.99172709254071 0.69424988159934 0.86517516980947 0.09242569334863 0.75459883569101 0.99327621179675 0.68713130618648 0.34590976982176 0.77271162317153 0.45130456218540 0.60859694486219 0.89680773404521 0.68708952153595 0.70979245443155 0.49945745625847 0.81662430174998 0.98524936563069 0.98379379305606 0.41466583982220 0.92796460274875 0.12336387590521 0.09204140273754 0.21134909822825 0.38095055578273 0.26454449841013 0.80403444478397 0.71221173746216 0.88560422795195 0.01908265322676 0.62553991995386 0.48029983695984 0.28930174357180 0.52113556945522 0.74884168331412 0.48673110727871 0.40139390197366 0.23467361451429 0.74543709424134 0.04845707616647 0.04529954440910 0.47454506241986 0.30828448300943 0.29757911026984 0.78665990385402 0.35107675044274 0.42728850899964 0.40087058112086 0.54651396794339 0.35474327127883 0.01969252859246 0.32584167427332 0.06187393377355 0.27303551855859 0.87652729151971 0.10243234620730 0.43635853535415 0.14594775593572 0.44383553518854 0.27048487874562 0.83877467104799 0.93056195088276 0.16559559333764 0.03269900046725 0.42770748458349 0.35331956547742 0.88591887147481 0.29396110078032 0.28601718294657 0.07029962728483 0.06032698528484 0.71036350189446 0.40674506409176 0.28183899742780 0.72579578502125 0.75393429272564 0.87845384548761 0.22150496067239 0.58463493688423 0.88405645266658 0.48201228976985 0.64816696684385 0.65507423279493 0.99588077755465 0.67951105796105 0.14525314021127 0.68611907362683 0.06200448150375 0.76928244332266 0.49109588478528 0.62664044847011 0.30497984282980 0.95974263432136 0.46303353557359 0.61113805442475 0.71764734213819 0.83842989055027 0.92638277118027 0.72044056484129 0.12558761846613 0.76093961195959 0.48463767150928 0.87955872192412 0.04825109419445 0.47924652925830 0.33113105659200 0.45985808953121 0.48655514700022 0.07585097085455 0.12468548485300 0.37004163083492 0.54069647224092 0.85849400698139 0.45788103992010 0.21716931344172 0.48400095700918 0.37594991834446 0.47877369353485 0.33086124048320 0.88275577475684 0.85340821828607 0.69452249732849 0.17714917825959 0.39103530050218 0.80735105662260 0.32707118920139 0.24114565422511 0.60056324702290 0.16254275065897 0.01288452098949 0.44516957076850 0.75647372782575 0.40755636752306 0.50023655599342 0.95452159804175 0.17891307838749 0.76417816686741 0.58734239202651 0.39253820395068 0.53487656017824 0.11661659193228 0.78451600142156 0.01450685909899 0.72362400715832 0.85039432448928 0.43949063891178 0.18590465656515 0.76034522323568 0.25046140597976 0.19717507443996 0.47804533118963 0.05238330198861 0.90543636692497 0.75288399609321 0.53850797777786 0.29045585643778 0.99992972770047 0.49432520035606 0.40905313565405 0.97736940201417 0.86325998965031 0.07731368846985 0.21806301244521 0.23002951496514 0.39072871541129 0.47859036517964 0.86156932601356 0.53969560680700 0.37505181814476 0.86704023514163 0.70562591326295 0.70638125460192 0.38688475086934 0.83714105238010 0.86684216068830 0.93178818083276 0.05249694196842 0.90104420368286 0.36319822027940 0.06877447170316 0.39009938076142 0.23131072268953 0.36680788479667 0.04341016026841 0.60235067739024 0.85620819200675 0.40808145844046 0.78658511866285 0.71777591504922 0.38119848188787 0.58189762302432 0.73282923089745 0.65850434038919 0.12749503562500 0.62768191637947
0.57403235154050 0.54963202740749 0.77698221535307 0.10789080460613 0.33864275262368 0.13439549489193 0.68837368125250 0.11894701825569 0.62289317243615 0.13500189021315 0.77323613277362 0.12760940982631 0.42196079089109 0.97536068383167 0.45358080070241 0.84592901580253 0.30602678744099 0.05093836483513 0.54206947100723 0.47044683838933 0.71835437471799 0.41465384215188 0.94018562158382 0.00483301003710 0.74526676539834 0.26935676496466 0.17384295359558 0.14178864563477 0.44631671930157 0.41821062683675 0.76782664638340 0.94338129028773 0.35932022537862 0.50631485008837 0.85709202526388 0.04040677370037 0.95933992842260 0.53243239902220 0.00761029008011 0.64811166986743 0.81348148614441 0.84777703232567 0.34427731783315 0.02767411576311 0.51741567574582 0.56950741473888 0.54003320335872 0.59418326063118 0.82673763994012 0.39463389574678 0.09152854308575 0.65416682771828 0.94720955017230 0.90251661875463 0.06594880336843 0.00719946823174 0.48744334411163 0.53524598357333 0.20028464029472 0.71037974144871 0.08664021443130 0.34500890545335 0.29866937200795 0.51329375609864 0.86312883370496 0.44285313983899 0.76283593495113 0.44706235259563 0.18023155996614 0.51635092869396 0.19699617580333 0.02677496205953 0.91155724998571 0.82820170950286 0.11755826688512 0.22178821022703 0.22940885724172 0.43835260509247 0.43606007195597 0.51204859324248 0.40974877956717 0.35500804390826 0.81479397880749 0.98756858635090 0.79127205589541 0.12070404280841 0.84054842076873 0.00175057395082 0.06138871335501 0.64675858629482 0.27655425628754 0.67158864951717 0.35627914744415 0.22093386462226 0.21226756629991 0.47436152102896 0.31883093087456 0.06443201778455 0.70426171216498 0.36418097315009 0.01326643561616 0.43535362210345 0.04497799905935 0.30759556284659 0.21003006102905 0.27362444098070 0.71310472760227 0.55869555331168 0.16337651477931 0.79242598838570 0.31267832621103 0.68400330164388 0.93342522249701 0.21109051550320 0.60247225551098 0.71642112435332 0.33929813262775 0.36993136631843 0.01795545284101 0.75465279427320 0.04800951005413 0.10485180957333 0.07357440956206 0.69604398915869 0.05311406461839 0.83831667043291 0.50054366765600 0.94956950873274 0.67313117459190 0.46987400507698 0.65764358100502 0.91528360204254 0.84233555159676 0.95172540734832 0.07319350036073 0.76381225254319 0.34416834099197 0.87960312095188 0.54290400629154 0.37817821800315 0.15438651297427 0.31025205539430 0.19387624035421 0.15738567921574 0.60509425535796 0.45446847512412 0.56482622370237 0.84709527351003 0.62827838547382 0.64792745972075 0.76486311438989 0.88752075375758 0.45869435445989 0.14516511118069 0.35171406393676 0.00264573298295 0.64068531095858 0.88665469235661 0.22907431822318 0.72371381032682 0.49905118133036 0.67784045525661 0.53511215959291 0.88262345841243 0.39945114655082 0.97526527234645 0.52110753546892 0.64682105643930 0.95060693293421 0.25378792488222 0.47770685282279 0.77372469479028 0.91497602585787 0.17746943021446 0.94812758412880 0.79203639758308 0.19199996415693 0.81805104666215 0.76901397032752 0.65912475035404 0.30806076661859 0.62615953490750 0.18615370947387 0.36251307640614 0.33732936196002 0.74156437399227 0.01115970239353 0.38982426321407 0.26384856871997 0.90937265261849 0.51384737705826 0.02147229332634 0.45592772223028 0.61373098487673 0.29271284169125 0.61322629771822 0.23081656127990 0.84244526085093 0.44309145674516 0.18050621927349
0.97683031276066 0.49548533149055 0.36881069565690 0.29540496713494 0.37772932808094 0.53157222536560 0.04440779461893 0.14928987062750 0.92503359708052 0.40605488612411 0.40128879816353 0.90357355855131 0.87904628513471 0.61863577133896 0.23181699518456 0.52196361271595 0.85616776325525 0.45149305646037 0.18005567645262 0.70998607816396 0.42697807709763 0.86621674625751 0.39508230971266 0.41086172837156 0.78984815853567 0.18648458443629 0.44209239522459 0.30748088960062 0.99806483162398 0.40215084577972 0.00993732053125 0.16520532953769 0.12728589018763 0.91373404647967 0.60758871807303 0.74200777012824 0.23071707201932 0.49310168770211 0.12727911552980 0.08713764873810 0.14895189215469 0.72804834685364 0.15784396104130 0.19618201670167 0.16021839181439 0.95721193565062 0.65058025829771 0.26924725993584 0.52479274962736 0.33688945354763 0.26735354399451 0.31371334382144 0.07747993889632 0.16770858710089 0.52961387798889 0.13513988018013 0.29199204501393 0.85790337876924 0.90968858978844 0.63797035719730 0.26861387486317 0.19347750645458 0.97532882154662 0.54236489091590 0.88259433905273 0.28123179607289 0.43996960159149 0.28794904623371 0.87878506944128 0.97238995407303 0.32151560243313 0.23606025695392 0.85060806468424 0.29162384125989 0.69821309321676 0.55171908445620 0.20502735745366 0.91848890653446 0.27316206795617 0.55929881933444 0.69426892976968 0.95260030239981 0.20478694898892 0.67752793437333 0.26572647490320 0.80434618298354 0.89600554076969 0.27895687211737 0.76534220295502 0.32011660459172 0.06871183664194 0.75845554991153 0.10797717877496 0.43961675304360 0.83779288165468 0.29727860438794 0.56904461843331 0.20375314469276 0.19564996255718 0.95627553414494 0.61497825508161 0.77478026307742 0.97545808991977 0.24463614299289 0.43365118265523 0.04148833690067 0.58439354317389 0.05566038355706 0.41809454763985 0.24465049304358 0.27478489827933 0.48057302838952 0.51923461132163 0.62795967183988 0.42470107080740 0.68723751213774 0.80841457902548 0.89744146840653 0.22968994123943 0.70026481031375 0.55448453306358 0.72912256125488 0.99144821327699 0.11047540493293 0.08731272969133 0.58627249445954 0.45992803625584 0.62756564741250 0.98561223399788 0.19371650922637 0.04507021736020 0.49289053128865 0.76132894766014 0.15411164940600 0.75444549569968 0.65227783135629 0.41838173320925 0.75458108632021 0.31899285359089 0.01005303019556 0.29394663536767 0.51835842591491 0.83188879718516 0.70413367529672 0.58451905992940 0.10902106831121 0.24338252813775 0.94079120867886 0.67950156826728 0.07715675066884 0.01666374860778 0.33472446116816 0.70928433958496 0.70846228977871 0.50213066936020 0.96247786978157 0.27628580289358 0.91079642423340 0.41761124102663 0.00669635005973 0.90575026030450 0.55768956060255 0.95687544348577 0.33464126457691 0.52400241005427 0.11371255390951 0.12815444752475 0.23036104836389 0.04095401739015 0.93723887669286 0.47528406158749 0.47879622237603 0.77786165453717 0.57831959036976 0.91962473457786 0.39779859372009 0.62556383668255 0.75127011646423 0.38167271370014 0.19466985678470 0.06732369790563 0.00285448307826 0.55371018515894 0.03361102741350 0.49348547408644 0.96972324525005 0.67475593899706 0.36116850955365 0.52549471431857 0.59834966291941 0.62031248570173 0.50184474171547 0.95678799894505 0.30580763769201 0.00711850415107 0.67688460944650 0.84773701908279 0.42133632045125 0.94225071242105 0.21069223731048
0.87436730591356 0.79142710491360 0.66919215912103 0.53858299476128 0.83968058042707 0.05766152178178 0.12949259984870 0.15971680745253 0.23871801746092 0.63685509980613 0.22200583254483 0.94770313498836 0.33518286442049 0.55540679017811 0.41191806871330 0.24331951568787 0.36549306619761 0.00337247963451 0.81711617707727 0.00475689029940 0.25683187133123 0.40368264765326 0.79312634222675 0.00556971002803 0.39646215028132 0.66604121176011 0.60210951766877 0.67623945021474 0.09280099224699 0.62908158782095 0.44075977420723 0.10355925634442 0.88487809217567 0.90497160085124 0.93764801644217 0.67217448499110 0.09430774239854 0.62820388607137 0.33646942111770 0.09135443600192 0.31284488959708 0.37083456346276 0.16580894673797 0.48046715868830 0.15036562698449 0.28571998834234 0.73070189564451 0.43678391428718 0.55756370851760 0.65339013349290 0.52628331621628 0.73704716681294 0.33201010378358 0.76877006870354 0.96012795845165 0.68158146117370 0.24887334731659 0.48861253246633 0.14860803022774 0.85968900392041 0.87425635972460 0.76001692385925 0.07901172230364 0.55579702235481 0.19804138800965 0.28939334455205 0.64737949089923 0.14164770092719 0.79694891392394 0.88537431765682 0.89391281876096 0.11781758429749 0.20616196747730 0.96112407043682 0.21081712560587 0.16978765846482 0.79754259218342 0.73152113392651 0.03854703889887 0.10986947072702 0.85753878473496 0.65978130724021 0.08020479547837 0.61842827342275 0.37403338758674 0.75216552310356 0.37341154868161 0.59043261395436 0.72210289658888 0.69010021039251 0.55981057719488 0.36043902383034 0.69061177333635 0.57770749699620 0.56932230800855 0.63063571429673 0.80281862521954 0.08790729952004 0.93846348296125 0.72495601422996 0.69551740451262 0.30144215855421 0.22141218016655 0.05825566641069 0.78699222129166 0.87624704246336 0.79988912773105 0.99559620746022 0.83695735532809 0.61869554970839 0.23442075953760 0.16663355414415 0.44113195433380 0.58967015821328 0.63949667363817 0.27315098508885 0.99436086771890 0.45611592449529 0.69627450617585 0.50569310493364 0.18930463354106 0.22699606202485 0.43056527460724 0.84674138811061 0.50937323870337 0.12005745499176 0.08046223789791 0.95221725532305 0.57410971850932 0.74088707060644 0.14474580522072 0.61186557891135 0.42977962151330 0.13354807898368 0.31526713766388 0.71162007591017 0.54497734480893 0.79199801553280 0.22087181240774 0.14318845087117 0.05062567734834 0.98990954835077 0.42913050557383 0.15872396288744 0.92468615774083 0.28396368416001 0.60442751698866 0.54562322346278 0.01979583273279 0.66539830530936 0.34517895697142 0.70906017731369 0.20192565157496 0.05143621978466 0.45645896683397 0.91338696987208 0.39070052950772 0.17043219042266 0.53317792094030 0.42220400712323 0.33651946999372 0.63675998188770 0.87191119638673 0.36638374423524 0.67370832844631 0.01091171066745 0.14516604975412 0.27577552884605 0.24618889685032 0.27816095572495 0.30172144707663 0.01299541668201 0.83588992253838 0.51029567143314 0.27948083765472 0.93044502096055 0.56318878760845 0.60959476812021 0.78269794985128 0.48558331605276 0.88143508737407 0.15943201722524 0.57291469842857 0.38029322698943 0.37572107454488 0.56799213617505 0.41687758093893 0.50456653619019 0.90985268117843 0.66527925940284 0.55492580008845 0.95698303776013 0.75417122408149 0.31015802147848 0.45615953185163 0.89991854385646 0.48677964293138 0.08388406907073 0.15572546832299 0.04896270143355
0.61980678131290 0.50771180236260 0.39336673670011 0.75382387609425 0.04563178652863 0.06040016400170 0.69418714848832 0.65068978233575 0.65435206159665 0.06535910839796 0.86619196778010 0.27051042098473 0.58304462345549 0.34285684984875 0.52239181984687 0.94048165773730 0.09135232407544 0.60820067208063 0.94320980977783 0.05544823207419 0.22786389624437 0.69503464132024 0.16590513001754 0.67648133902836 0.20614690253434 0.38264359828637 0.42763259864392 0.82330423978870 0.96753826897059 0.77535836778763 0.37630815859656 0.47077180318220 0.14857726551440 0.33805552984324 0.73664552197039 0.21188333173802 0.27817247982177 0.57664276865544 0.63605609699810 0.01532340959962 0.35270375168733 0.41047991887922 0.55200275895591 0.51509255419979 0.44930583251294 0.43717046443770 0.67529942906101 0.26380689206142 0.11725738747987 0.99067888271265 0.99130886017478 0.69541709066299 0.92326099494603 0.14043651012353 0.59685160019458 0.38289731502929 0.47983455103710 0.01208365791988 0.20640360410305 0.05050865937159 0.75899363945121 0.96013323327970 0.57511663803049 0.84212359791387 0.76218493347259 0.22407877534571 0.30744808437207 0.15232872787448 0.19122376254820 0.04126802215978 0.66003924634786 0.28525696943861 0.04033074681404 0.18891823686050 0.05618400115421 0.24283627559280 0.11085381306748 0.29248355133430 0.40085780543860 0.73778076139098 0.09851958295525 0.49771031233930 0.45239892775058 0.49489561189966 0.77693082106353 0.17671969696329 0.52404128086798 0.06965514483078 0.54917288561755 0.81103884944652 0.36357813305556 0.57540513001892 0.75750670440362 0.90286459995020 0.86462180718576 0.27219032699024 0.29381964138779 0.48456713222655 0.10630564347190 0.20246795160093 0.97425489429696 0.44880646510775 0.96209922546329 0.46485477070384 0.25713638561980 0.73922866804435 0.65056770165514 0.39878671933583 0.67203368519557 0.22200167838815 0.77657534214583 0.58049459967808 0.95105855538964 0.06036741421018 0.42976343844095 0.38156960544365 0.64536905285651 0.47396526225712 0.84644134283116 0.78649681846533 0.67036244229226 0.21340441142850 0.72279618846234 0.30489972340578 0.88843495934457 0.64888929819814 0.51855478696983 0.74721274795711 0.36914949674528 0.65594555013337 0.64928112506817 0.96870525047239 0.38664645519456 0.05928946565232 0.17111110067427 0.09222924520116 0.64460111204739 0.41427714273933 0.81189130637154 0.65532122801994 0.48107984597958 0.72625206088059 0.80892112063798 0.48507714107134 0.23143596362795 0.32073348362548 0.31089846557931 0.63222886733128 0.15951304937333 0.93392737731285 0.79929610587980 0.48645638870731 0.98258298621791 0.41530042717680 0.86443056981790 0.24972812462973 0.68109574766631 0.88005596887611 0.39537987516479 0.41118389050646 0.55171476230843 0.94919229466741 0.82664824450132 0.00935248098049 0.11875086474662 0.84054698995240 0.26977785088747 0.33510351335537 0.23972013013867 0.27735717929988 0.12171518999025 0.16520639829726 0.55149572584375 0.85966249164427 0.27750754715370 0.16694931074482 0.63913968960405 0.35486618648610 0.00600455782102 0.89860752852313 0.72156447787381 0.86406704914621 0.73633531119221 0.62084423550423 0.55312991148557 0.68494897790477 0.50278957674906 0.85794475946826 0.27418019437062 0.10585751909806 0.49548086912650 0.25717893227682 0.60237722354961 0.77279366354029 0.15525510055205 0.51732234950911 0.91397984588811 0.13280503787206 0.53472746528618 0.75549870343783
0.87753007877055 0.33760579095851 0.32155378139282 0.50265863261853 0.33178666420646 0.03683009108263 0.16127820121428 0.23026063828549 0.31881467061386 0.69932706916934 0.63252562182896 0.77943461417178 0.96872816855691 0.84418034575557 0.33022170348704 0.26817391332418 0.19083799490897 0.00274553734039 0.76561157484004 0.64504938183923 0.80050100915834 0.45987748522375 0.50621660632855 0.42651202087933 0.96734690671465 0.58929651765040 0.88752430856411 0.92703666403383 0.12262741105390 0.08090932587024 0.97401710122900 0.77886517221444 0.15233508966795 0.98427768984240 0.70963231578355 0.93027210418736 0.78714006418510 0.42433752651874 0.48865844284128 0.41878418223560 0.01506347502260 0.11118395370934 0.72479389468343 0.52092360029899 0.19212244536822 0.78406124191814 0.44762568873831 0.69845914932088 0.08481827269727 0.49622628458760 0.10505060709809 0.21868274226857 0.46997386350540 0.13637553563702 0.64891782108764 0.95559154966912 0.16438702893651 0.11827228702078 0.69439646756513 0.86637606978591 0.89102268679363 0.59212930960719 0.97283051135601 0.96909734524249 0.52360947153973 0.47994135519650 0.79122143759128 0.86262784118788 0.12411307247212 0.29057264872959 0.94077772978236 0.25558659090583 0.94183008107844 0.77827273976133 0.99101297981085 0.75576490506971 0.53015289252400 0.34632437021538 0.76313661242540 0.67763886306656 0.50631997367609 0.25943633326384 0.30227401580634 0.76675335788091 0.08997122505850 0.72701986807264 0.68776882062469 0.96412725966997 0.99439231707729 0.51826680511167 0.49173843958848 0.69540901398641 0.08276426443161 0.59907362320090 0.28317289139584 0.69270968755762 0.08507143875756 0.47327386536920 0.98642164281726 0.53674442294788 0.43342920063857 0.42642064020490 0.66804367184145 0.07000413331766 0.86900635967261 0.18342900546466 0.98253986877485 0.03255449343906 0.96183990525759 0.02658891626566 0.28492452150781 0.28855641404181 0.66096325697426 0.52167256246180 0.89434492467609 0.19536536577086 0.51188846383952 0.56900997125494 0.26465887571700 0.27003093588160 0.57104819362603 0.03068458661013 0.48048079852775 0.85439582764149 0.96523469158333 0.04708692056551 0.13001933237741 0.07537909914537 0.32483044933298 0.46537697682757 0.88250556588975 0.00589733780568 0.37458689285929 0.63985597181577 0.13744867523740 0.01707053595285 0.57558498784610 0.77434092843034 0.83550920826527 0.46879392852360 0.68174172090257 0.15549474282968 0.10552461376962 0.20499657812958 0.40722851362878 0.90739194939111 0.54484312971008 0.06469536219702 0.09652466375437 0.32781047765539 0.28444901724955 0.82718638046678 0.89670247719711 0.86558426152942 0.94390531650990 0.86782681038669 0.57741515386702 0.52810443352306 0.92905362512774 0.35589681851597 0.35961299150830 0.37970100629798 0.61916862421640 0.30360237434785 0.46933071450302 0.00396422663387 0.23069106516874 0.82788416372100 0.73208694746229 0.99365443122213 0.85389757501997 0.84522490198614 0.01157717529041 0.36034813216278 0.43980438156219 0.63013596935643 0.87419886917344 0.99684581207832 0.94005475777330 0.01446632081669 0.86835406996936 0.24448837782637 0.76053862745051 0.33771487304227 0.90806487519803 0.40253656699813 0.54555806514324 0.95276192261283 0.38610762281613 0.36809092392841 0.24277289817202 0.28976083206097 0.30035587070862 0.77109615314045 0.30049681495844 0.54768804573817 0.68948992769716 0.85040883476862 0.95425872392762 0.91108541277714
0.91143507270519 0.79305314076653 0.71330843603221 0.49571379720473 0.07100824220619 0.75444204546576 0.53641172849165 0.06427913413310 0.45798407873748 0.99652888993131 0.02968580166632 0.79081038473366 0.30501051101807 0.10796429701671 0.65516515992271 0.38395155942168 0.93945874316522 0.86020833309356 0.71910908754410 0.52788035452987 0.84844798408188 0.27197731466784 0.11781240897838 0.65450275454165 0.57555119290284 0.81937328695264 0.87797870999483 0.55365411898476 0.47261787054994 0.33068588678154 0.10066235859849 0.37224691741964 0.23120520913942 0.23284312874944 0.79698978645291 0.42356869167515 0.30907683586980 0.44424844720953 0.39878349433268 0.58972461071630 0.45814944509877 0.72211452468429 0.61711909461103 0.75219876424321 0.65699362209911 0.62257553192176 0.90947946911472 0.81747132854981 0.48707836861741 0.21034520630776 0.64556543150313 0.89868132391982 0.48755034772280 0.57582031694486 0.48465122275644 0.54958973541815 0.50638753974857 0.74424803348929 0.76072834100555 0.37970777621617 0.76494459873628 0.57103733377272 0.31058843560566 0.66820102370467 0.51365069258895 0.64009883159922 0.63471454172277 0.30985993095674 0.77540221020261 0.09746808378307 0.97095079270189 0.54583742237353 0.80567720352916 0.88017394821337 0.47871496479471 0.30919695299149 0.21374463589805 0.12335133116662 0.73221943143959 0.26891568299187 0.63564781293492 0.22348796595555 0.39074577298344 0.39222817338633 0.42992145310755 0.93649890953103 0.71530857319877 0.54722461968734 0.32545557733137 0.49703836510300 0.53818308242277 0.91588130702438 0.95932653277892 0.97165501760809 0.20183589378937 0.01276549674699 0.54435018133160 0.59148087992353 0.67487582643817 0.21883180654202 0.51376014168712 0.61522403841194 0.45391738812904 0.82065566018422 0.28758556433428 0.28733192958110 0.04586217112211 0.58245948157790 0.15190293725034 0.89341137153890 0.14956581294902 0.82215240841494 0.48746999798953 0.98050561879063 0.38361085408697 0.03879525211916 0.79536620452345 0.36936707431981 0.20015162997825 0.84837348078911 0.44894888298185 0.26943286233697 0.12812692068399 0.17446858571352 0.50040214050223 0.88011829545544 0.34973308884957 0.65799019156536 0.65672645490807 0.33778269072922 0.75567551282805 0.93096950733376 0.75151685118709 0.66137791680933 0.54300709100400 0.42508069933188 0.58958590910980 0.51393040458303 0.26761794426316 0.55866609945282 0.49476577991769 0.39747899432477 0.61076415715126 0.58638944368387 0.30090032936676 0.86775915466716 0.01725328623934 0.52035131644183 0.05323223531616 0.65266757224042 0.79261183794504 0.15564875672973 0.03208682535165 0.00087943378277 0.63919781896722 0.28195320197080 0.27679054976752 0.45865260530588 0.22223758695893 0.65575788204666 0.28042801907241 0.09916833130814 0.50342908348207 0.82063927799534 0.92993611803315 0.92061129597719 0.48857331307747 0.23518871699645 0.83794093559963 0.24136091875164 0.59212696377801 0.78138418010852 0.87891003978273 0.38089824161290 0.70502832793269 0.78928189726117 0.71962326553750 0.46376289046693 0.60119650729942 0.78139090037968 0.04853933271677 0.07092951471850 0.10630656939703 0.02372087536378 0.57982579251548 0.16497233170028 0.29342738801226 0.69977498598780 0.31163531495883 0.28699160206964 0.93754638911889 0.55858447961553 0.24443273127894 0.78341305734334 0.15687899899305 0.91226472082955 0.99332077673882 0.52888496237272 0.86159206310333 0.39088321651959
0.37046886117773 0.70935082118412 0.88336691303603 0.41933750494794 0.33094530087282 0.02011452144739 0.38970396544278 0.01578184554490 0.70521305810496 0.42221588684820 0.95840485683665 0.98546087277190 0.77236499715930 0.37022256093681 0.00273007582845 0.96532223500250 0.33754906491280 0.95267676469512 0.76633290396757 0.07924184220449 0.67017817539627 0.43257843689032 0.10083079639989 0.43302392036103 0.93580444486366 0.58731664622601 0.91791233189792 0.01529435141296 0.58832270527235 0.44195260249953 0.88784593372557 0.37377017696201 0.53979509184664 0.44107851770822 0.22759362918385 0.93376611204207 0.13055644938389 0.77177048747411 0.94818571808118 0.42280740869670 0.52371571983256 0.23875966833272 0.98711731355750 0.62463539459301 0.65507012802284 0.47762487157053 0.83045661392179 0.32157636967941 0.15631483048860 0.87993369894430 0.45170752347954 0.34905682970140 0.19394212451226 0.57563790500711 0.15630908110260 0.74620486526295 0.31179286352232 0.70524264138970 0.74100195269041 0.07573755447220 0.81198625934890 0.17164711171332 0.36488956030804 0.48761419904562 0.91294388881890 0.88854407300227 0.08190200876147 0.88259307736214 0.70067950841538 0.62525309964697 0.07469236299151 0.06991176557447 0.64755795598286 0.91358549451947 0.42398249622456 0.88569454589954 0.27753072133995 0.74546217309121 0.18277673515417 0.67442189165615 0.83945951056094 0.41085428476730 0.45966028371064 0.68540269496761 0.26481923352941 0.11634859443019 0.98946343406823 0.25963125229999 0.53862416261985 0.29509766309272 0.49119687646929 0.04181968032971 0.86684302603250 0.47005094104776 0.81360459822979 0.62553511019592 0.79106865917508 0.64472557137165 0.10652260814258 0.52240304649616 0.62371221175928 0.25209266393010 0.75650763454172 0.09718780071786 0.55621673874800 0.39872778773391 0.74115076367752 0.65375473941065 0.28065789715461 0.18007434894503 0.88057494391200 0.87018709287995 0.15819263207223 0.87838637949965 0.88378951347326 0.41027432176036 0.25030448782848 0.53055497249768 0.09697043727128 0.14686090566086 0.46574990813197 0.26093991243936 0.14201673810201 0.61828452378933 0.88267483856201 0.71144096240185 0.99393581865732 0.92168375238348 0.44040148453380 0.21733282159441 0.42262930522368 0.83773044729639 0.90093163916319 0.44045933378457 0.38314002317218 0.99368796059393 0.51685475641212 0.20590299905480 0.17222608836013 0.55789329211269 0.10142393626676 0.20149668285388 0.33391667280278 0.88176570849768 0.91144985555414 0.49884629606674 0.58131987608679 0.40559876670103 0.76627817422074 0.43395580753008 0.05610544010733 0.13796733779139 0.44900600165712 0.69597204932730 0.26169920924619 0.57506385574020 0.76490230709092 0.83792959566470 0.47296795405659 0.28295887522565 0.81168095092389 0.13954743394319 0.63550816372959 0.60422569375294 0.63297401404408 0.34102424487100 0.60055002620526 0.57828641463665 0.51029519094826 0.92325655360908 0.04665074944672 0.75309903059792 0.52305341948073 0.43433424424438 0.88891189911357 0.46103002849702 0.71452236998431 0.50532623306741 0.50502366506051 0.46074350685165 0.37803619474082 0.25477532176911 0.83594721012608 0.68121745428322 0.89832630587783 0.07168767614937 0.85358196091331 0.02364161516607 0.05829382898216 0.58798086757547 0.20349593142838 0.76594728124455 0.86037558122566 0.91299772366843 0.65882134953362 0.10004581898851 0.52672331057842 0.68378254398413 0.06852638071038 0.45389447203103
0.65160885344775 0.69724752342870 0.96952662295982 0.18381546972890 0.83038370957120 0.60183419522624 0.34529410416811 0.90359590932506 0.67725671895241 0.08841324887121 0.49463681956989 0.43544387256795 0.39944346628557 0.50672537386719 0.98718117006244 0.54368145948393 0.11650787081835 0.90113672158687 0.51928281695196 0.61730804118098 0.63281984285438 0.90124865128187 0.74077949574997 0.87615888694392 0.08799296633054 0.26660425124300 0.17055414180390 0.14656663290537 0.70592461718034 0.14398763947211 0.07615234283895 0.30869248132139 0.55979317337332 0.13013654355593 0.94401120182553 0.26358802543019 0.72593508688574 0.66117995940357 0.81916790484384 0.60142322707149 0.24129525847334 0.56730000530314 0.03835703413716 0.97360682037802 0.85316464436895 0.02602950745305 0.44279881675341 0.50569567061058 0.10866391021963 0.56119276783767 0.93781004515787 0.24994107378209 0.39139959531942 0.08333542315327 0.84758090087574 0.68295719873113 0.65175280134936 0.63570412197021 0.25796027390130 0.00403869438109 0.18362504362000 0.40052362476361 0.66301468355373 0.72459433538687 0.24027816865193 0.31146979077079 0.56410099243278 0.40101589141671 0.43542634880548 0.02972397181868 0.72051773495620 0.30524700202674 0.19293557063017 0.61735350016167 0.30739177001149 0.71832691597247 0.93573724398266 0.47918090054265 0.82499330658790 0.51409688866525 0.09432832092900 0.66677260437442 0.33475597062334 0.00659488348447 0.72887346506188 0.88178037283954 0.30781377920763 0.02500150448612 0.35157123984983 0.25679624898916 0.13489245900277 0.50894963231349 0.87064340555357 0.03403711420409 0.69709438617983 0.95906905329659 0.97521935164419 0.77899459591305 0.68011415943864 0.07294424139215 0.65821189861623 0.96624887390203 0.27207382631126 0.71100480308901 0.00157921594304 0.54012270919169 0.09680843053447 0.26036033941459 0.09136200075930 0.33285355450398 0.22859050428045 0.12837104025120 0.11433980649050 0.51569846411697 0.71403618508299 0.76007162420685 0.69279518520165 0.65912097457765 0.71483250913318 0.29954951800536 0.39792359411852 0.51494539304307 0.25306232179698 0.26326808313935 0.70782192220811 0.87655284150138 0.09261271487540 0.95979400157147 0.70145574236616 0.44037201530500 0.46333345675926 0.17175072757392 0.05621329486478 0.77302510129454 0.41417651434183 0.56234659586144 0.49537717067262 0.52043816195136 0.91097747383777 0.58265950293918 0.17046276439649 0.24017435724329 0.28374147013161 0.01012612998343 0.71861387105223 0.39598380050755 0.33865361498467 0.90856863224280 0.56745728421223 0.18697156648270 0.33089066378497 0.83444113730909 0.48690369483088 0.74122208610049 0.17916951226768 0.03065899737093 0.90178325797412 0.73647956033999 0.01062895560636 0.92367728162059 0.05593419652527 0.80830622345845 0.15451161819110 0.71587710489160 0.85279616445417 0.77933605742927 0.93165949662656 0.15212488806179 0.51274175785913 0.95007430174114 0.49582560591878 0.36322958046184 0.96050405350911 0.24658825266171 0.54447908445659 0.54787844001077 0.16484478898911 0.63807889471899 0.48163603794372 0.19557979757765 0.47259850282960 0.39952668727006 0.42448926159423 0.11191456039501 0.29508819982247 0.99801506204038 0.36787520158301 0.97584695837277 0.24227274584619 0.57287304393524 0.78238710093536 0.87574894194942 0.90734032849009 0.16483024412594 0.66112442883117 0.28202354054227 0.61271106989936 0.95974621614198 0.11282858605029 0.65588460640948
0.54745379942734 0.53369726196339 0.60494440722724 0.67465428217196 0.06449284568840 0.44543428313811 0.65516503797239 0.55039469655448 0.15289005418532 0.70233254601331 0.41590783330575 0.69749855732786 0.41036015466358 0.48482369010798 0.03316637626615 0.60742820483486 0.75993794348320 0.70060711687952 0.65128434942815 0.81744020530726 0.85378205817983 0.50214865537750 0.13866328238157 0.21407363988989 0.23438774925647 0.29357431761773 0.52015335250486 0.90864457196583 0.55340597660973 0.73366518639137 0.09572876422502 0.65251923207409 0.81684869040342 0.65410710612797 0.19220502222691 0.83143437125137 0.36703797120020 0.01283623722447 0.65167962301007 0.31202296346161 0.12532967427769 0.72855066974738 0.99526518699697 0.92418663048830 0.34122885426537 0.31943006557803 0.74740046417025 0.46392239582056 0.13517546403103 0.51084484330285 0.69777593485061 0.96482923594000 0.55253881274485 0.95554366911894 0.99355242263983 0.40662560169501 0.94451650527890 0.52470617567684 0.07130446051587 0.50619709481667 0.92072710323787 0.18529456325605 0.69138915207532 0.01345566487222 0.91205283220611 0.57454800285926 0.58510372734714 0.72290200464819 0.84388367714995 0.61721471122065 0.25752416491846 0.29619739412985 0.21465049922118 0.98677222608748 0.02736441436870 0.47815305870595 0.73883253482492 0.84516151118495 0.19599650533730 0.42090044044693 0.33605916619972 0.31498959778819 0.19071303993755 0.29995203499796 0.78823315149927 0.59548473936642 0.94221137470855 0.20394885799932 0.21870842921330 0.89341658775273 0.37239594645243 0.16670484170415 0.92474317413392 0.46325065745180 0.01907579229172 0.10049273397275 0.43504910620720 0.22923628456920 0.43507487236013 0.23158450478952 0.39144397017216 0.70849179243949 0.13636418408905 0.24882122133410 0.87940710687338 0.06182979466199 0.94065191144263 0.71004546398982 0.14295809785114 0.59421735443952 0.39876676155418 0.39511877089033 0.04584192427233 0.17590179615902 0.41186386244454 0.61761294130565 0.30358003361344 0.03058478680036 0.47593419880865 0.36046193707867 0.24106214092264 0.02785917784185 0.76693504233643 0.84391880818614 0.32337286140403 0.04643148300504 0.25994744482905 0.38403921515360 0.72122948913137 0.07827856172462 0.17901768403741 0.46432020205338 0.34940189702186 0.07484479353336 0.59045712532552 0.51850978886022 0.43405346156584 0.57670773465373 0.98116724870162 0.02515201334044 0.88056448605129 0.12688665128661 0.62075582850186 0.24005839115938 0.84196519271529 0.34988488538068 0.09512530963033 0.66425682877951 0.37147976976366 0.74753276599750 0.61935743608140 0.37293597005838 0.85138132543205 0.33821634525798 0.56940618477302 0.48646836026562 0.42030713821921 0.34929494584199 0.17638484949408 0.83283681150334 0.99840706676877 0.68574784859078 0.09907791142376 0.14054750468485 0.36697473807804 0.19290438311518 0.64700083553385 0.50374545082420 0.86908677935832 0.35705771977807 0.13274900446189 0.71283589957271 0.74992137670865 0.11739618693655 0.86790884897931 0.47156413266579 0.38933476812669 0.88299893848966 0.24718168594263 0.57156622567406 0.50413323594242 0.03626928469582 0.60878094735073 0.51554589891502 0.77086232781688 0.58580926744180 0.42456670601498 0.75434199452449 0.10427172659510 0.21078247807707 0.44766654784254 0.76319505426752 0.82012367708594 0.96518419639955 0.54260545542132 0.65428947913759 0.55594501398811 0.33022318489051 0.05946918258468 0.18675519454956
0.67862098463837 0.53781056299022 0.72272655494875 0.02463175872594 0.84172663557667 0.25810677885159 0.60012118501847 0.71505908173020 0.42843815874568 0.40407988518768 0.61608288754651 0.30532281047920 0.38984699286874 0.48713445888324 0.15354841272099 0.29879516764535 0.47691371859110 0.06993727871899 0.19158090153827 0.28310851128138 0.04570824215008 0.00988114459429 0.34215607798867 0.94584529331904 0.23525767173105 0.29127968606156 0.42444625439733 0.35957941361406 0.26653839411849 0.13222768343225 0.04956239612481 0.55573356053736 0.54063497685362 0.81349077149718 0.53508577314886 0.75687921051385 0.78564319255488 0.15495022241681 0.71188432704290 0.72664682467240 0.27485018497230 0.11944298521427 0.52083481303218 0.88501943852529 0.35296416367985 0.76749066092112 0.26687338679309 0.79204359237676 0.46255863964694 0.99439421899449 0.93341288713940 0.01364172612323 0.76228910136085 0.71987398294146 0.10434040466391 0.82166027385361 0.21817386504540 0.57387084646514 0.77927132518336 0.21355981334865 0.76995367968794 0.25685580451313 0.67467487262895 0.11794883569238 0.07554525429114 0.18580076475871 0.87117149127010 0.52743977347419 0.45173020851844 0.74227640558870 0.45464164971084 0.00601614251638 0.74129936052304 0.28666040441899 0.23663610966658 0.32226664007362 0.05642113378978 0.36349713467506 0.35739770865683 0.71389934056539 0.21587934848390 0.93926231896811 0.21306974716556 0.53159826368391 0.08801307729495 0.33262766733537 0.15450357144161 0.72913219501688 0.61667885960075 0.65832186089394 0.14900411310205 0.02878653837124 0.96459458085659 0.00847094144697 0.13385805575562 0.85392095124615 0.15582332168737 0.63764532718215 0.19431293679424 0.82707405112545 0.09375125842595 0.64251645996936 0.84941844408593 0.37456029789758 0.63372321065161 0.44916992477847 0.07475744477499 0.11111775638180 0.23484024475264 0.56994226250509 0.34691525561759 0.56914129722044 0.16107887575506 0.28395412098700 0.49672456329556 0.74521483688161 0.44342823747386 0.59607539336504 0.37037095884904 0.87816925690807 0.52171017948218 0.54525779707901 0.07571224708092 0.83011201636769 0.92003260222679 0.91180743170930 0.09129062479347 0.96376929863288 0.57042270588836 0.03962339024642 0.27182713221695 0.21153968680166 0.89345084243556 0.36789271574676 0.74978224597174 0.10963396365980 0.29654284798125 0.48961756130548 0.38802963424349 0.90845155888731 0.60811027733308 0.32121153942140 0.07026543448749 0.13991483763624 0.77876942413366 0.27333096296645 0.42093081842232 0.07987283350138 0.18832700915043 0.87427350813801 0.23143273546724 0.68123558542999 0.71358524764436 0.74907028322077 0.84881821242516 0.11912606607059 0.18365349060933 0.95196482316405 0.22975817414531 0.56791585057783 0.78583398999454 0.94184343807706 0.64440604766053 0.54976163026091 0.04158256213523 0.98249299059805 0.31890896151201 0.81814611110647 0.81748000668240 0.74631973010552 0.38710696915398 0.76370851785435 0.44563631560755 0.92429574585791 0.32672091736043 0.61146758656969 0.04208973050453 0.29946010699674 0.74068942245765 0.74507703425666 0.71875779305637 0.43927366919492 0.28577911586960 0.68188881037508 0.62696591606536 0.07375163380595 0.19564595517100 0.58637558543192 0.49911636508774 0.38100133201915 0.59668713907417 0.99017492312685 0.69998442566913 0.15849562186950 0.23537173070348 0.23467558594657 0.87106157715188 0.85146004893080 0.65992180105996 0.46889995549732
0.26696303009761 0.97330280510097 0.62360391935315 0.62736032272278 0.96401778221832 0.70982537520116 0.57678830016234 0.47480264473341 0.32554203980623 0.99151680133122 0.00233298073459 0.11386236678003 0.04707795521564 0.36485570076629 0.31834309818548 0.66093121554592 0.25996566794812 0.84900842639033 0.52841510913704 0.99756893809994 0.18685453050378 0.65824560431961 0.29233408209742 0.54940800230837 0.45941363073128 0.85703691271241 0.78948582386612 0.28611329136380 0.69184160224273 0.39494998275744 0.29015050310024 0.06239673260795 0.45389720163194 0.04721478682741 0.01489469282722 0.25412628765669 0.81535060040640 0.03335291858986 0.50385934224617 0.53689835235024 0.18086585541312 0.13353060895966 0.36225826419908 0.56827528187987 0.32316019360922 0.90774037710439 0.88274851721596 0.99101770056973 0.39423817772950 0.13526685037790 0.72973064079249 0.45385799284774 0.95501656480762 0.25280685344280 0.65874224896436 0.94511524186208 0.13002890394311 0.08830969847802 0.72413869414588 0.33936739998556 0.98161986042599 0.67224978567857 0.51475027764272 0.07789221209166 0.22304366182462 0.39732545798482 0.72849821338504 0.02859833245829 0.66928598712278 0.97597048244957 0.48993718961099 0.83701319858194 0.58481749346997 0.34844744482353 0.46584914648707 0.66749435290779 0.64648574723092 0.02159161891716 0.31957280437146 0.93423317260763 0.91541382511614 0.35041653446758 0.38415266886226 0.95475141636583 0.59632996340538 0.32478582336582 0.81624207550524 0.20188117517637 0.85298514730295 0.18110848599854 0.10814837376341 0.63498710367007 0.00742804400562 0.95028201589817 0.44301771953619 0.83053050817802 0.76845785583760 0.05395801187339 0.08489382528147 0.82492842134758 0.83505256472184 0.00402901108268 0.05749823076528 0.68481609470499 0.72442112171643 0.42417951982112 0.09423047585857 0.23197621501386 0.53042037430979 0.29232079089760 0.98284946888277 0.82870948865525 0.21394786517470 0.95446734068145 0.92725153449053 0.93351725692888 0.20063083348912 0.44620904017266 0.59563935883393 0.54024983011432 0.56092487638723 0.10072948435418 0.21359137401687 0.15265532281366 0.30009128581879 0.98155164203020 0.95226501654472 0.34378071850488 0.41180844591729 0.25510868028646 0.49469936762651 0.77374348048924 0.47130823821901 0.44514019267125 0.80421002356631 0.76873178609276 0.75938560207642 0.39115400751894 0.01360831484540 0.70550618601282 0.72431290347359 0.49649824248132 0.89297475140731 0.71948143464391 0.54046945032023 0.91397355110265 0.81837238990111 0.14254846389161 0.70927422002901 0.39707777592585 0.48051255477171 0.50051431820280 0.98472858947372 0.06946701551249 0.79194963307084 0.34410418498126 0.79800558053532 0.12351038198484 0.61065666091543 0.26720990265875 0.97338606280581 0.31970156736825 0.92905472086354 0.03985425429798 0.60071075755350 0.84936256622864 0.65383768978351 0.96014474215033 0.30459203285135 0.63324130608321 0.99608482636171 0.57901937760106 0.69938242760893 0.90609355345096 0.09445811555969 0.98035737114601 0.77476577277490 0.88912728005761 0.35802585527765 0.12423166663122 0.69897402454078 0.92628640960832 0.58431127370692 0.79453113548158 0.60895759697217 0.92248262662062 0.57028255621430 0.96936463077393 0.54904606679475 0.87135436352115 0.90794487944665 0.76648393836261 0.94062771797174 0.37726981497922 0.42346298975968 0.28584730504322 0.30162674331876 0.27241222595467 0.10241152536094 0.64271278174419
0.21383726424657 0.68980555648820 0.76292120276292 0.12388517173935 0.23712457449733 0.22227028491578 0.08016141526659 0.61294763152667 0.71585399321387 0.25765406004798 0.22671075330171 0.10064005107292 0.44555046011131 0.92296372805303 0.39845412648314 0.11956902086722 0.92298474272827 0.13156311977733 0.23283521792754 0.20263573496488 0.60360251634085 0.07016901941528 0.15942222975239 0.19451840878352 0.06662740224641 0.75558255639666 0.34650437777005 0.64204347654111 0.20077523386231 0.36375809842250 0.59372484307805 0.02661569888355 0.24555821421387 0.77469730022995 0.93740472955619 0.12793247365711 0.41039909651243 0.53516584397925 0.09692105876231 0.42983292830796 0.55754734291353 0.61571864533677 0.21737476372761 0.58354510808648 0.22008909922464 0.81078588672769 0.62300992688602 0.11351083788758 0.72905704725183 0.87351157123088 0.81852918639076 0.05824610259492 0.71829336158519 0.32628090114040 0.53230252922463 0.26636550091312 0.93592451722746 0.08123537968066 0.00365146014626 0.14010733100202 0.67664914650118 0.29341762983101 0.17997518603161 0.75642632991130 0.86615297567242 0.12515125804669 0.40210804671312 0.73542327595734 0.60934718712868 0.49287134877311 0.47195670945031 0.53508586209226 0.84058831501857 0.66203034346699 0.23732754024157 0.82720861188949 0.52334779844968 0.08155913786312 0.39705222574593 0.66692103732817 0.49579231553415 0.34372163473264 0.74281705797468 0.00337448940137 0.12332908681140 0.31947152093382 0.65708705445591 0.11896654148719 0.56046962920701 0.09152298897863 0.94114330333068 0.95043445481701 0.90313758238758 0.48224134711652 0.91469009831427 0.65360365841788 0.28685509989604 0.41122527082806 0.59726169011438 0.37240139507619 0.74446638411128 0.61866268219397 0.86454964240927 0.70226139888718 0.67674986110779 0.31874030479174 0.02181916461412 0.17658384488091 0.37599261099302 0.32961119628624 0.47673142950854 0.01923655503729 0.20242429628087 0.77178060265745 0.94421935775892 0.69232704737834 0.16130593184239 0.24610559438480 0.48616030675985 0.12686701749547 0.05421100663036 0.45446094286518 0.41743179281305 0.23422563017914 0.08924535926364 0.96841079537719 0.82404660666433 0.45684481361905 0.24102417278337 0.97858251486682 0.99515908198835 0.95789855857179 0.79139489927291 0.93368737322005 0.44248448174893 0.26241849362044 0.01691262720043 0.80780003292902 0.26875077118276 0.24590769057062 0.68041542917042 0.69242854933188 0.72242318904328 0.47402357029272 0.53917014136542 0.06855046802293 0.84788647312234 0.14419325451618 0.56424706853268 0.05984541800113 0.20478691627420 0.75369900534684 0.56968918685963 0.59223536569609 0.40861390140219 0.87973598237893 0.90106844152329 0.03924589160771 0.29835360864203 0.19059324142077 0.17439173278423 0.88628163775608 0.85589708982770 0.68169394571432 0.10510296814148 0.11545463002684 0.32866962380930 0.26539554910466 0.85935856951623 0.17015528116937 0.45569500473892 0.48756466758515 0.90373838963816 0.17088146920995 0.37737176983171 0.64000245498709 0.44584541750268 0.88074133648150 0.53776847429384 0.87115688315826 0.65346519897146 0.41318358738170 0.52123948009066 0.02638400156848 0.88214283243005 0.28413153149868 0.78173929422105 0.76691847363971 0.22655470620640 0.26001534825690 0.29469208805268 0.43036391562239 0.93793266032269 0.55140049261772 0.79882822011963 0.47180307979771 0.76147836062083 0.28930787424356 0.58812414829073 0.91714369316306
0.44201019511653 0.70414145512975 0.90389072263078 0.44718601562032 0.61917044723882 0.89335594863471 0.30470670769125 0.98422118828854 0.00388357273567 0.15207361298317 0.85460288189992 0.13749981762099 0.81937260830956 0.21263773386238 0.22577001821894 0.65986501170011 0.12642228747712 0.28241984466072 0.33611724493424 0.53098259452633 0.99030324767502 0.25193529806967 0.76176301746452 0.40737091482659 0.39197383658826 0.39975371061646 0.93296613049487 0.15974811270759 0.52084479376715 0.96252275319699 0.03104977385031 0.87177771406318 0.63144170031660 0.65148357254728 0.31926587655237 0.20991177772565 0.57785122386520 0.26572946011159 0.32992414794472 0.40321115987374 0.61049835717574 0.44364942451455 0.61998014390172 0.95340766358126 0.55254467213470 0.42133973711595 0.60634476006974 0.52005096762504 0.24090611586443 0.72601624528781 0.76389017735037 0.63341093970933 0.85120591749490 0.78805496834994 0.10517751563425 0.59333370933151 0.32917731516035 0.40777161549735 0.23048623270505 0.90597893950635 0.47059256331685 0.32063169779721 0.75627436360843 0.21372776425086 0.26446830063417 0.01264359890575 0.84892787634689 0.45335318741979 0.01863921256882 0.03508573132024 0.92945714094121 0.06391301461826 0.34763961788937 0.64402825829217 0.63159804067070 0.54265566573919 0.48740764780395 0.44495503744356 0.74570930475880 0.01539828402655 0.42660493807066 0.63080816811816 0.87963642799593 0.80071739331911 0.65758080370018 0.80199304068862 0.25676188975205 0.93397591271711 0.40613233405055 0.62245419134656 0.30405071386990 0.26123000680038 0.35321492010182 0.08609466145727 0.07748078093193 0.63903556839831 0.55278483223009 0.89542829101371 0.29100839365952 0.33285917162478 0.69739536253338 0.61779053870938 0.54356622732826 0.03558463587098 0.20597997238081 0.99291850955743 0.17414130685533 0.17744056508246 0.42343899428883 0.17360791478507 0.95279364664742 0.13829470073885 0.14730517494654 0.59477658929241 0.24499763293788 0.99535847219238 0.92899606280858 0.06289857628400 0.93051540272248 0.58610315516211 0.72040780636049 0.31935216244529 0.69563715678738 0.26935748775649 0.87803022947499 0.58671533287616 0.51434350293282 0.11587968628193 0.69880866936318 0.82230996185595 0.15238312692030 0.57565534642122 0.13650916304570 0.68414086112444 0.73192809187272 0.65364719049273 0.69926457890360 0.21356614799900 0.33195869860394 0.62796409494464 0.78177455425596 0.07544131934104 0.19152990975215 0.77661214400754 0.97705301216498 0.63087917370660 0.48898025788655 0.19538252410139 0.84517963143909 0.85935614560830 0.39629044759066 0.44765176392799 0.80253575437125 0.83682967927635 0.69290149731344 0.99970163068462 0.84363448365656 0.83366042487945 0.86589003313252 0.34423004691001 0.52511763241971 0.69821020949192 0.68326035514728 0.17988958497758 0.43793405411340 0.93238119258944 0.92978580316815 0.60375797504202 0.27541917595242 0.11085163820552 0.18190650134833 0.71448146955231 0.81597342432890 0.80934613108573 0.16267161054304 0.97156983201114 0.14045790614664 0.18800706502119 0.96269096105800 0.67820397739139 0.91888077332504 0.98983843310395 0.43517529164985 0.01126961287931 0.46736452004177 0.81543302355195 0.71542127353536 0.55623006474407 0.62743329521082 0.21148580900360 0.08144168296975 0.70842699730684 0.70803709117144 0.90742925996962 0.61528022157042 0.10746002460311 0.71583281058926 0.22016938361035 0.09860404435768 0.21899142876746
0.45801410767839 0.71961819471337 0.52935772893839 0.37403119185081 0.52897713045430 0.65941805268250 0.86263205934677 0.27714884303828 0.45251403056858 0.46806302364365 0.18906261793469 0.30939432358034 0.13510916256976 0.63719220368482 0.71778285340367 0.03009666287992 0.56840411890204 0.11379146677466 0.17023006767950 0.29446922104201 0.55629000861820 0.14373018389131 0.94353207139806 0.65277501677807 0.77233386775447 0.44456895213741 0.98520382585472 0.68166064036822 0.60123960185250 0.34600554841445 0.98272802246019 0.07110073788569 0.42316947164727 0.52040550344844 0.81788863397973 0.51121059905571 0.35816279114370 0.59732001691137 0.01177602782690 0.01039685643521 0.48765564076920 0.57304251970345 0.91450155170449 0.06548784437571 0.56947581801121 0.16196927629875 0.28541326925514 0.39177171655582 0.83927999248414 0.41831537140951 0.42389483814916 0.97406622847728 0.47488446995820 0.52150441720057 0.77914626684314 0.81302528771166 0.81454343344975 0.48206539820256 0.66222793406877 0.09596164769448 0.69205204523140 0.54650386124653 0.47757350174260 0.92976435171092 0.40462159421809 0.75031227865655 0.63329565275654 0.10015517369616 0.57197358483628 0.25240845243529 0.58996256680292 0.89052491601381 0.86731248541855 0.73453292477823 0.05391542666350 0.39509486229273 0.10836238249782 0.56677273582709 0.32495651635804 0.75984275663049 0.08217274028300 0.19830203830941 0.92717085117279 0.81027607504078 0.97116372508750 0.65739322232101 0.89261347237308 0.57746780300074 0.22501284824073 0.89612615732914 0.13211955699104 0.57338481190036 0.02110786433013 0.05832701307784 0.14456102529731 0.46969874516008 0.69631053482861 0.07700214734691 0.94587822834446 0.74953955807986 0.07014442312066 0.76984527922503 0.38234987238272 0.26820928478648 0.88351617049669 0.81561133425227 0.74445925839682 0.32379503991932 0.76610803997907 0.67324239621026 0.48690750708459 0.98665960492451 0.93209052800723 0.09720624029228 0.34310623536357 0.96365528660174 0.51704815524930 0.68886715398819 0.98549941480316 0.07664778433473 0.08224948010367 0.75423898094927 0.95702189239770 0.35840950487206 0.23509446686978 0.39991399396134 0.56652675717155 0.00614713298002 0.04731997793999 0.23057575088640 0.01459698429338 0.19167917300788 0.27177752143564 0.95586243225596 0.59176643280336 0.00848594980409 0.46868466910428 0.64244866908385 0.97314978793340 0.53508514530089 0.06198585503090 0.13839022667357 0.07450248639699 0.17234418838524 0.17974537773104 0.57646410893864 0.32990896696128 0.07897154409510 0.11101385031619 0.67331946036072 0.63559686341775 0.22033136759803 0.80475381600185 0.85555636642846 0.91959727022981 0.15930254356102 0.70876399657718 0.73824804431056 0.45929541517342 0.79688109810263 0.35089902367845 0.31935765884033 0.54183162514937 0.14144241385309 0.59529913801596 0.60875301570444 0.83279626906859 0.60908744393451 0.67085539393525 0.24453999996185 0.42085571704670 0.92564529221354 0.43359468200936 0.82345290718330 0.30749403997488 0.57858496372727 0.73610937409144 0.54896037829009 0.88322798685006 0.75749820147975 0.39624930011569 0.32819228368085 0.64004976552184 0.15592043412876 0.81368943440690 0.61864201498781 0.43396896482027 0.48857338632169 0.20252143482759 0.98627209685268 0.74199691331459 0.59877746593888 0.82518178655986 0.07342152873485 0.40782414244913 0.58979167442099 0.38288313750975 0.69896111578236 0.89245047133674 0.39758377950685
0.15364839325251 0.22329627261447 0.55217675196994 0.66442510690377 0.56927632041400 0.31472128494023 0.25539240345257 0.89958429516637 0.38639936770604 0.67932314982425 0.23005755426719 0.56090694554059 0.34790213853386 0.80540630181560 0.77272575593373 0.58468681997252 0.36085533589902 0.80165849708579 0.64495458543786 0.76768405135684 0.46941500077050 0.63214101684940 0.69896059744607 0.53293791410085 0.91419963606134 0.62046180078811 0.10520031379181 0.26069876803038 0.08777578067798 0.96587370793017 0.11486107146221 0.33297242672617 0.45340394331090 0.60266183041814 0.44028169253341 0.40650354903097 0.46740273164882 0.09678998352638 0.05112776906384 0.19201124079350 0.95177981564859 0.43235727365051 0.39909775383012 0.09551998010590 0.12354370292666 0.65328593460691 0.72839048056521 0.55731357618542 0.80932705968278 0.91155878824446 0.86893073601212 0.48666394237973 0.79626705230431 0.74097177986441 0.52390816508827 0.43499799306914 0.95034913396430 0.66705677094249 0.56134965654637 0.26057261757166 0.00483884029831 0.63791365699859 0.28748319207602 0.33702266700481 0.50322461488734 0.73542874979040 0.36947002709506 0.07510755398888 0.51605337462691 0.71007021432325 0.97949147630445 0.12408857500562 0.16775261985766 0.27106522385825 0.78509230392016 0.78640853104931 0.07625180090743 0.85665176340437 0.45265927401150 0.26855326031975 0.64379767560107 0.07895334042942 0.89935297253955 0.06540560612415 0.18985329712143 0.72703886930076 0.87247156664677 0.02656048726400 0.20862102219019 0.55404667777639 0.73485140704024 0.48848485176151 0.15198749253719 0.02070380044146 0.70834724237741 0.31132894681196 0.46006240964073 0.60259260454930 0.56491912496111 0.37305185623614 0.74718186939844 0.22490286110480 0.16944826835078 0.19571188534481 0.90029989961616 0.00559743008486 0.06457824441320 0.29630817821422 0.77802562562495 0.77191156302503 0.73105970274322 0.48481187439660 0.54591245900812 0.19027865556452 0.60740709866764 0.49465835379388 0.90738363540761 0.51087543319911 0.73156982386007 0.40600367724219 0.17282974433713 0.99683795327597 0.12522560339229 0.86286745078827 0.85423161027978 0.97750226680380 0.28704749851267 0.87201002248528 0.39254868531679 0.50060122050386 0.99179219075529 0.96876262676813 0.23824475278676 0.95064914795916 0.84102539164282 0.22943220638440 0.27705641209078 0.40911346126368 0.03242947076942 0.96659812698917 0.90851373415042 0.69986601211743 0.77166788602480 0.61398167341019 0.79713330543174 0.70571983390905 0.40663469353167 0.91596752828218 0.90101552961036 0.63133765280743 0.61569443595246 0.84283414105330 0.85267913899415 0.94820812574138 0.46065068010916 0.23083171493388 0.19053831667713 0.24295568946490 0.14526830967854 0.71141117466509 0.58346566947696 0.02927092366483 0.10278081453893 0.86265004068767 0.12502395532693 0.89272120513113 0.18563176389014 0.84667461646866 0.47557735638576 0.94770662046816 0.59021288836038 0.07111162631252 0.49721329176948 0.79385342311461 0.32990122601415 0.31769533321075 0.01684100718828 0.39996276218038 0.43444651877575 0.88822592812186 0.01363414165243 0.36432891896609 0.18642316199650 0.40699466867088 0.81675785735419 0.90888732063388 0.23816450884318 0.87516384906944 0.40551185914157 0.82880843226630 0.44765078944161 0.21566903403037 0.81769799459496 0.80546127139058 0.92415537921637 0.85556278445011 0.31532294126943 0.52520915408499 0.22468113029534 0.72498430346136
0.64986802271216 0.01975207256709 0.29313416239547 0.91029272001989 0.94198595740630 0.77026865299350 0.85482333119200 0.30653382106737 0.37844599815820 0.15574556040255 0.68399708651527 0.08298664255095 0.07045695717677 0.64965623556876 0.63173816581601 0.89215513460507 0.55506126713575 0.78211397040552 0.26614916102577 0.97512900409384 0.24116158860194 0.13912087096114 0.08369210507875 0.36671993749300 0.97515053973222 0.32880416558997 0.80875512338109 0.40024480298496 0.94259104402412 0.15353449775067 0.90125118806943 0.35124310205140 0.10721617298315 0.82530390534830 0.00127455510605 0.39509319722608 0.99315443102481 0.28749585494204 0.83397522478315 0.76649306941992 0.53292685382736 0.37672466092131 0.30300391347972 0.11664068687058 0.71061751417792 0.74516841015368 0.95493569030199 0.97213587122208 0.54279919846697 0.75732408785189 0.94537423377225 0.70258252483759 0.76212242984832 0.39582193976265 0.45309111848880 0.42723704634716 0.15120946857921 0.21337545508817 0.38248248640899 0.46224602399654 0.77912036168515 0.14005657061095 0.96710322778046 0.07915275727517 0.04778983709542 0.90853296868257 0.41904237189892 0.20316502475333 0.93243659911142 0.73325560826351 0.98772186686676 0.83954536922218 0.49163832197993 0.39564438842097 0.05495059904884 0.70168122054881 0.11173859050016 0.61947779532748 0.08361034406440 0.02264288922262 0.00660095773674 0.92131231573391 0.96124848266194 0.98559469983865 0.82999204515509 0.46557566755491 0.63544417002019 0.80098590447069 0.01244810538791 0.45512313726091 0.19068833136308 0.98599880259249 0.32457708071301 0.18231961037941 0.46271271922615 0.94038685098271 0.23642107514333 0.21858744491331 0.61442827866113 0.11590825617931 0.76007193295468 0.16038147718277 0.50457420793685 0.51887397350163 0.72986862661367 0.47998973024589 0.23406617073733 0.56277703192002 0.52146431244693 0.22460977473819 0.57634082132852 0.05354642351144 0.95760182817480 0.70811956305567 0.93306721983811 0.92554481892822 0.86276424746758 0.60089962285531 0.47446805118372 0.17955246656303 0.48692648631867 0.14966880288988 0.92660374974176 0.28067095867314 0.37932281834412 0.00528546950504 0.81865273656299 0.06801055758708 0.17984461036726 0.42949030751904 0.61064825561514 0.41549637070869 0.41663584979494 0.29121709287740 0.47479691951638 0.18229542863518 0.51891907638456 0.25103387497535 0.30325332204638 0.67702920274354 0.15074309242721 0.40265962387167 0.53063149671420 0.83569251426052 0.66723921082353 0.93505357828665 0.60866216862653 0.91710844737791 0.03262469545036 0.13731136677916 0.70111703932999 0.14648487338855 0.97975513752844 0.37230708077841 0.74150545929975 0.14033622975297 0.84274047551448 0.49015549575769 0.48518259275205 0.29563926553944 0.02931277703420 0.49793662063181 0.77275441290914 0.78051090927442 0.25607223304914 0.71490384161196 0.13715867836009 0.06217808017676 0.68479040292414 0.93885726781348 0.25165497338040 0.58075730049131 0.38781410769496 0.80929296838067 0.94969971796165 0.48968770161373 0.58295918940218 0.15921620539899 0.67784051027743 0.83284347389204 0.01881472761988 0.53506726339881 0.30160530405136 0.38642185561389 0.71669043072470 0.26223874681686 0.62959448491420 0.29077471087754 0.57866011623959 0.66202839068983 0.53938863797899 0.73579825487127 0.57720643584117 0.85966828809437 0.07369352489713 0.60427827839035 0.45163491696215 0.42164134463425 0.52639435050622 0.83808730762843
0.34314396875083 0.18800415586943 0.00461289999358 0.06676915966877 0.19224433723703 0.45044498610546 0.41745770518545 0.30509608096231 0.71468141502728 0.10175882443575 0.88824810091790 0.54960043160548 0.02344152518379 0.49737732689283 0.85753479055862 0.70059575772905 0.80620252640152 0.64772424930844 0.72220303333188 0.24443765093762 0.87539967579494 0.84909267596241 0.69738068533747 0.21847258456458 0.47540431964148 0.21169394644574 0.23123242243353 0.95929073322455 0.45058929180580 0.92389504114307 0.86926171018850 0.65644494850005 0.06547275557552 0.36772652794021 0.78748639596326 0.35696365309280 0.43599679280156 0.95590593273480 0.10453201047821 0.37204864384439 0.46002524259590 0.59652787709209 0.06245372606509 0.39322375497369 0.63605789387304 0.01354770789586 0.27264349745457 0.47987286476815 0.29918187821635 0.05035044996255 0.34517755582390 0.48209306058521 0.48765900663276 0.83505749321789 0.76405939988621 0.21898104711212 0.84180650018076 0.60217133668783 0.03380484025254 0.08406765166007 0.66601514884166 0.91717149685386 0.21949482350734 0.93511225176053 0.38444038130512 0.19408610113995 0.06634884511700 0.59867053656908 0.57324363022856 0.54716752634241 0.04595505816530 0.99505390639115 0.04377933487611 0.14519897550114 0.81427336182607 0.59264566329655 0.36921762339004 0.89263201556954 0.70457376913805 0.77577357398791 0.73078669314469 0.84039460296291 0.11031451364152 0.09814400861849 0.14587372395791 0.84389404669963 0.75343146010900 0.94630771441101 0.87222845832332 0.59997805313881 0.89277285531443 0.90006861845993 0.43813129566309 0.32457277364521 0.71668574938962 0.67818416445590 0.63319711826500 0.12609051629293 0.57553900091917 0.74409947690012 0.29280725045270 0.40667224823540 0.61990967923197 0.31903679121459 0.80197348170350 0.42399842549664 0.05855104604489 0.95416988711125 0.38995124486631 0.25211480023480 0.36816680239405 0.27540469785101 0.97379193089436 0.87789671573469 0.18658604715597 0.80803932694491 0.30705066184599 0.62610549410300 0.93699202651812 0.24344893593177 0.67291817029068 0.84292885541449 0.35669311405969 0.78295523428677 0.46760452185787 0.91001140802277 0.40036685924814 0.06710392340801 0.67640061873621 0.42888337072142 0.82907358461443 0.34147990202090 0.56937171856473 0.54485093106566 0.78753764691118 0.41989205242346 0.41079180743647 0.14229302283634 0.42533032269666 0.85009338770992 0.83627160895559 0.58530064370404 0.30171885862019 0.40543309029514 0.00497220459178 0.87595900280205 0.26236479869056 0.93448026972893 0.55852834394895 0.86996154396622 0.63376690739709 0.50272363801746 0.82090842830254 0.40647030653650 0.11634910399799 0.15516788630072 0.30286187547257 0.23365506442856 0.70327103371249 0.09455976069796 0.28902473170166 0.09416370746733 0.77970581827288 0.87932844748885 0.16955451508383 0.16275650939129 0.26267720183107 0.16727286459794 0.68652472447292 0.39158487697409 0.43143473735316 0.87058609347264 0.54650602248107 0.05924155508333 0.83458664002169 0.42123486132385 0.18347368515029 0.23768139053962 0.84580425348121 0.79494925902845 0.64033169366003 0.11199518743437 0.00752766365753 0.34871320072578 0.18998114954326 0.87995949802419 0.72388615158163 0.60981934271831 0.13401872681926 0.56821036835809 0.54921868208325 0.82172164361167 0.29850069788905 0.71397209868862 0.56564750283437 0.46064406377259 0.41954400418499 0.33354271423675 0.67080050112109 0.48100547005209
0.06724197114527 0.92955031898935 0.13676036628925 0.14991028934369 0.39207757309521 0.25839316570315 0.04571539156553 0.48998259832698 0.55755809744398 0.71182309896146 0.11729194999142 0.68899319659530 0.60959895411997 0.79561459018070 0.32331003331439 0.75704200598348 0.49249238878959 0.27091804592928 0.54339446949409 0.77379499831765 0.60013052854555 0.01624188531359 0.34640267952593 0.21922159983625 0.66125824751667 0.84337042600982 0.50377659492112 0.61091116078509 0.31304786213149 0.38246224836465 0.61278054440100 0.10187071847753 0.00590655939150 0.39581077027704 0.49684747822178 0.67489697646332 0.74626840183968 0.05656947620455 0.88638699205884 0.79083465850018 0.65540514021961 0.29480988305080 0.11594311846822 0.42261660633346 0.96903921534322 0.03650223824892 0.60239779728236 0.42087136230475 0.54327902759784 0.24946571193084 0.64320960244840 0.60883556019714 0.76418155643626 0.50256120635758 0.02389150044900 0.00689464180920 0.08966961150425 0.10868240862290 0.40443575529024 0.38607281158977 0.26982125446083 0.17997291659905 0.15430526564077 0.76020378687846 0.65286960051322 0.93684284009945 0.57485349425002 0.24832705553630 0.58099967357193 0.58961412741768 0.94011998154816 0.74026802789313 0.70419046003576 0.07435504798887 0.47483261397831 0.71109171835638 0.52597752086481 0.19636060344116 0.02548520829736 0.07111956915806 0.67786197769767 0.36870508283274 0.78770323967627 0.81691589859386 0.73628964815588 0.93425528932123 0.41551568129487 0.17081940615103 0.53932996546961 0.68869503098371 0.13568438301428 0.02546584254179 0.38073292171607 0.25312820435522 0.42940298884459 0.98792846300645 0.82787830295825 0.64987153213175 0.52312111333686 0.24895645784639 0.02255507177440 0.88529928294335 0.20680517952236 0.47389982685512 0.77493723637377 0.58945520979858 0.80330432314437 0.34473238364759 0.03244762136934 0.22892065427380 0.75799798887196 0.53694168260517 0.60112291076669 0.93325008807773 0.52274989648003 0.66677393431827 0.18601209961427 0.26606186413729 0.29726103798212 0.66804569855959 0.14696305028447 0.56281041927126 0.83367367110198 0.22780635423577 0.52093172449125 0.55315772099720 0.66812601247506 0.09868493461214 0.38235236697368 0.98327922925544 0.22682353956720 0.16281360630963 0.35601518734348 0.16867886055606 0.44430042935374 0.30964597902005 0.60375897360258 0.23242406655301 0.12780063455521 0.50756803601339 0.20583367504233 0.41138520302420 0.40778713465686 0.64441758022422 0.45311670388030 0.50186639847142 0.66349243611252 0.46810954326809 0.39255904862713 0.04327878394996 0.55346342040655 0.56885615504667 0.48424501209223 0.07629319926082 0.52672413331602 0.64574311030876 0.09891110048106 0.09388459765549 0.86935069019846 0.31790525683191 0.13110849240553 0.40146939106836 0.80273490975666 0.30739402828674 0.67059215462615 0.43115476073425 0.94001522358207 0.14253055100023 0.34750563199246 0.81024672595736 0.50232656106708 0.14728511962906 0.61960232464915 0.80856638362861 0.68805228339991 0.84420997302135 0.26853305404741 0.94014765087087 0.40812998682090 0.39061962379268 0.65355078406515 0.01627480854020 0.73677271562959 0.95681297418278 0.62248066078900 0.10253651218160 0.58406158287417 0.07301144218465 0.10799592783285 0.43750561261419 0.25908964642741 0.10040944148380 0.82480578266369 0.17646870982514 0.91747370831910 0.16243597387935 0.91276755936577 0.00147812689524 0.81991773630909 0.92211825332330
0.44108755331191 0.43886465482401 0.51197873814921 0.19504720067798 0.18259962607475 0.60339582641266 0.30216714863080 0.86354960271215 0.17028067172850 0.43427024695419 0.48534722107816 0.38600869873018 0.41734070143339 0.86433837167071 0.41031556969193 0.82975127284708 0.06392509317366 0.06811788222764 0.44510963578079 0.89485096310974 0.43697056206985 0.59426734447001 0.13321169983394 0.35771212717447 0.78790555536150 0.58204901900857 0.59141402017862 0.60437780557785 0.58646041608243 0.83566204639247 0.02704689579367 0.31466374100918 0.04258297957246 0.15735703998053 0.71378253111593 0.26860442230573 0.96097176385618 0.42364377256523 0.22871255958282 0.96268796592401 0.76653694070450 0.05843237800700 0.94999467921068 0.53055898657238 0.24831611676311 0.31991867824074 0.22853223687140 0.63527875687449 0.34551266478364 0.21335136098190 0.93779512809751 0.79589521899203 0.00616294134011 0.29143369619676 0.02475046917741 0.33694900311364 0.28163624657776 0.96506640876651 0.37413512848518 0.64821983024945 0.11882937595149 0.56702852328204 0.36184760015076 0.04743083555540 0.83639776729743 0.77805315114020 0.14509381055273 0.97724370647682 0.83032286317013 0.94066573813752 0.59015299452471 0.42509659691303 0.93384402439739 0.17537784769918 0.27909713753332 0.49161107185818 0.95157071883115 0.72386965355346 0.13280631965222 0.91172455096287 0.17453090051594 0.07438793631885 0.33294180129992 0.38573182447092 0.62637884585469 0.92492935984868 0.05144752745095 0.87415011802952 0.33284504334235 0.11480391387725 0.92804409199436 0.69654748262453 0.69920350730666 0.53718632686628 0.43434540510863 0.49994735964816 0.58949727397614 0.21782695035002 0.88722825345157 0.37806112204555 0.78307503639485 0.19573549383061 0.25992631694602 0.49114494751603 0.64001504289052 0.69420342989357 0.91441680230582 0.25425214567396 0.28708310424264 0.10150645142289 0.56267480939216 0.84294544981138 0.21595129284778 0.77977750861209 0.60308692475165 0.08795069502163 0.09384398521467 0.47508494504074 0.63897754632220 0.47937669674177 0.84718934808214 0.55713228475604 0.15412930626528 0.56545342705900 0.58469957812016 0.45374088617541 0.42958793225537 0.05908614875367 0.66016489633344 0.69983290446719 0.00945114208155 0.86423374520395 0.74963084482819 0.78962708262444 0.12720021869105 0.58807148314109 0.01363385708560 0.00171383100937 0.74187063607588 0.86820840024811 0.56878053069435 0.82689471837932 0.65034299602854 0.77731855952156 0.05318126021832 0.60702288155515 0.84354427858339 0.67313999860419 0.93369740789406 0.20373677546061 0.66497709077139 0.32871823155480 0.62590308079286 0.96074075675577 0.20614638465526 0.83131528570429 0.29442359200143 0.57983619256975 0.98621222222440 0.30622759795615 0.24904061318552 0.11232750444166 0.37960910976880 0.70171263243521 0.88429198362193 0.58682542093192 0.69494662712231 0.69884774753064 0.09261177427593 0.43273803578624 0.67227044077648 0.34722453163055 0.31137865763293 0.52422922412547 0.48386810351471 0.93641018260909 0.02709553342467 0.01191632774472 0.48588424455945 0.48812645493004 0.94522377332706 0.83060091783711 0.21535172820585 0.23825022347675 0.75510471525815 0.35016243716851 0.95752564360754 0.01936918375160 0.26001833477476 0.15802819959431 0.07275775963510 0.88876305996533 0.15002088516677 0.41590340414714 0.13511319393803 0.37574931139666 0.86251361535523 0.57738211816625 0.86813764986658 0.36163068356587
0.94133716896464 0.88946269543766 0.19893303548628 0.27824115735887 0.97150829011770 0.01482236590915 0.82178824238514 0.88308456390326 0.63732781621721 0.97468024094247 0.77222392037425 0.44888043013638 0.11740415920376 0.60788768124814 0.97596440804403 0.93528376376508 0.10046955784539 0.47659001098577 0.63042726655058 0.52826597358363 0.69841818398907 0.86307073393801 0.01124652963167 0.22805793112774 0.30142735038286 0.30209095109479 0.82807629031204 0.63990463286963 0.15594393345756 0.50219538878195 0.37099451478770 0.51647879249262 0.34741553795231 0.43939248769057 0.88287710119870 0.29614305664715 0.69195823991650 0.20132703300170 0.57673270396117 0.43344687251094 0.26230441545514 0.12010900365707 0.64498990584703 0.97939853621402 0.01302301049162 0.95726620737274 0.85919217910241 0.05873566851868 0.80804583623442 0.34693735996298 0.13321094675729 0.10901519486032 0.86298194890329 0.94548864399814 0.90676345774583 0.05006809660183 0.95363845357295 0.26426655430948 0.44679252305669 0.24295001769096 0.71361441027847 0.45972056091387 0.74107920624062 0.16525656441533 0.94748752343655 0.59308854681431 0.32237674842208 0.65205983228999 0.41451399744785 0.20057022770345 0.44701688709125 0.63536912305994 0.29684618113630 0.71508843371594 0.54743062636126 0.21655816644291 0.67732022714402 0.49025624017194 0.75243380231741 0.22337423724202 0.73570170946845 0.62886382551984 0.11316359623114 0.66714964279966 0.19857491189907 0.15389064018667 0.00052159681146 0.35052356768218 0.77863283184963 0.18795461369066 0.93985041255114 0.73926456376875 0.19213568902862 0.10729816982482 0.98122819976055 0.42891503259064 0.32952693725285 0.40788098038524 0.53689843562582 0.53492176158557 0.61802473232516 0.38037952734979 0.81404951087635 0.01188477806016 0.42203873267824 0.98394953230160 0.46854836310244 0.52351010069019 0.28151386625742 0.80278009702426 0.92660137406059 0.03762628198042 0.46431508706008 0.66484741197584 0.85205049635191 0.46971587157541 0.10661474576684 0.64396557959318 0.37390909933070 0.75781721114104 0.69106682363818 0.34614540320844 0.49374090504255 0.55107667678388 0.50337684669337 0.23608534110541 0.58077845523353 0.48766929367980 0.09698853289890 0.60640933449814 0.61330831093910 0.48855596873988 0.62966049884405 0.93806713390598 0.17288673596944 0.77626293411599 0.81061960867999 0.85180098646794 0.66157457782246 0.91781337508508 0.03603837223300 0.03986708968236 0.54263658101334 0.10735967686906 0.26045559060414 0.76050721538002 0.87005518397498 0.52018506849147 0.52640615366658 0.02804958559026 0.93064034424792 0.42000320224620 0.56391754203999 0.13928164362136 0.33482445672877 0.43710582936934 0.04383171260816 0.67806329691031 0.22037194797823 0.61119386594045 0.03842414482182 0.51815494143695 0.46958630510199 0.84011581419419 0.64631916542133 0.85066041148225 0.30800021762443 0.56127769018260 0.04981725334482 0.16164815169188 0.16405482647425 0.58256960949262 0.99762959335324 0.52053266334856 0.93910851252850 0.94900899080105 0.94269487735637 0.02122116360767 0.65520257002868 0.22364515383728 0.34091244696263 0.01196605867653 0.80329205404916 0.32034643322981 0.40558672493284 0.24837405626660 0.08359328586537 0.17753012111893 0.95041841223691 0.58159703824434 0.88324723041018 0.56733692357065 0.17911740481946 0.30768683267145 0.86948091031098 0.80225301623067 0.17140118516006 0.36080353629822 0.82925906270137 0.22816925459912
0.44793242384051 0.75051974305256 0.63156741067713 0.51933226671128 0.76582235728944 0.33436137416552 0.81460863667578 0.91629185830861 0.19573023810659 0.75972509809557 0.24980816686548 0.88842865888405 0.20242664486628 0.37556772741935 0.95944695093900 0.82935088178905 0.67042248374427 0.20855900304469 0.28912573873353 0.88415009904729 0.61517014943291 0.66684450928394 0.51731695911842 0.00721321961725 0.61389983853390 0.41520867234193 0.88071070460391 0.28171273512044 0.34386325136766 0.63287557165769 0.51517345867524 0.59704627929556 0.95012454036784 0.49008096105022 0.56353576662842 0.55704207059528 0.93413475793878 0.74339524193931 0.97831758258873 0.27255728937813 0.83996437482818 0.87522322670438 0.88372190524851 0.70139577714397 0.82793259980501 0.85868618669499 0.01620097939682 0.69236124597701 0.29440443649350 0.01722943106283 0.72472393870064 0.80875433132489 0.45594577355393 0.10949251955583 0.35358261669098 0.43968912101749 0.48314234243596 0.56007075403420 0.27802738239233 0.29018697840826 0.99862888277960 0.95393309284811 0.09601343646881 0.41618611927363 0.76529650773248 0.52944701575999 0.33784743993155 0.30673282339234 0.44190109928670 0.12015208599400 0.64062126655536 0.58626339034260 0.65921106282326 0.44675048216086 0.67641115655189 0.71641339037878 0.89614779289077 0.12546438257895 0.00077133098291 0.70689077051342 0.19831492634771 0.84944070424450 0.87077353157715 0.26192185421683 0.86400596859416 0.29157756335125 0.31903843947474 0.02672338172105 0.70711718060285 0.43048192364602 0.38480030910019 0.11863610101399 0.88899997292274 0.30136079093516 0.73058949109304 0.23158483836666 0.35113141598176 0.22435461754870 0.01256805310716 0.89858597809854 0.05494757717536 0.32559385083854 0.91359451666643 0.69162074364758 0.80135473636071 0.36329306387250 0.96329104274931 0.42339759204508 0.20917568899359 0.85357900746537 0.18548232297768 0.39104691560346 0.21463593256690 0.32448521323442 0.63882800707737 0.63010507101933 0.92144345999901 0.56655966639672 0.20336014294486 0.16594682800656 0.98065182380497 0.68010051810396 0.60133331949158 0.84173384817302 0.41149577591120 0.14499290090169 0.63163672509503 0.92994348307636 0.87197157105109 0.97018112928131 0.49314055459425 0.54461714599518 0.91834839818934 0.20058619933491 0.15239296422577 0.72783206678423 0.69738628970907 0.20771726965608 0.96745948061770 0.02734390757866 0.21743289343605 0.92716916329108 0.30372426208946 0.40111573949922 0.98146035405840 0.91345404338060 0.37825063685829 0.85377087341407 0.10768926606999 0.25999584413222 0.63549134140977 0.67086383057873 0.23732884755152 0.20006367544201 0.96470768536320 0.83108792868808 0.55864840520108 0.49105636294866 0.10575307842556 0.48792231452758 0.42090253392160 0.68747452712274 0.65123774880813 0.55757726444679 0.00589970731507 0.90454534105380 0.83200012764952 0.16895328986369 0.55164749514580 0.67718685186875 0.59260748615785 0.96575773972362 0.69954033971127 0.11129602354842 0.94879344355795 0.25432077867264 0.36956645849829 0.52064089015127 0.75929544842588 0.82839929750550 0.33307303946428 0.64593652530283 0.63948121333977 0.85549362952258 0.16270252596410 0.00957928513458 0.00356028929844 0.99277329918813 0.86003255953608 0.64533764121027 0.53507049595336 0.36341130875913 0.36785277395650 0.45135624964811 0.24687973511103 0.60752457700563 0.93837280801772 0.50860764495249 0.93193848826904 0.96220494486516
0.97614342955491 0.21330292013626 0.82825316077006 0.38246921355378 0.65590447119063 0.65336390544758 0.86022715916127 0.77058906348040 0.91406969114212 0.84785610538040 0.94161142911760 0.02577928881982 0.40274373142238 0.37251506025578 0.81031716600569 0.75898757643683 0.15795773420999 0.71453644774364 0.88594715715046 0.18360357831118 0.36887711526067 0.50636349267579 0.34793411936450 0.39462210204104 0.60850052809279 0.84409799260779 0.29382651366827 0.07789654122215 0.23286048247016 0.24308992961219 0.06832085462324 0.48553059274136 0.67186749269170 0.25872664372048 0.29057680378480 0.72699261696931 0.32984509408223 0.57079809081415 0.12065126491614 0.96216618258589 0.21019965566054 0.95423438296028 0.07437261966149 0.41442029337439 0.76876627524660 0.10006925929312 0.67895040307687 0.60729362389533 0.76577785895148 0.03201155833053 0.61729003880584 0.56786035856831 0.16667553018972 0.07457023161202 0.85926954284377 0.47386350496096 0.14594994563984 0.13319802253612 0.62805219214142 0.89112599176934 0.51008442825953 0.30423700404596 0.46714059968221 0.85801003421931 0.84367604370887 0.60651321523013 0.35740525069025 0.07801294189853 0.60198564695512 0.35092797006156 0.10752709436889 0.82496024821698 0.97972204288323 0.70355631300562 0.71479032613218 0.23133458534263 0.32474103549481 0.55427188250182 0.17159145449426 0.38211127426964 0.07969294895588 0.04252104498309 0.39887317216257 0.40471802368969 0.62882873667722 0.24490503425951 0.15740875618486 0.44411246525108 0.85568057814951 0.46071199855141 0.89306935818030 0.82816565572344 0.89874057011009 0.71660279949478 0.31902778726096 0.02476035783254 0.67323456901523 0.97475687136255 0.92616280212573 0.74635400900943 0.51127858332521 0.66444338183559 0.92434580851196 0.61396360978599 0.03133733807768 0.76701522822310 0.08950329372561 0.60359183824004 0.41180930212076 0.21978060535441 0.87205704049887 0.69380394622191 0.85421483862439 0.32074841365447 0.26683702409772 0.78916492614144 0.78835205031413 0.93884095495378 0.74583771249764 0.03232894659838 0.96102489886946 0.31840191365937 0.36894650465335 0.48114825138314 0.02347827990034 0.15230216441608 0.26456068444062 0.96926476425362 0.37890708406233 0.61471612715584 0.38773043165094 0.77146310550733 0.86379114001412 0.73353013054241 0.35313118693898 0.44957973663973 0.01263518185363 0.62598500117825 0.64256995352656 0.47426570383513 0.83609919378191 0.69222973718846 0.36821351488596 0.29998122172243 0.84203104020036 0.48892906518394 0.36272850232024 0.12224788047579 0.45582395351064 0.69322463727148 0.27632899182461 0.34725548563734 0.59892953833859 0.11396063094015 0.67088319337972 0.28729776376320 0.14855060462291 0.13848084042231 0.29853473996575 0.13546597687621 0.03812979992598 0.28068470487628 0.31757332089055 0.71542079538772 0.96351343384805 0.08521493853110 0.87661173656976 0.38819373311913 0.62476104094592 0.65033059018749 0.17930513410986 0.73563102505108 0.42682619860698 0.81562869884588 0.59550100503974 0.27175618766179 0.87825711185258 0.21989276828087 0.94503010938466 0.44802863008921 0.98559506243766 0.13735910173102 0.31403956032124 0.74409902928889 0.11891178823667 0.52955664409136 0.71496297676305 0.99836410360063 0.78039340181974 0.33066790783429 0.12789379722989 0.44597203044728 0.39991910938394 0.48827633725269 0.98736355400999 0.03804411430423 0.68344449993282 0.84289749440169 0.20414981288405 0.23003806232929
0.16106556193198 0.65642981728903 0.09103404232276 0.82165687404197 0.51906802390165 0.71874827687537 0.44440362206136 0.07873745731542 0.31213241953088 0.15400930605958 0.02715845315909 0.83422917539842 0.14899024686995 0.18502229721836 0.92522839543985 0.01228009835823 0.47206510823409 0.75221325285513 0.65895397365651 0.76693758608314 0.81989553241552 0.62661678993525 0.26702407957360 0.97001960754199 0.92615881405898 0.60513413507584 0.93559203524510 0.60386616003484 0.13856519369277 0.38687110653703 0.63846700071473 0.17449225369597 0.43608632839458 0.21304994682261 0.85653566826721 0.77857125973525 0.88609221165604 0.50807215129628 0.25645156143064 0.98685125118712 0.01740058704801 0.64391506262687 0.76432436000683 0.59200491726420 0.80997622338806 0.47265424423414 0.70607149864182 0.50243421796618 0.41285096339937 0.10043806961731 0.83280502598178 0.32627485803109 0.56983130756145 0.68595970173760 0.33333547324581 0.69399036880733 0.89688199630834 0.22069417797511 0.35107745440428 0.20990668958550 0.23775405702097 0.20058441206520 0.01939922149624 0.41997144179736 0.42247237719921 0.67724445154455 0.79574834897887 0.68289366567099 0.01987885985864 0.00507838473297 0.11074064643652 0.82577546455602 0.41782079386921 0.65356386755666 0.85973787578995 0.03310283844759 0.23993368483109 0.20573358818660 0.44754352460044 0.65755412577098 0.86740891655289 0.38033755041386 0.67033394401137 0.06945266916829 0.83694040549160 0.68463595960798 0.73261750019270 0.89458270419589 0.07552465741889 0.22957240453767 0.97897062540928 0.85241489095042 0.12614401445676 0.99623743216813 0.01237602541045 0.11810831197422 0.39775819048315 0.06486065255397 0.84455955853280 0.39260923460154 0.27802877123941 0.73151960092144 0.04843051869833 0.09107388233661 0.14357203077333 0.59622580619359 0.77637097084911 0.49338836547543 0.49359824809284 0.06980206102639 0.80814827215409 0.80296604505656 0.31769802005425 0.29878481993806 0.28399797411805 0.12133984132198 0.29954651673185 0.20600857816238 0.22142938829650 0.18843934555712 0.00312944037377 0.29919484906506 0.33688908179829 0.51860370243712 0.65849306938341 0.36758114199165 0.92950003153655 0.54351816270396 0.36444854989755 0.95277067840550 0.32892860639300 0.91716929365128 0.67340679983920 0.11721516570142 0.73995334395346 0.61756471642130 0.42020460604447 0.59894271192051 0.47686447739169 0.56821614342781 0.49008438693238 0.54683186766478 0.51218611693091 0.78024460154249 0.85658446236251 0.90539263919626 0.52827859123462 0.91245491228132 0.78229434875216 0.29776227458535 0.30985072123720 0.75852264317463 0.76978352293812 0.24331403235497 0.49995895292045 0.45597924883826 0.17596014906119 0.83290027330025 0.46853510680430 0.40795798659788 0.39694513015289 0.09243308123203 0.36762637039371 0.33527978662588 0.58177133351536 0.13766207858281 0.46466522475104 0.26230950753800 0.79790570662404 0.45599834246816 0.86685672168959 0.89424384611838 0.77528184813726 0.52389413984705 0.36472136913590 0.04446868483468 0.58418298597251 0.33292614897140 0.93061635554070 0.49900658019552 0.62009448888113 0.17143611711867 0.21234220049604 0.13205986938156 0.24177272271126 0.30171892196965 0.65055764575931 0.49299405004992 0.16377283862484 0.62296835437381 0.51429342453999 0.14764842491121 0.24262424198341 0.73105074797217 0.07146006163293 0.44476042165140 0.01549677619381 0.01471296590026 0.26981349343723 0.88672368679415
0.88299516020283 0.58032326540657 0.40104931258085 0.98639239969311 0.72036531354008 0.96690821328832 0.24671952669017 0.05209303714898 0.78371848718150 0.64615391282880 0.45503659962523 0.87412285047161 0.82994400188940 0.00955171079980 0.03415075612191 0.23879046870039 0.08747986856062 0.94898613718208 0.76480971284879 0.27084234501837 0.45022968832160 0.94180833545092 0.69313343180441 0.04160963394801 0.99650170542750 0.85570612297789 0.23486567129210 0.79960396559037 0.48798150903934 0.14850705114449 0.80009227545192 0.88816288300266 0.89589963257442 0.62328886248342 0.07158555027211 0.28655222756576 0.78335958476280 0.93743409827943 0.67498780348763 0.44612652188786 0.04349574381330 0.37189090302272 0.34482393418758 0.58417142985165 0.43850564708322 0.14799113697550 0.08877991119632 0.58649910798057 0.86096946063953 0.57862941908714 0.36366025818816 0.89502278006455 0.87509176646996 0.60256773949577 0.90307506080162 0.52890775451280 0.96571693280706 0.41762654783206 0.56930032503329 0.01824680973044 0.36984098722274 0.17329881613696 0.78473551540535 0.11634777086704 0.99457011671185 0.92630148474516 0.27929788880076 0.47564850411950 0.30378890276965 0.17521302836233 0.57650147048282 0.19971829457802 0.27844701890494 0.35171577855156 0.12978875797029 0.93380468847056 0.39022680564228 0.36398886520224 0.57020198674198 0.73599579676498 0.80409571813925 0.51415526575571 0.44210188696685 0.46161968725240 0.14208717785180 0.42875953688138 0.58941409687846 0.06410086712689 0.27921127209959 0.95100708374916 0.61203175329345 0.70524335725134 0.27316448443600 0.81527040565614 0.45078862303899 0.82768979295930 0.19514854193104 0.27782354721061 0.74812510729381 0.91864437310331 0.02633385989350 0.97010364544694 0.29347025322955 0.69255610005789 0.73474878321334 0.49181558456591 0.21827745857882 0.54165334174432 0.64980790842718 0.57636568462226 0.30855922766627 0.63992878113131 0.20612555221571 0.09459126381935 0.20850441545895 0.57720656425742 0.73459246959591 0.83000100261932 0.35069207853229 0.47596047845683 0.14569169234286 0.29626459357005 0.89631715079230 0.82449883721477 0.15223520798401 0.65932494490809 0.51642808666030 0.69797877968260 0.83978105658662 0.22651968621174 0.96734025399641 0.14648071293277 0.36688825152914 0.61624617860023 0.65712657823246 0.73000765496895 0.84722434386458 0.70472337246498 0.94066319271376 0.32680581400751 0.81545288838631 0.73015578236517 0.56014642180334 0.49636387273836 0.81413401149959 0.86187836479951 0.44422825440547 0.11234502479546 0.63414586098772 0.14074229332475 0.65123122908276 0.39752244305829 0.10802671219105 0.67108461111732 0.48699467150394 0.07489300970841 0.30908729967920 0.13689701575537 0.85771675944886 0.07730020156767 0.26523790769572 0.00597646563166 0.20808971926647 0.82169866575132 0.73602177006366 0.34043730841069 0.23179816376873 0.45150764598743 0.41087012229291 0.44831550860908 0.37533192317115 0.57504584061278 0.30847160653684 0.26765128485976 0.84687184736224 0.58068933809220 0.47763278775148 0.24469349151655 0.98857258076514 0.48637196982945 0.77159250588808 0.09617144503438 0.27398828091354 0.45370387838615 0.04342013878555 0.14556642670297 0.99470264854360 0.55235863116889 0.96232750959657 0.94745346117555 0.03544784153114 0.51673985574201 0.46505785275492 0.01707106936191 0.41674611482536 0.62548947697789 0.46721855547088 0.97594246085150 0.62648350928981 0.92003510144609
0.59827953108049 0.83358932649890 0.39483487628716 0.51323713113039 0.81543527311739 0.13574125771581 0.25510540852452 0.50240183823216 0.35401949693341 0.78860394339254 0.84525014037347 0.62275227588929 0.79643563500647 0.68241459499108 0.21831327950242 0.72272238863470 0.04508425280856 0.70897313154507 0.75097667265878 0.82854689654611 0.18364732779135 0.90076664087154 0.14618303273725 0.24998369449112 0.30882631300210 0.00172393220021 0.35667578920966 0.86438603225107 0.17870491386271 0.87192526300571 0.50025433671969 0.77500262194370 0.91676382957440 0.72245395592001 0.41432424119295 0.15096169665499 0.09701085374604 0.89287287031920 0.86143119296535 0.95035360066353 0.24889098522584 0.94900732571477 0.17413547953135 0.58568378286188 0.86928558374023 0.54235938632264 0.72395962080115 0.86558672094913 0.93789897172525 0.87725018765110 0.96128501155427 0.41032369781211 0.96003493175488 0.70632707826900 0.10016307671479 0.69297029474554 0.24554415615038 0.36170402026744 0.09959895341615 0.22973116115752 0.69915356799854 0.31960147422412 0.45596411559530 0.19542330936473 0.62061748247531 0.40087857630545 0.20425843650801 0.00522991721672 0.42573051911764 0.30012639300433 0.23274677202711 0.09709037991717 0.59516391294163 0.01052735811279 0.87398629560002 0.50414203254593 0.78358548529685 0.19261959258704 0.32594698637549 0.37460759526930 0.36845539451284 0.75825429404680 0.04605468879562 0.19360692150000 0.66279419387080 0.50257285968439 0.50988796869583 0.96978479279741 0.12941830309713 0.88943235343090 0.63464614381341 0.20040820288038 0.87078508139967 0.47314300834007 0.92892473016047 0.84801333534864 0.67678000341559 0.39812014069518 0.63476131646603 0.24396914230162 0.80630117565049 0.07687774790143 0.74063132506243 0.41297164592337 0.46287377577849 0.05366258003737 0.27895973436292 0.67402704997822 0.55944733732803 0.43179205851228 0.08590312908521 0.92641224334774 0.34046051410187 0.82352868874171 0.98044549109155 0.26472212012742 0.45470909860875 0.90681018800564 0.45774876525403 0.32549702218747 0.77494705322513 0.16815142265984 0.52782421183505 0.80775310453257 0.42269533024295 0.75000071051252 0.71189083065667 0.62983446226345 0.95172351946340 0.11967444726377 0.21649634535562 0.71225688567190 0.97654998119502 0.79687358647747 0.00800550297293 0.42144836605817 0.71732035864013 0.15342150083104 0.08862862801504 0.66970617603362 0.16715247482118 0.61725078325988 0.66436208458444 0.15710631558992 0.36086126670209 0.78128607924504 0.52289986759283 0.32283677129850 0.12279032013726 0.82463579403575 0.77402738481734 0.26377850527956 0.14624340693010 0.71408343453323 0.72556045666492 0.40023089306925 0.84391627004310 0.18010446977977 0.22605877622968 0.36196412254710 0.58463504101359 0.30086621973205 0.21650676857040 0.71265116722183 0.83683671662986 0.31551561340919 0.37913116795130 0.99546594983965 0.86173225482328 0.76450324127165 0.28798421861072 0.05032022026571 0.91795748822917 0.75129003409028 0.51201503126501 0.93072497260139 0.02986564571142 0.28741699730086 0.80944054915023 0.08653079212461 0.79820144112247 0.12771762724892 0.91868862989026 0.86430849980907 0.51191621701601 0.71963687183252 0.77970712487345 0.80670364621224 0.95662577948582 0.44075701177371 0.64233241349939 0.17981495537779 0.39776841725222 0.48304364978275 0.68060547030081 0.10283791784799 0.05453978758753 0.93523534078802 0.04266255513087 0.98591387038881
0.44868829578252 0.35148982800582 0.63307365399215 0.02602187384448 0.89765525705449 0.92669962567839 0.26581632547701 0.85046828455609 0.30306822674200 0.22027487789040 0.93671380399072 0.64954935112017 0.46731004396799 0.46839640209114 0.32393699220909 0.68851895840747 0.79300192323456 0.44662451543876 0.41871574044963 0.76512110135447 0.36975102354724 0.73729590773058 0.45631973431027 0.40700987229086 0.20940181181503 0.32236929065496 0.94362113307983 0.60611287350493 0.00123729710677 0.77505669924806 0.22196065490009 0.61453462015136 0.04393627134895 0.22548971728293 0.52810522641546 0.79771390218533 0.29191945750070 0.30996503887280 0.10852635895554 0.41648580074433 0.90753932942346 0.85846507132335 0.68560970237031 0.30338334733443 0.81560466446212 0.58795160380447 0.60528387651105 0.53158235188769 0.71071234426645 0.75680192032125 0.01482476367242 0.49558619593587 0.74851193795427 0.94830372617010 0.26435285757075 0.41115270837973 0.67740123150665 0.85668620938915 0.12518263179655 0.70551182500671 0.03208295489988 0.45326253077396 0.93712372601630 0.34286026983239 0.04766569059695 0.82553778642367 0.04321448000700 0.93693617561257 0.60962319180094 0.83929970228858 0.72242273420731 0.62647175666895 0.43729975129421 0.94732815312560 0.72401647084055 0.37275007582325 0.36865035286583 0.19708979512687 0.17083316743685 0.84785513893600 0.05467161665574 0.57410005799779 0.90465603870720 0.91553948606431 0.73555688964623 0.00751971355380 0.64083662003712 0.63676440705859 0.81305584847200 0.10313185354802 0.82271124755065 0.01833895251010 0.54449405548110 0.83460810810706 0.89090827380970 0.72190599654042 0.39331354801387 0.81950532805246 0.52106548717857 0.85807708204195 0.69940001016930 0.63372865495920 0.13550584803779 0.49929563067515 0.77962954962377 0.69942004134570 0.57658832807368 0.67712049959725 0.71485362530708 0.55010565124617 0.42214864790654 0.67041425250335 0.47133232010238 0.43169192827889 0.65621065422951 0.51983426464897 0.07576618296200 0.74573758761075 0.13302951136556 0.14905480711883 0.31697164192957 0.60988733221644 0.52422913687049 0.71898010439031 0.23101950159908 0.53123563506758 0.90040995892233 0.98672209682012 0.18295452104011 0.23872732152366 0.90611321310856 0.49549482677054 0.76385910280872 0.48237995113033 0.30323994818248 0.14365672797591 0.70298895076308 0.49818283849846 0.09918906121753 0.05254596717833 0.46552840013654 0.02583973373542 0.25615241954224 0.85057667498936 0.81670612160399 0.41302294497354 0.99623399506473 0.37885047616564 0.59081623415733 0.80888118592718 0.90214155739505 0.67900479446892 0.96379405476566 0.14096375163886 0.30995214802964 0.81537233458285 0.30723634791758 0.72954304613986 0.58886494460028 0.27878050180942 0.30216639620605 0.63601892576720 0.00954302612227 0.44472871695483 0.91254078065612 0.98643150822127 0.67999431824461 0.18283883517921 0.68212260230637 0.55648022742592 0.73345297648469 0.78183549784888 0.31573045052551 0.11881889486380 0.12908672879385 0.19808233665163 0.88841441666809 0.06203930223763 0.84867884841078 0.48219048717066 0.02498240448548 0.38124514998469 0.06240036805842 0.25833619700489 0.91986603239196 0.08370358064081 0.46892619639949 0.63684523628495 0.47933058650965 0.13219778396652 0.56010364701265 0.46627642633476 0.52384971835553 0.02100292333461 0.20777845635152 0.12396905578257 0.52369368790927 0.30956066797939 0.49126484681084 0.55940692987783
0.41671128774726 0.68913385891618 0.27008419410405 0.43960427619251 0.22757687120825 0.78110430711745 0.62839413074387 0.43463393790212 0.25965619806388 0.61748307368979 0.95764086875115 0.81868212099640 0.69435704284548 0.05151337396809 0.20080655844405 0.50470853806723 0.17508622397418 0.32784056362379 0.00308576134007 0.08574391244419 0.38948726560666 0.25831783285872 0.77476843070605 0.48394684991355 0.87722797281263 0.46689584358883 0.36353673658279 0.00009946050239 0.80969306245965 0.51379789245516 0.31227791348408 0.78903625205373 0.39550496740703 0.07593218510547 0.27546321977191 0.63045962259283 0.60358241518273 0.05146897008041 0.20161630127867 0.68639856474770 0.26441887677404 0.24754906852272 0.01330644193877 0.72987973505123 0.54491488045457 0.23700557949698 0.55530732466202 0.06640861254376 0.94630915973584 0.92025240631952 0.16287082922505 0.17314152371572 0.13076223824345 0.31980844188220 0.90353024023129 0.68354200624541 0.51917935491565 0.49597381203393 0.53735557049543 0.60537899396713 0.31327959837452 0.24791847962703 0.79358923217644 0.76975970630948 0.34703996096653 0.23878046807695 0.81738962569188 0.91527684610674 0.72682481564566 0.26494569285007 0.00289479057811 0.55368655715709 0.81857588880915 0.09704427613987 0.82653608423178 0.56987576023349 0.47630023923229 0.86189805692167 0.33594721807113 0.60663973377322 0.52134968525029 0.21502416594213 0.31067646625847 0.34522862893337 0.33849303926907 0.72882893512191 0.91137382855676 0.89629290050322 0.75536605188780 0.28006219339252 0.79995858243652 0.46347559873408 0.93598650073217 0.47150678288666 0.57512512162663 0.01915222662661 0.66853464439747 0.23600628221191 0.64344590391652 0.84971854052069 0.03443096475750 0.41531247454506 0.07093571020732 0.37400478208731 0.10758240772408 0.18273312245704 0.72589068271848 0.27232161439680 0.80592990940935 0.06020095957763 0.09109238818293 0.26104103405954 0.20601022564767 0.41691171781763 0.74969664028903 0.44453850176760 0.54203837989096 0.26807229950894 0.99577932782739 0.33746134554960 0.77400813524909 0.70811532210415 0.00498451827501 0.29941955738650 0.04415655591921 0.44590144221257 0.06255823599341 0.50779290036653 0.24840303770852 0.93645334563357 0.39459536664041 0.67176775259856 0.77951871841916 0.75081834265385 0.23781889147108 0.70794683363948 0.91189063874285 0.68480552087996 0.25680974090418 0.30985898695234 0.19091612470135 0.41866951905847 0.09044789366349 0.68325610998172 0.85269611779211 0.64380017585633 0.79725007749998 0.75915214244811 0.06904731345521 0.84769532063485 0.31319114586616 0.86643742723291 0.17138542105434 0.72623721035328 0.58667203450057 0.64129871241791 0.63682350541347 0.97116557965084 0.69331253764391 0.49509989280118 0.49822579742325 0.93917154297191 0.50605747349769 0.76734795662282 0.83316126714058 0.64935660330289 0.14289512420793 0.41598574687051 0.01987032894715 0.08373395761237 0.83371496871058 0.14262815677793 0.38611794580090 0.55894360654777 0.21160155404947 0.69567184311513 0.13230774586981 0.50346099268900 0.12853947656089 0.88748449563715 0.73719387532222 0.95226535403500 0.05785724277896 0.25915885126829 0.89597313820046 0.11422687787281 0.47717394835627 0.68082516169799 0.47777865958672 0.53648384372546 0.76277294070623 0.81434546038475 0.12144503922780 0.46286487387590 0.89744059485746 0.47018190162263 0.62747666106613 0.72221186414607 0.66177068539863 0.80904189214896
0.62243761369091 0.93666678148246 0.75013408153419 0.05400500924409 0.00611383431195 0.76150253864854 0.52288827457242 0.05501176050723 0.83057898107311 0.74130518995493 0.02514300471391 0.10748563764257 0.64254632756274 0.11675750407367 0.64069866946550 0.24616985771479 0.50769617773201 0.49886627088733 0.39269976698404 0.33601513937657 0.93840485732515 0.00156326517488 0.62218567873034 0.15367577513932 0.84791801317800 0.88332418816723 0.61744529503463 0.38165817092669 0.71225672476582 0.97879767487861 0.11619765178169 0.82610437880856 0.68970141188029 0.75477977248867 0.22376395918975 0.69720059445529 0.73203576586421 0.82704110728514 0.77947833806461 0.37948107593431 0.44052759911925 0.82578102545369 0.53229899555687 0.74095117008228 0.54352360860097 0.54514356881890 0.84082552094469 0.70391132838251 0.68097055545974 0.90166473258538 0.60595772028452 0.69015416109545 0.14373340095629 0.89276863914945 0.18900128229286 0.97212006765792 0.51551664543655 0.08572379515926 0.10450741006592 0.08922854474628 0.61264298708647 0.56902752427884 0.62462756154689 0.22502199750353 0.55799430197944 0.58860941687507 0.96549005853069 0.03619443946059 0.13836923940711 0.07891597931503 0.49254415983123 0.09115979184125 0.68054642373569 0.11170236740321 0.16665378910161 0.26054806750236 0.50764972008822 0.49099288360596 0.38514216816704 0.84152922992557 0.68274221200679 0.76664026838197 0.95987689908360 0.04256767676622 0.63495671291861 0.65938550726763 0.29013253387837 0.73159165572987 0.59675245485776 0.22309925713133 0.66646327008255 0.30820438591030 0.66948730157112 0.57650612291009 0.22472502052328 0.51977273298005 0.44363151169965 0.39206722294924 0.55982577949205 0.02493310773328 0.87586938934356 0.79848946089078 0.95854902609124 0.73353815818136 0.58726332780252 0.31087857254113 0.69015316615360 0.00551485502326 0.76131213989450 0.35565446622000 0.82571254853120 0.36626528278142 0.23261289869839 0.96696597882596 0.25162733126535 0.45248374302199 0.05747319871175 0.53697241979244 0.41580378075457 0.38373896517983 0.93663465391211 0.95918666470834 0.63026732951920 0.58443443173944 0.53374560019277 0.58562852680071 0.65722454442930 0.11349633922465 0.33749449406242 0.14420176791789 0.48095809938336 0.39438455434161 0.37433171945015 0.42811900658092 0.80888740675183 0.48419995403163 0.79266111964988 0.00945441506089 0.96667930525076 0.42812221274926 0.64544165990826 0.93910641704903 0.95754806070272 0.60657385063810 0.00627281394028 0.79707555808784 0.81703638468566 0.21630420052183 0.15480737285333 0.82357517774144 0.12502539362353 0.12653891406551 0.53462239319135 0.91576296915629 0.22358094245536 0.59672104283134 0.24836268004162 0.98621980164326 0.51950726514499 0.05714772522591 0.55564590318591 0.43073572988745 0.38689065225078 0.32792129043706 0.20246671740881 0.06565457866169 0.68177922723579 0.19281302895817 0.07517078831427 0.83937523328461 0.52908000959449 0.41479085097956 0.09009514670534 0.48713472558986 0.57508320292676 0.03572152620979 0.54133699579556 0.25520821927721 0.25998434402680 0.17086474322389 0.43547073483435 0.23144050512885 0.72395863713935 0.40765924818928 0.46537094408197 0.41599512691591 0.07649678768270 0.25661490600384 0.20417545608656 0.59433506029566 0.34615268723409 0.64604733448318 0.05232386307207 0.31377520475890 0.27164716243311 0.01026827973459 0.31235826376827 0.34005994999198 0.77714236816987 0.83524803515360
0.39599731241805 0.96687687755537 0.86585066571346 0.98107362505492 0.37778668177151 0.43170118428714 0.46760583080716 0.57094711254170 0.57953564636684 0.42696137910640 0.15844690495936 0.22943601616396 0.13854149586571 0.14865424972495 0.15576819468373 0.26780609265999 0.65018797353607 0.10565152652125 0.52622346569245 0.07917203296417 0.35036411085782 0.16951573167616 0.46327867150368 0.19422843244377 0.97240417980189 0.49695518023612 0.06646635427734 0.48103820853032 0.22701010138501 0.20069306814807 0.92957511851975 0.82837521372729 0.14410146907685 0.96972048610067 0.89333774115350 0.57760814031360 0.42610461525839 0.11764885699425 0.76957202821880 0.40833017370090 0.83077699864647 0.13277929603944 0.55583892749405 0.09309928911142 0.85422631512267 0.51793478172914 0.40936852477765 0.58059829547302 0.53606638615675 0.40993449299140 0.50436635166571 0.03455119749267 0.49891500351731 0.65926957385905 0.60123042731328 0.12535901837249 0.30860735934423 0.48866456308644 0.88999836239801 0.75475034405403 0.42091233804747 0.81065207773171 0.23527344059307 0.87443133548759 0.42578291746797 0.24580931191715 0.37802289602125 0.63205467451329 0.86844345976617 0.82173620780681 0.45395957762442 0.85885020555968 0.71873673100374 0.19934159038406 0.20518275630622 0.56878047496956 0.95862773015442 0.32024530405690 0.39787854483842 0.87973130259202 0.24262936174470 0.04794790329707 0.40687028581124 0.99332849289518 0.80221248643796 0.93688657408906 0.63022849261542 0.99832215389613 0.00403837132262 0.24471634427732 0.79902475297909 0.98716717479201 0.73386048025368 0.67248374342567 0.43816396537960 0.04216813498645 0.87908510278538 0.34070712635028 0.55178672293306 0.34238090454503 0.16173707703338 0.73770278781994 0.65212989421244 0.62683057896538 0.77696267838787 0.26195701397796 0.47777877952639 0.68649927237221 0.04385798737729 0.52360270292492 0.27758522139733 0.43751786170940 0.95602849706259 0.73006925423099 0.35566090094737 0.53925589278052 0.70608707207332 0.73460979673583 0.39355942765394 0.81397730866534 0.01548438635204 0.58587017405219 0.32037817901711 0.55897219327611 0.18743168489171 0.74907476119426 0.13312509477603 0.50723381232406 0.38924342333658 0.01379822780007 0.78168644888624 0.08353697131304 0.15385976619868 0.40363676087093 0.25275705542479 0.05422040727679 0.98322322918863 0.62132888891175 0.48593022010947 0.40572795740351 0.52191802684244 0.92940923345486 0.79518621280840 0.99161370929776 0.70036934935655 0.20657931217233 0.49554319689760 0.42946935778454 0.74939360194798 0.57924233691365 0.25595772755463 0.59406752212981 0.29368904083770 0.36004592942142 0.84138616746276 0.04419868201803 0.45355866045775 0.17452719864790 0.21398220953902 0.18076191725516 0.00185440357068 0.63043405210839 0.36354738259287 0.91387762211098 0.12745775448387 0.93472344068399 0.62557362882313 0.21171809720005 0.86246850227918 0.39341625167296 0.97105398989067 0.95306780243392 0.56022024467279 0.88899832561618 0.32190640792096 0.12422502211623 0.47164042471398 0.75049291288905 0.60187432652023 0.86864157471097 0.12572513092631 0.61310594324572 0.67397261260160 0.70479110246574 0.43134453432466 0.42684186664043 0.01669790930156 0.35365661115704 0.75412224255191 0.32842353685290 0.98230322681121 0.85133513137392 0.59182156875585 0.68488633624221 0.41363011931198 0.69383843321937 0.66599466877007 0.78038356346224 0.67946498891814 0.47454366083423
0.13830387334356 0.33780416561525 0.01234764354869 0.20951811401021 0.08214987214325 0.84791760211754 0.95030914458981 0.76202701127124 0.46998672193315 0.54806114332842 0.32222377349435 0.27026799929601 0.50083905737596 0.78772851077150 0.52252593197859 0.67408696510252 0.71659165859507 0.82202783869284 0.93756615180614 0.09490502986011 0.77869710386287 0.15217341098936 0.82136181997792 0.67649006946798 0.91767605306010 0.56620193317099 0.16580241553467 0.54611463389523 0.34646250549556 0.93649869795315 0.85825671891982 0.51315610563858 0.97772224504463 0.42279421031287 0.63549107086502 0.87345341049161 0.62881942336510 0.70855119361890 0.53759453116006 0.28306185142764 0.89214721116585 0.23414975229852 0.19013873288531 0.02506645384849 0.52922247646178 0.70393000852911 0.01300257604108 0.72080703914054 0.39261842752588 0.15328319941278 0.15835242546740 0.29641111191752 0.48872716563266 0.87183456193701 0.16752790980034 0.00717783205742 0.38739086419055 0.90579381798938 0.44255398951011 0.96844356769829 0.94299366095773 0.67281373697070 0.55690013930742 0.35684761257145 0.59828250380361 0.31236800624798 0.92616629047884 0.19936803584231 0.42516036700503 0.82269301735738 0.43784363641095 0.91290400328942 0.50062145660007 0.80752411871399 0.15787851434409 0.48157808814183 0.52945228926397 0.72492729383764 0.83881116002322 0.97590247716830 0.21306622081074 0.57261515868700 0.80531546673632 0.57550858612717 0.54803639210733 0.81540727442159 0.65220204303322 0.82709100453036 0.55888058357607 0.39164728825643 0.64624928646086 0.61793469330402 0.83686390538231 0.83356605440407 0.28445427494066 0.73223625723661 0.84016359737889 0.91665917047961 0.43854856148014 0.24216792135084 0.90293394201982 0.09519194416744 0.00429675029762 0.18681426992191 0.38782766154714 0.10715873569872 0.47720834447973 0.43535587516243 0.05200786917458 0.53270240212054 0.50214870910466 0.41352215712721 0.17857279988952 0.59773157353037 0.95452965637929 0.73554814878022 0.03504266845149 0.73981430688228 0.10480504738501 0.61528549499871 0.93550622126889 0.03055546221008 0.98549120397709 0.64419832623595 0.31303787154377 0.09225433922397 0.06186148521196 0.05342699934139 0.57507143116097 0.18552260392782 0.16430203157340 0.61610525680008 0.27344682911700 0.54561521570955 0.77315960358151 0.61735064199748 0.43619696797020 0.08875314497254 0.41610996913740 0.55865505506440 0.15185461175243 0.69931731360703 0.53014552556222 0.24589154503944 0.29441230601958 0.90533945125634 0.74401455374856 0.06914724291610 0.02741422243387 0.16296248747126 0.31753345485177 0.62584521066820 0.80999077449368 0.82147269021568 0.22942531245043 0.67428948604324 0.27932589173844 0.45200889535081 0.86238870541738 0.90223050475534 0.23811544690522 0.21935529865741 0.69572061861031 0.17841836675383 0.16549626851959 0.94809179947400 0.40752740485232 0.85407217703995 0.85979916687137 0.55025335282419 0.29040838890817 0.89427382730091 0.63401671974856 0.96355100922899 0.23289272378531 0.94668072514365 0.74337450825782 0.81559768339438 0.06287649753757 0.72454793338395 0.84549120091820 0.60850873232620 0.78680882278246 0.68259712558313 0.54664248005395 0.69287968446121 0.91958585108443 0.39730506089090 0.69267167593971 0.26502654835715 0.90281535716552 0.14613067344862 0.04055484996148 0.29860952420986 0.81302763686176 0.11710294296773 0.04394964770313 0.68320512729191 0.83801975611462 0.91537417324960
0.83879554709123 0.01805614869338 0.01084101720448 0.79888148847486 0.27324023386779 0.27855512703015 0.69584797825476 0.19517687971027 0.07537149291358 0.23326135713012 0.92885755670491 0.36707674345634 0.41664538726380 0.54001898300576 0.55235259573264 0.48280372548373 0.14898314863996 0.02573671064772 0.20093564841701 0.73306019730517 0.59026753500098 0.26131206281633 0.69025651590980 0.85341142250769 0.45388869289659 0.29393205893779 0.54717280255037 0.80653235334192 0.40779321111161 0.68948095238701 0.30011635624309 0.49206919108392 0.07849685716849 0.55992133556662 0.26601576798930 0.57075146785339 0.56482088326898 0.02749180058493 0.69239605135598 0.64742533955754 0.01049613227951 0.50512897077049 0.41382407073341 0.99446989279378 0.96021513774876 0.44262427375399 0.87379190132550 0.06570192913622 0.54293500902051 0.20963671013910 0.87994353536324 0.59501038475117 0.58501523700407 0.99494131015726 0.08387736378785 0.89829868843841 0.67264848390862 0.19713204244017 0.58308861484967 0.64562526982421 0.13877518219623 0.30599251733869 0.30733059611065 0.20069840989714 0.05454110525236 0.97001255995158 0.56737062354687 0.73474164338503 0.73027627075665 0.63207690001058 0.65885929147246 0.24835185688154 0.17419777924188 0.29643524243215 0.48281903896437 0.94172229314642 0.60869157236337 0.10044653743857 0.87390692599090 0.76673747800889 0.82052070288795 0.84425121636132 0.75094836829791 0.19973760599237 0.60577772923449 0.22983986309084 0.48751107699211 0.58715393621592 0.04229241222991 0.87175880385003 0.30200981418107 0.11455128874061 0.53749889377263 0.06442008336714 0.34808538032245 0.90469702027660 0.31388984899808 0.39612917310528 0.67430880617251 0.41937064545476 0.87920446899701 0.68748040926044 0.65015102422866 0.80571306000780 0.54032340001602 0.53591264344227 0.31658484892858 0.68973336406168 0.04000941945660 0.28070490201532 0.51190524116739 0.44135368739136 0.73483826884355 0.67852760379268 0.01249491060499 0.24628632185330 0.04712446996941 0.79035099859345 0.05955832101666 0.55613748152160 0.02371252341920 0.15747609681996 0.31696896223007 0.10832405390048 0.08375056141184 0.95740555405813 0.74184438019398 0.11220756684058 0.77833839744416 0.87446250749812 0.87996217554616 0.85044609055762 0.76157711518372 0.61154670860861 0.36660455980006 0.11430796761323 0.42438170712323 0.82623663172306 0.84776773189442 0.93730076789342 0.31814316500523 0.54615209682962 0.90159265058809 0.18232490800665 0.02356744463055 0.53381320658612 0.80037780691669 0.09655149130219 0.64677273880335 0.99298185629875 0.64371107703417 0.79292780801968 0.53168202275581 0.01890543710540 0.71598523774896 0.36239761515902 0.03101601338201 0.66909125494691 0.81326137969816 0.35050926177108 0.09316925752049 0.53378784788025 0.43346896412124 0.74457572697516 0.33700660343213 0.00589136017907 0.37411060748976 0.45848276072626 0.64943512428334 0.29597334942021 0.41409754136608 0.27621118751763 0.61604192340492 0.84789442931042 0.17311496795459 0.08506191408419 0.98891230974682 0.29202192715652 0.21704480445313 0.37171742443997 0.56765197605978 0.33799745271273 0.62301488313465 0.51970642911378 0.82133178091232 0.28462478228007 0.93426831618568 0.08140666721522 0.85908381813663 0.62382830960172 0.91348609190202 0.30311139449383 0.35225029447786 0.28707601530502 0.75294205422518 0.10917254249052 0.28327778307677 0.37615625727688 0.85688724742008 0.65007972969120
0.36467216657217 0.09407546977738 0.87106763733768 0.50106550029654 0.68415419712897 0.30856629273721 0.48742456262523 0.35316602960838 0.59343416136996 0.01446849454008 0.00256692820654 0.44668309465907 0.43484472915708 0.45598714150649 0.78857024938443 0.01212728312430 0.44961397313287 0.33814158197275 0.46956216355467 0.31346737329709 0.56240125769394 0.26475618225991 0.37301442050329 0.16502783751470 0.02247194523788 0.26529803663745 0.83821214601389 0.24889504829915 0.73773644502796 0.93272840677071 0.89546217006057 0.59372191727929 0.81768124518371 0.10702602884228 0.63495069911685 0.80580026311546 0.56383454733060 0.54975522574779 0.56194296705716 0.35198948755011 0.56760537166825 0.51997155417464 0.04865122337435 0.88430281812008 0.67602952847214 0.24839100201988 0.16788105500769 0.03081872907636 0.64920621949540 0.49715417911383 0.54104051334609 0.84281141874393 0.51608612233390 0.86769062729083 0.81566899857967 0.03611454504474 0.85077633637664 0.77813644788805 0.84844747730958 0.30449315696725 0.42672920433659 0.20555844839104 0.10816157946519 0.98016660572883 0.82597720288592 0.25015231961191 0.18928658584238 0.91343823954177 0.62017014950566 0.83143569827544 0.66489497543758 0.23743017217248 0.69653648762354 0.30017021281285 0.64494647786580 0.51206855076898 0.42481482182830 0.53165301929511 0.16134645596248 0.16682231057007 0.37323811664081 0.63966588495730 0.95887649480524 0.60949018972774 0.19821958990459 0.44918473995630 0.07973080125405 0.68416837489563 0.36529680117679 0.78315757826133 0.25464529539946 0.20806003313941 0.33853638231452 0.42266390656949 0.11131698006235 0.52191488002830 0.42499130555006 0.11939709968171 0.06900416415981 0.49144477253669 0.13763060518545 0.32555878569745 0.20313429353251 0.20390588915908 0.48858689228086 0.52372614152665 0.19660862322212 0.20761004685482 0.95411187294346 0.45325067487882 0.90379538585684 0.84548250658259 0.77083983878674 0.54886773996418 0.67585099934844 0.95738405132094 0.62960256149809 0.58331024713453 0.52696598799221 0.42295484066659 0.23012144026955 0.65335526936148 0.60752782324635 0.37447653892560 0.96088458965403 0.78717618332269 0.46982889178648 0.72326396176552 0.53514925729711 0.43864892062327 0.02855808026776 0.80692877004240 0.22455225506779 0.09616561977544 0.80695508351324 0.22467087269042 0.66929338562970 0.30932991874352 0.99040987060938 0.66320498586728 0.59633539894989 0.69156567443995 0.26070760577971 0.74195583381043 0.05900009027762 0.94102959758443 0.71642944427338 0.86210802286796 0.82353176935158 0.79945448628441 0.06896867920835 0.39912783939247 0.33007267477701 0.40174961334093 0.70121281055667 0.83831023665850 0.45636014483158 0.08447535192956 0.48755128013933 0.53257557780897 0.55918299731555 0.56060800332838 0.06795411470077 0.25422734144128 0.12630447822215 0.52823337149221 0.81024867373825 0.26571427841708 0.21321786736629 0.48299050908302 0.06415478153538 0.68279596688627 0.78189030372982 0.91211870723482 0.27550319512488 0.47669984416682 0.15900053323838 0.32970486872384 0.55370626113561 0.35472071412657 0.91009755377193 0.83965578613824 0.10380346872049 0.23313242071394 0.31762267929484 0.76356771788194 0.78623505842319 0.68532565529735 0.44641470153544 0.06330820206491 0.53628965820867 0.65001689109379 0.27081645301282 0.66826460413589 0.12510136510617 0.99700239754402 0.36894160839810 0.81910199982918 0.60306084833047 0.01648784058248
0.56730023174392 0.51534538891342 0.89262614042520 0.63526491733010 0.51895512871010 0.10151498562776 0.72259071058446 0.31310881407767 0.74282948182294 0.65397494371979 0.73029685432555 0.02012890233345 0.59249330740441 0.47067069493409 0.30439464128743 0.61154178884203 0.08191909607591 0.00825820756995 0.53107581804700 0.38330452540220 0.62006284447303 0.71181237094023 0.56720205655601 0.53842053400982 0.95189164905800 0.02501429577839 0.71130001777491 0.01133800269037 0.61856067117563 0.10706572633984 0.71971605667627 0.21646128811752 0.02022978265937 0.53575114784000 0.83144950887039 0.29477702601734 0.64250514664459 0.55218664708564 0.11662548965532 0.94124114426903 0.78962582112726 0.30333364409526 0.13896843827565 0.40084598677738 0.21391360938324 0.54245691723968 0.03982540904351 0.75665564257868 0.71842246856974 0.24226558873723 0.53266058369964 0.95858626100362 0.50380903753842 0.79456277564061 0.06239748530239 0.96334160447415 0.37800536664276 0.28599933890104 0.32806385225695 0.92750678684032 0.76575618792550 0.12491167673625 0.00046878002408 0.87843786507428 0.02872299878297 0.06521937726797 0.07006579180345 0.62604681696376 0.30071442136562 0.89269724898844 0.90462665722430 0.64202739377841 0.46568197806093 0.82450871558185 0.12188846377041 0.64614702239794 0.91903198605426 0.17363431198248 0.17229098084757 0.44253558108072 0.33223913361344 0.38946959353157 0.94855230013539 0.05165258552931 0.11991443280136 0.96548549946108 0.67869862652997 0.63783793046025 0.72335161530745 0.91657445625603 0.77610898292439 0.94680979940424 0.18044545657617 0.16454631436577 0.61097118029919 0.68981945311685 0.05688411245554 0.73354633874063 0.82918392034577 0.94526958758251 0.76544039190838 0.37575649055320 0.12899265081324 0.84557955444307 0.59911062737849 0.10264690592909 0.35441431926796 0.57349738503011 0.20219374568247 0.97147935161312 0.65978001702818 0.74724748128798 0.82086324559157 0.45395833272294 0.39105432248113 0.07016681803347 0.03696987979295 0.56026004810905 0.04066965048192 0.07620470338466 0.89884315357091 0.35326694368319 0.90770120112426 0.38199792423104 0.56989509999104 0.87236114763618 0.88193834988879 0.83010275561683 0.43213240937549 0.69618082152119 0.62349007795138 0.19390237472905 0.02192869431828 0.47023499187306 0.42822667892761 0.46232439791014 0.25098506128330 0.50344028588758 0.37726596260639 0.07556685573455 0.76927238742092 0.88061723138074 0.70794863524111 0.83089047955063 0.20630892786958 0.34302912393713 0.21149613343941 0.45003739284836 0.06414183005399 0.20691336537969 0.26428945834737 0.57788667451462 0.11422056064797 0.52351746966534 0.70929520441948 0.65106086492853 0.93773904022539 0.66256856831491 0.79530452832501 0.07112372947890 0.20774325425615 0.64695112346975 0.83102989716485 0.92195328590012 0.92192597227319 0.10551958258582 0.71750937308338 0.06977017515697 0.70448980904944 0.88979242214864 0.60483043334535 0.97256750254731 0.06330975520301 0.56907687737095 0.03341572918825 0.98851075839519 0.04311740359159 0.04605868412268 0.18331772574204 0.93673157134843 0.23913892441720 0.24741692045951 0.25797509262976 0.54634080159530 0.25631123670820 0.64440814793946 0.85953445390525 0.36761222351638 0.37344355683323 0.26639633568649 0.38083055420050 0.55862790035879 0.89580222609759 0.14445210051398 0.85911111279520 0.38137056213509 0.49538440975032 0.30053429335869 0.33552494877457 0.69092605097753
0.82466190193479 0.60055772896098 0.99739592845566 0.75882332809878 0.02602543790716 0.06609002429538 0.35865423691414 0.27202502232708 0.63874482738892 0.16553434281087 0.36327581068177 0.72522344268721 0.41034192986581 0.99989369882649 0.96874067973657 0.06302692715534 0.54754624764191 0.55149410255925 0.26911802883179 0.43875805428345 0.46271005602094 0.11167868510565 0.46140854335819 0.37044510915869 0.91610197141909 0.54318116705975 0.11335878864202 0.94033066168026 0.48326996137529 0.01209287770800 0.13325215644351 0.58926846462230 0.78141497613323 0.97278217474167 0.12059451773363 0.25458337990390 0.79288895245481 0.73561149786212 0.37721147841608 0.57223651878886 0.51125769029844 0.75214012783046 0.06041102108222 0.40184413457866 0.41898721271525 0.23416647936161 0.29626323151207 0.86342084296295 0.69858180349008 0.56124295418543 0.74891064668007 0.54992246811580 0.13328512202763 0.88656724452534 0.13711627041591 0.51611993032389 0.62319584919858 0.79974357133488 0.86998116613439 0.56143067226628 0.65570150633975 0.49834252890520 0.22377774328002 0.18725473809354 0.12392040508672 0.88124117248242 0.79443155202292 0.74895904530026 0.22487932941815 0.39441788880417 0.11384574930380 0.68638356400956 0.03422840819222 0.48927714212836 0.74865072458506 0.27659788361772 0.85887045872299 0.06904201532809 0.77628394364815 0.13190744800665 0.78893104303710 0.96007510199143 0.75071214695841 0.54069435016878 0.79191311723779 0.92052544988610 0.02720667259147 0.06885085791443 0.14156053883063 0.38211358959533 0.09157844076163 0.33955760723251 0.35149189409175 0.34474198386193 0.47029229899511 0.61094264170260 0.84546298559664 0.05249676792351 0.06645881580031 0.35308804312773 0.63604982648237 0.79912466042132 0.27784188844491 0.55150791473996 0.00067813402747 0.28596212472009 0.48447039558375 0.77005749057902 0.74585740739844 0.40011256594498 0.21598039817923 0.55061221265923 0.18910308294260 0.78692719311023 0.26334653576595 0.32760744919484 0.03178134423631 0.30942814443533 0.54457392245267 0.41333241336073 0.03766636700736 0.10668969341719 0.64457654636518 0.29322242605666 0.09096376399460 0.58590275008148 0.21617669076880 0.53382131240433 0.43782399981632 0.14134614642346 0.97999114938924 0.88351840226203 0.62729502094611 0.24597142170778 0.61898870837941 0.82989551187472 0.88221248867199 0.54121644123416 0.83012361054211 0.09053707202371 0.29211175519278 0.08146963860239 0.44710862784683 0.32275899159832 0.29281744633933 0.59446134244437 0.68633798186119 0.98786757922208 0.34615367935932 0.44377917844719 0.84745566242976 0.24401502791835 0.02264523167036 0.25036046166348 0.72639307264517 0.98404176393616 0.97811750087435 0.93535198806285 0.62285929385527 0.88348684773107 0.41556315092417 0.50570552810145 0.79244054657658 0.02896389212994 0.36500050781218 0.64796583996488 0.74489279170646 0.96194378778888 0.34264579658488 0.42144039572748 0.62884320119024 0.96440367999835 0.76179758349308 0.81917075029929 0.23543899691171 0.58514013737700 0.59481220245986 0.88416158223149 0.47240082353918 0.31196085919949 0.96042371063774 0.18317554073907 0.31792053681999 0.20477589141713 0.73239984137589 0.72044617793140 0.37398217223473 0.01378178596127 0.53059897010767 0.96672590378463 0.54433011498031 0.89512672312932 0.01739779456522 0.52371596384930 0.94752315221324 0.12012092030505 0.01076381571980 0.35166657828014 0.23092208224298 0.45667838186862
0.43747729295480 0.67620507447377 0.89722353373223 0.32222019483393 0.90936574167407 0.50046377053274 0.80489575152711 0.91886398986356 0.27651583677061 0.06279301156486 0.16689475578469 0.75272542201385 0.57260418988605 0.19651198924298 0.31546313139953 0.81890518780143 0.05144058971868 0.33961063875919 0.75777897657657 0.27032534264856 0.71640097701711 0.48149427500852 0.92485198816045 0.31597249944298 0.57652126851466 0.02402785011116 0.80155176094313 0.99070351950756 0.88283754327696 0.07274305319356 0.96908429977298 0.71631884799223 0.27312146655046 0.34298413631306 0.23684393605515 0.97372668547985 0.08887952445603 0.83274458737377 0.84963007608331 0.02441910389589 0.64474273720155 0.21690009161856 0.12432939900528 0.40634484882304 0.93213886134687 0.28365476811546 0.46162687840241 0.40380247100580 0.15895210276456 0.67298098455765 0.66121212166391 0.16007371376228 0.57586669323630 0.82437011832711 0.77092368702400 0.77594917250485 0.40795175949131 0.13696008980013 0.56208330694134 0.62414630417045 0.90940461132488 0.40717440347030 0.43962172371994 0.79146822254896 0.79040013453477 0.03062253861545 0.83161870703716 0.04024004341237 0.14353346134413 0.01693533207194 0.94755657223372 0.33458144365468 0.87870238542349 0.27545960028965 0.03071301221295 0.52195094428544 0.24713982902126 0.82881453795906 0.87405113521701 0.84067924477538 0.57741425419624 0.91657680853252 0.33799753042697 0.90917611880663 0.76105325809819 0.36451699786378 0.92454020006242 0.58920410777374 0.43961425377983 0.40043528052755 0.77596845480237 0.04574413162271 0.17050740005524 0.40873455210321 0.57421569697025 0.15115279430710 0.57499090089091 0.61131747792038 0.97062215790662 0.31787919970380 0.60258298455347 0.24006186897150 0.37970243894050 0.38444394650269 0.01598176228221 0.45569281885225 0.18250079988421 0.86437712825034 0.37627648770134 0.31252445365674 0.62753066924756 0.07338244732194 0.80489453749353 0.85840576137143 0.75620281763087 0.97616058888481 0.75400799292109 0.85171584091039 0.40488640050599 0.46891903220768 0.90836899766850 0.18507776955457 0.74359494295709 0.43073827209399 0.06269527368905 0.85607393919751 0.81607879178534 0.96248820737254 0.03949305626767 0.78630785394153 0.94678379183182 0.47511409981491 0.50177690480264 0.21099610481404 0.00195513219484 0.87383188220453 0.13285390212778 0.53124099176696 0.05093870784599 0.09302063308317 0.90012701217982 0.13732008291277 0.42411358218717 0.90095120658531 0.91133552270351 0.27710167350475 0.28954805000239 0.92036527130733 0.91985278560892 0.70549096324085 0.16273695120654 0.41060301227906 0.61017110335033 0.34571697119825 0.64439768558070 0.78552041052259 0.97828980993341 0.80619525812986 0.75074064133480 0.89513791326619 0.99637989593907 0.16754192337381 0.15448464914618 0.95644317647648 0.18957544985113 0.55369668851350 0.05434463679467 0.53720254256147 0.09609852530252 0.59419503433207 0.54048028954140 0.51075370989094 0.27664786591502 0.33013650386484 0.25696590857869 0.93501708170269 0.18193902941921 0.45786348579156 0.76244714457832 0.64300785531196 0.81440280049969 0.53007368974505 0.87732356332064 0.55003746207969 0.72048948850342 0.60281625456618 0.00600560970728 0.55710509098990 0.20344639519499 0.90190828361667 0.29419412017378 0.36871216722836 0.34923047142642 0.89404416867461 0.22184587096784 0.59963799128343 0.13675179541772 0.56717442626819 0.64249241809460 0.76708167620472
0.41768507801967 0.80577019943909 0.23564723666921 0.96838467912458 0.89830106386757 0.23409580389429 0.76706243877197 0.46978417847319 0.33397422321909 0.69505556074026 0.19220136393603 0.10908069296076 0.64332761508931 0.50452790864259 0.96482692125888 0.57468538802530 0.81951994390867 0.00432455923500 0.40163849450245 0.12923477406451 0.26692823693923 0.18510230044088 0.50827720233136 0.27612082667474 0.69569839395096 0.51706749296413 0.84827109508440 0.87949206757045 0.46159167442368 0.00550745226859 0.19808922413783 0.32767211433950 0.39812364429426 0.26371347549905 0.58845896779102 0.11953076413897 0.71494651013196 0.57190438412389 0.29162154708621 0.46772647012523 0.49880299945839 0.89071265557572 0.65627724255887 0.35277137018292 0.73675719889311 0.69764063461873 0.41458875936183 0.69421029457225 0.04560705321789 0.68389431278510 0.98370680264842 0.19514349310003 0.77550734715026 0.38857034174234 0.61098839640204 0.08898844360987 0.42688576434898 0.59141958922248 0.93354829315973 0.68371534183057 0.76043545464671 0.14632807371755 0.40545832531250 0.55643197833686 0.47495406325494 0.91235745216407 0.74173069705322 0.38031328168677 0.32974009145491 0.59229711083578 0.89348024417046 0.10925210672706 0.98147880513863 0.11066388498495 0.89606494902475 0.33791221637869 0.94171070640840 0.42431743138689 0.43124306139036 0.64431942054408 0.18769504407317 0.46513498742647 0.72871854057232 0.04610258453618 0.74108822861805 0.33582936051040 0.47356395914635 0.51058801851257 0.97117904545849 0.41826111632940 0.94661014069283 0.42999603514513 0.86459571227230 0.10256089752199 0.80054384326785 0.02498899547823 0.78716172553407 0.24671932654458 0.56057998397945 0.55753360710277 0.08738731656936 0.04137077911334 0.52208450271934 0.40745477097594 0.27911762641430 0.01077574078970 0.43084625472791 0.30617387981312 0.09449344359931 0.44035346154073 0.46227144607919 0.02604535292063 0.71423231093868 0.93514911076552 0.99207733856552 0.69381092707020 0.51342967149904 0.11073858147095 0.28618432294246 0.24817904606936 0.67284444722214 0.63549895375570 0.49793154939578 0.71378994594327 0.91913090072389 0.51413403103727 0.96061338224569 0.33875366918227 0.70316463563019 0.13085556040103 0.26384804301621 0.40765950386265 0.35458654757776 0.14248433687374 0.53350043520314 0.87691964000775 0.12592183657978 0.15265986917828 0.30892830743921 0.81479912799781 0.80632303713123 0.37068816603230 0.91270430722327 0.31618739484093 0.37207149423907 0.86084862080059 0.70460655359891 0.20973694924679 0.14541266195226 0.91997246712056 0.48261185325931 0.43972838237279 0.44887759139519 0.73375841214121 0.37773459174387 0.92897518316117 0.00686008435700 0.73445770701180 0.64910910264525 0.62869436306273 0.91833447609222 0.96332382343641 0.71389248946960 0.46001769535558 0.54765645692767 0.84896840998114 0.56076438616807 0.87016731757008 0.52506972901763 0.57162292564794 0.33919400283544 0.98098985118917 0.85337067217945 0.04920659466742 0.02007662696799 0.86944714744558 0.81675778423874 0.91451764180721 0.58101328379274 0.82902539676359 0.09517991884443 0.31626621708337 0.00894917535917 0.02574536235657 0.01147105784905 0.42247211275016 0.89500540470476 0.37022015176914 0.57153951963796 0.43079202073121 0.00045024273724 0.51639802356180 0.86006991174182 0.81482225570080 0.50947684508491 0.28945501398805 0.93754016835275 0.24544393101395 0.22674878962532 0.27341943840573
0.30069163450097 0.29314401941661 0.90075634388260 0.75915485083377 0.29861330204710 0.16052999842545 0.11102542836641 0.91859223301683 0.36081593154178 0.17929704434784 0.95196886886037 0.87378361043473 0.24899970470882 0.90840102829482 0.02453387902318 0.23663330590205 0.16573930882117 0.80891057176864 0.72163971546059 0.64513683676801 0.77660264398794 0.13324434048981 0.14749752046008 0.69485481908403 0.55238777447382 0.38140923667998 0.73458352549285 0.91184826536249 0.62968351192281 0.05836610563303 0.33116803212438 0.90527683869297 0.00015455387266 0.01783670088653 0.61114406004545 0.37506883702237 0.48013847759110 0.92610489318231 0.33046777219065 0.10305574614650 0.49413915860148 0.16808207437456 0.08712341890564 0.29744636104739 0.51693613676801 0.01387994071099 0.58969099916671 0.37750294937528 0.09274991399647 0.34674484222494 0.54547217186511 0.79296013308233 0.53634238664575 0.69439953355553 0.99002352159331 0.92514466687604 0.92647357984550 0.41069323361657 0.01224284701013 0.00450960919540 0.10892092022499 0.21413415430587 0.87057310405514 0.76823934462334 0.97215038750360 0.21612106670474 0.91984245165418 0.36545496028406 0.01686962286031 0.09784464784066 0.99470160154237 0.50582916160885 0.53782959213785 0.47051776687834 0.66607118160076 0.32239307175967 0.48342517924806 0.44959804050663 0.84590319911521 0.83957420534831 0.95588699639030 0.72479846877711 0.07132359497906 0.02211999283024 0.40362398354261 0.08341962515409 0.86864133905071 0.26572835378261 0.87005489588889 0.51575520920947 0.40369867224823 0.25762504805887 0.17107882245352 0.08634982006283 0.49460624841089 0.00245367999605 0.83153672607173 0.85398846781157 0.04224709810903 0.60176640280450 0.43759316499230 0.01921227105839 0.58521874965814 0.45786089157416 0.67568126550859 0.17780784548799 0.54104426115033 0.75976708315454 0.86953777198481 0.40072564425337 0.02534419019816 0.77323468440529 0.96200614031820 0.83402128460568 0.27573419768705 0.62154326767828 0.63874545806247 0.93486932187244 0.96449565885056 0.66593861525320 0.26887829039389 0.18819162832767 0.39664150645818 0.59909715493075 0.14285863647702 0.98793924966526 0.52795243887173 0.40420543501811 0.79584678953958 0.03915985803882 0.23014284004634 0.67654837374533 0.42889092387716 0.71004570976898 0.67192730310980 0.46468680883800 0.36038234021933 0.69077256802767 0.29867385525643 0.73265914810486 0.62159390669822 0.97842561261026 0.36948711401903 0.82158297260974 0.52506206492287 0.86125058231589 0.19428425161699 0.30749122439670 0.69029183214580 0.29301445415629 0.51753365459010 0.91400862399013 0.44831699227969 0.23251785020766 0.82481259959691 0.70741696243749 0.50693600424193 0.74106511731778 0.63282737282811 0.09745044434372 0.08180768700827 0.53000785177130 0.64011848593363 0.96127639214407 0.31222427295280 0.60765831753290 0.95260066882127 0.82713194564515 0.45013579109381 0.28943999011174 0.30803839249164 0.49288545996430 0.94582599240747 0.76975614572043 0.54523478906909 0.42978677865284 0.93119030166141 0.93994789081406 0.29371039698120 0.06775731453167 0.78467985523326 0.59059879537382 0.13014565967610 0.67648142974990 0.06482306972519 0.96921996717577 0.87408479856324 0.83649196327346 0.88011011199043 0.71941741211925 0.14640450955476 0.43450900429153 0.04069852510540 0.32588619859639 0.05648007021379 0.78747912195054 0.40020512991761 0.86119831119692 0.11345575729791 0.20131705353242
0.16558935499496 0.17008933454218 0.96504131722428 0.88819913871476 0.46659475865896 0.91709619784723 0.08161914921981 0.00224066486031 0.90548547307599 0.01529983987511 0.74031180259561 0.88936545070839 0.78610784257670 0.76260486656302 0.46442230479053 0.97773311732996 0.17452895725746 0.62200273533186 0.44168225948026 0.38123920800032 0.48008654709837 0.06013284154316 0.32806483582468 0.21866049001822 0.99675333787126 0.31252515739975 0.44088884290570 0.86836422586445 0.22754142385806 0.49286092990673 0.24447597991333 0.70473848374178 0.78843872826141 0.92799295364521 0.68792174346773 0.59790540060126 0.94146179473602 0.06588777698430 0.23422365598209 0.42084353287283 0.64091968531146 0.87002981094829 0.84054166406847 0.58551929153794 0.37471199348887 0.84368813573490 0.29473867490372 0.43309219462785 0.05675421394027 0.66737374268683 0.81735957231400 0.82731520242677 0.53033273307701 0.02651964582082 0.87620547011944 0.24873105890325 0.72501913320875 0.41369436916334 0.51365915890743 0.22053187647342 0.69901195812326 0.31301940149191 0.49216180995505 0.82772528927476 0.14645716461599 0.62073030573484 0.68770584091431 0.91281869960850 0.91906585679360 0.83245135179625 0.11415154920758 0.13139347642259 0.39487721572229 0.40003656694329 0.56591475036090 0.75438664431213 0.53781297318437 0.45730501267461 0.06743997082478 0.48961136079621 0.20893314023366 0.01709318719479 0.73288347594933 0.00790587861264 0.20264156730004 0.01116599395454 0.17576962519559 0.36091022078897 0.70159832071743 0.14216815462713 0.49740088135065 0.36779923102319 0.12978015967835 0.02675134993401 0.46894369914365 0.80563526410501 0.62736573674253 0.02229783578945 0.68941356545660 0.27993357575822 0.04286674044478 0.62305999824563 0.27548536267669 0.33228308115116 0.94451932151607 0.47609956457552 0.58386122431571 0.22875050973898 0.36878883964408 0.66758011053178 0.30609707020044 0.19007261890591 0.97692819495669 0.92799745728562 0.11451632895772 0.35027107392318 0.27858019738653 0.94806832974834 0.59909343969952 0.61099695384375 0.99764474053952 0.22377010569410 0.17035994312366 0.08000346258235 0.01440793244887 0.33920117674326 0.52396238400791 0.15851757876298 0.55917707326750 0.85733352381702 0.59253721236315 0.67446953382783 0.17940062712020 0.00751737722012 0.84470414871187 0.72651620526043 0.40923672674141 0.55639219139365 0.27693436471775 0.62090567345689 0.09401707056202 0.79244296401503 0.13503354782720 0.43983105332709 0.65821469610372 0.61297601565300 0.14480932787574 0.20453036587135 0.07926475425175 0.76269570258562 0.54786761189029 0.21082545751735 0.03915358082319 0.36725787218030 0.18905332861617 0.64028346793173 0.87700861234822 0.32353113377066 0.93499092351759 0.82870970080309 0.60286034720770 0.59377111932387 0.14826150954717 0.91646382258461 0.59942108363239 0.82852437682371 0.78315716720158 0.48286390275624 0.49749714014319 0.07679112675523 0.37848561040688 0.30383322425083 0.29843189206760 0.39899066792195 0.89972848560543 0.51659978614617 0.13863463083929 0.71788051402984 0.94289808253454 0.99721558136179 0.54066972731543 0.66045926851762 0.53839432749348 0.77963531903332 0.17385626291024 0.40031072757150 0.28232262070390 0.53697435298968 0.32959631743207 0.75717864353277 0.04318731184046 0.92920595277741 0.49532505159980 0.80912827521954 0.73738899718419 0.45750849021751 0.73072725489644 0.85868841559945 0.43199378017171 0.01110038364360
0.59366699938908 0.02402136471396 0.36161565261527 0.48497965350298 0.89852147225345 0.57650983639358 0.83085145736630 0.62997363112262 0.23097339656871 0.83484463192184 0.74853737377260 0.55707337659831 0.85371543664514 0.94119782197152 0.15193337009383 0.94156232204135 0.95168218818054 0.09417578956653 0.28846142291373 0.43110267365634 0.32242660443820 0.47373136121904 0.28943320271822 0.75167678853697 0.51332098043034 0.98087857545386 0.40574415419546 0.41642159112877 0.02393412301896 0.97054196040556 0.21376473977458 0.00532619002278 0.93015346415218 0.59823740795364 0.36058703583671 0.83622219603774 0.94500582237099 0.20620797696603 0.19359899285744 0.79035356926506 0.01604818964221 0.00720332652649 0.24099728261824 0.43557699211301 0.72863599292676 0.38177168758867 0.22770387518450 0.48871098490097 0.07015532401361 0.04074531869189 0.32982604317791 0.35823260203092 0.68194096963496 0.68698162160158 0.40234331508521 0.58207489270516 0.12462343562463 0.03085961829816 0.15502411007803 0.54983443239714 0.40289838576354 0.94573224947910 0.62678400242122 0.03623547939773 0.74701332190368 0.83282224807387 0.08859092246827 0.01759961257795 0.11869892814385 0.43273335125437 0.01597639428851 0.10324278029124 0.76953693181504 0.49426138492554 0.02323542055450 0.27909505507896 0.53061035692715 0.10173367299478 0.27936076861133 0.83823236075253 0.21734533910069 0.46826161864325 0.12231826643444 0.52500858280126 0.46192045228812 0.23776341485835 0.11471243886979 0.73876595512854 0.99170527011608 0.00080234390314 0.52275146523004 0.42007595326129 0.70797417989878 0.72965939490638 0.69624721554717 0.96507920035697 0.05819597253201 0.09917286937253 0.65535221111560 0.53612763733254 0.94607375582705 0.40797572702732 0.13353105439087 0.41492860748707 0.79720360049355 0.99121529021233 0.50314733423060 0.34552058756670 0.83764125986505 0.91417827109996 0.61315204518685 0.46123655734231 0.27649465838904 0.87377305636862 0.52841520061542 0.68523668312940 0.22534484449312 0.80654236102447 0.28071179064005 0.01312278064924 0.43813081494709 0.77962146430918 0.19113572773667 0.91412369774429 0.52829995245141 0.56069467547196 0.05085444282868 0.37601639490507 0.02478678001621 0.43658928512352 0.59528693612428 0.41138149339785 0.23658235468848 0.86619459382150 0.93827271129897 0.35962441155953 0.34514365420307 0.53373291176164 0.50970101342898 0.89915066393489 0.14670196271605 0.65547347058453 0.35341536199457 0.99062115232627 0.54001001051719 0.24562167954823 0.80803607787655 0.73755188972644 0.14728067358032 0.83135043264654 0.44227839334258 0.61694679701009 0.48437192706410 0.22099656008030 0.61823916035662 0.63801880516838 0.22472591121885 0.11392430010709 0.33210549077884 0.47931893804556 0.76734746280589 0.65943908242170 0.84714314156558 0.69961671754345 0.94708446524978 0.40971099609283 0.75100022025960 0.27401809931731 0.37389822168885 0.42473408938715 0.60879042382330 0.99400175551402 0.33601086483534 0.40759123180576 0.27119193559601 0.34022286402695 0.86834271688283 0.68587571452868 0.53930770566387 0.44606420240948 0.65487900588674 0.34522432909270 0.12782583846080 0.53061479984079 0.15102686094170 0.78665441462596 0.69481472070574 0.00951330587758 0.53956607662969 0.73054948280160 0.41058546190099 0.77898071060419 0.96225861154822 0.66647911356358 0.25477830664839 0.13235946771200 0.49492862550697 0.86223156379205 0.61391664083694 0.88668713425275
0.98930804371222 0.44368200857889 0.61000822302757 0.39449289401509 0.51614345333038 0.57814555277287 0.71815579959371 0.70581806338159 0.61785273074884 0.95645833107466 0.95727654394136 0.92587975864425 0.10184988678357 0.35942426507565 0.97742607040285 0.81708091217777 0.41617999341423 0.37965060268337 0.91715748627190 0.70427359589630 0.74736933073016 0.57924361444134 0.05293654390521 0.81268612253791 0.08709945282974 0.16411686836545 0.58822834851055 0.03674843015391 0.82993688317803 0.25118327580285 0.77218448121087 0.75902249483291 0.85882014808463 0.86416600072239 0.97405202808762 0.48972772817507 0.82862274774821 0.74218811573868 0.38612214606230 0.37154466772446 0.98494589552651 0.19518299669830 0.86147823528475 0.34808126169413 0.79072590409157 0.31572527180192 0.04315082272614 0.27656727270525 0.77253145913331 0.85461577499972 0.58875804991065 0.15362657710623 0.55113680985649 0.01544985365450 0.38813408944426 0.05657970278364 0.08459680673179 0.97038304936653 0.86904623112306 0.42541838247109 0.34283360241304 0.94270269350438 0.70099741045314 0.47417647758823 0.84916919420539 0.08154742753107 0.79387760486131 0.85604853528857 0.51659023304128 0.12898264843566 0.43917739219647 0.25433494449722 0.99827389100106 0.02227094110605 0.57676419166264 0.45337454533481 0.16397564136466 0.54069940704627 0.69768172178738 0.08035675867825 0.38065949475876 0.38418903378998 0.79782741516609 0.07855258330174 0.35264144256264 0.69938490863566 0.17187507339854 0.72271507229917 0.64359869696851 0.88743643105905 0.91324697570799 0.35397028150765 0.01744669700314 0.07598249993967 0.72844024185520 0.02572409251451 0.43900294384653 0.97541547612481 0.80330227126018 0.95047595070581 0.45036453855378 0.04165714161317 0.82935236387212 0.18142535439062 0.02067908026071 0.33756973851623 0.37624682329582 0.48060338720423 0.78470172419309 0.45918982541862 0.91591801829235 0.28248389342068 0.91830845037387 0.50777955986623 0.44535862907634 0.41194742888481 0.52376887791226 0.90141256175445 0.90641581254635 0.91801352882890 0.06487476310108 0.61734237431691 0.56456295638681 0.76370423502903 0.69323845206600 0.96346817209131 0.67352894971563 0.50489408351640 0.24432572500343 0.55207197813196 0.36168009481176 0.49701288930938 0.67701207735011 0.16503276636613 0.90194498526320 0.55132671687586 0.06575309022307 0.45032591779235 0.15640001051074 0.05714745527682 0.41988853153507 0.10111400082153 0.45569830734336 0.21290779288478 0.10600947174982 0.25509607640644 0.19275339836668 0.10793056205757 0.62699031521427 0.36424919179518 0.61650617793979 0.91605002848585 0.93033560163222 0.73710795104133 0.89054790488178 0.72444051942326 0.60248209316183 0.12659129579149 0.18704922907586 0.78313492584224 0.60959623914145 0.67007616077348 0.92546947806298 0.73518145951918 0.03556179223428 0.62111170523738 0.09798988700236 0.80062805042801 0.18250795981161 0.48489532007349 0.73531162744303 0.55534333834292 0.34867805100565 0.90806891270742 0.84774972549615 0.57129210449458 0.40351151827452 0.09079425500167 0.21315060748799 0.64603595756578 0.71275092710113 0.55217492242637 0.99679356345802 0.64883153739854 0.35757570212521 0.50683244024371 0.12740583272597 0.73842373385904 0.10933493152306 0.78825678686263 0.65622971087925 0.45964597721212 0.41464181181051 0.78443856954462 0.79948980825942 0.69911647093087 0.57338790043237 0.30855507895792 0.95827642534714 0.08345551071559
0.45019356615977 0.10826423259745 0.49032841868911 0.44323684246926 0.30452926293005 0.54503313400148 0.92608395591484 0.61553041044959 0.63932097054381 0.61389350886985 0.41702868284816 0.03389758218196 0.15060299229947 0.58955157817808 0.36050880602472 0.81015085806331 0.98397967159316 0.97263735705944 0.58753320670728 0.41837387274928 0.40386735744219 0.18318937131682 0.77873620085354 0.43564463844815 0.38817583605269 0.35239664484603 0.09088694324567 0.53494914586323 0.74985822881064 0.89196042565035 0.89979814836105 0.84885803865834 0.65056549652403 0.91240431462164 0.54143418112871 0.14723033717904 0.74081231689182 0.84748501857216 0.62620610814265 0.89398251064943 0.08437762506834 0.16116273277886 0.34834899531251 0.94986099572219 0.75181977214149 0.12466012361453 0.00708703719172 0.90135205367277 0.19143397930178 0.77166529397112 0.53443102107696 0.72678062447625 0.20174106592681 0.77886266903328 0.91920201269364 0.81012951390956 0.65793035898033 0.86692145118344 0.61179841480543 0.30532428039115 0.33937610430097 0.53586404299390 0.55519481106360 0.66126706301093 0.01299621246456 0.06212418102895 0.89572528227290 0.16699697173369 0.90638831455835 0.52669473927288 0.05619510197452 0.28059298604700 0.96961593357566 0.63508225284741 0.43947901409044 0.73563244573865 0.96678476435364 0.52639883618969 0.10006961719133 0.95292631708447 0.32329887134441 0.66308835623262 0.21571348267855 0.39940561972873 0.82643543704614 0.21990523397023 0.89681094966988 0.67141046748852 0.19706135738761 0.45966913368612 0.92919163576316 0.53699168422012 0.63840539923623 0.70522457440814 0.66834216107244 0.89812804834619 0.88025703832347 0.75157822193064 0.18272890507234 0.34254177336787 0.09281398678136 0.13379767583133 0.65761157063340 0.54304976658629 0.55247144319667 0.72057399987766 0.81290365395072 0.07250039078350 0.64244357023210 0.85562078499788 0.52527630059697 0.05607237304806 0.37776613280302 0.69359655655856 0.76246062066753 0.79795445651670 0.56226055422563 0.99245411395562 0.76586008720935 0.00315321575803 0.21427539173406 0.40468587607639 0.46092568341560 0.66251791881114 0.39014525785324 0.37458924619074 0.18327681395978 0.37455481924341 0.41052227357483 0.72421757856821 0.57944921930344 0.21782442385892 0.36727700889981 0.32448831371113 0.34946742965310 0.25787991718366 0.19127273492912 0.42324124745789 0.25700016983676 0.15850767681199 0.78042553742095 0.99780993462486 0.03953128744015 0.42507841696832 0.62545086642317 0.54294056260328 0.99414260149038 0.23747499909511 0.05287545956033 0.70167535166506 0.03634818035471 0.65377162522075 0.12748147767032 0.00132998219301 0.62469012328918 0.21099054887357 0.69534662942510 0.25342907638214 0.95979673773440 0.58688864071428 0.43389078466801 0.91785927720763 0.07985515677212 0.09128756517952 0.33164067579553 0.40096659735233 0.59647353445332 0.26749770081908 0.20195615043055 0.00229992863294 0.99805988115304 0.91700209988622 0.15388305549540 0.12079287252696 0.17800768819849 0.00347018331130 0.93737380880399 0.99777058357014 0.13379470971961 0.25557150799135 0.82683165588067 0.32139860950595 0.39172128118737 0.74791894513373 0.76125293705245 0.01377818275720 0.18171617223280 0.30193256365164 0.16117670976111 0.17781504064604 0.81977277673212 0.22378380245193 0.63471013121955 0.04268762728951 0.81791272721309 0.13011284243490 0.93189984766848 0.28857634202104 0.65791704935891 0.07147257487842
0.24665113274989 0.94451979670835 0.27759768172204 0.17915065285842 0.16393545214570 0.53520897310026 0.87892178654569 0.58909916309870 0.56276615753708 0.13565369220831 0.01018346049253 0.64478657577371 0.09213497785744 0.73508581844596 0.34507618306522 0.25764718138730 0.51750518815009 0.16451978569648 0.17894868435745 0.17817490782052 0.77445916080302 0.56150141671481 0.65552522862240 0.95374664898065 0.58021734175460 0.95300653244856 0.56497699876637 0.41534532966961 0.75746695034879 0.12628251390291 0.75853278808932 0.90414937603795 0.70504814160527 0.62527155561095 0.07925195951982 0.58953259622100 0.93807650769989 0.17030192730144 0.19340652699375 0.23155052688051 0.64216969121671 0.11495827311075 0.12567650453150 0.58045183514044 0.64149870911948 0.10187387225803 0.87571843967433 0.33129188006312 0.46248680422892 0.27739905131568 0.28886538157315 0.03341781166829 0.66797681961236 0.64147525624230 0.70854468569546 0.66185439199838 0.11484869976658 0.73162786548265 0.34985031947356 0.50146291970229 0.92982247688993 0.40020966192101 0.96173727954071 0.11086905147785 0.00748656858255 0.54809178111884 0.57197137398269 0.77349245247757 0.54833593840408 0.79962136026019 0.65364195766641 0.49320225833296 0.03145485653267 0.88178329496615 0.30053197174314 0.82803145329621 0.48691553255412 0.33235515495848 0.13015167286668 0.19193669797552 0.52599343704848 0.54835453536175 0.98244585273676 0.40096916848831 0.01959023633936 0.61350188990478 0.45538729757984 0.35844198386240 0.46473913829570 0.51538874187771 0.24905759639731 0.78815577582867 0.46112376536992 0.26232782256666 0.29758585287053 0.09476406272008 0.64606111145533 0.94619834029513 0.81059887001186 0.70217476412381 0.81372170509711 0.66581899592082 0.82235313084469 0.60443213914731 0.82455366325417 0.80660438050642 0.46710475196428 0.04151007917625 0.57285189711110 0.54463150510542 0.07004928813861 0.49209945089596 0.12174004524372 0.93032730446471 0.50795050303896 0.85865082429855 0.67971394223010 0.28130940161521 0.55139348781662 0.16481952835834 0.21392398865009 0.49910067547209 0.51708995011048 0.25643659831793 0.35995199220549 0.02256442151505 0.00414272232133 0.42314270481498 0.36922243563309 0.32539052826775 0.56776833271561 0.25875505690412 0.52145596549684 0.82320833386784 0.46085521466761 0.85946610579976 0.11876508171634 0.45442141688453 0.47135912370386 0.32137723779600 0.43746596427790 0.12173199979063 0.07656207784586 0.24043638488826 0.24160891558804 0.35755604466438 0.99240634664379 0.61135209559037 0.88113403073561 0.56536715563857 0.92389990455591 0.61809917954363 0.16062927673152 0.57169574988455 0.70476788711080 0.25475485881075 0.60521128211365 0.15042657584689 0.04916809803302 0.12176173160133 0.70586722223044 0.07718664686324 0.47923317289188 0.19341209683181 0.60943189012243 0.40804363681945 0.23163209546304 0.11061250386805 0.45289311367065 0.60040293394157 0.22273986761900 0.53599332277477 0.91191362230142 0.26926056329486 0.71223467387566 0.81696923820206 0.26594693191284 0.19558534562305 0.52550191792707 0.77322756866024 0.85902156195563 0.17298719232294 0.04688734763834 0.03555675873972 0.63569092666273 0.40790576075945 0.27344345177310 0.88512452677488 0.85466575730397 0.30625291152191 0.71811936525777 0.58655873610584 0.65614881680664 0.40102303802311 0.15582809130319 0.22220404770102 0.22829619189106 0.27081411564776 0.70639183564068 0.64134561977972
0.49838453986683 0.10038242740385 0.38412824897615 0.38460315972510 0.26999141368065 0.26656778493829 0.41008723133220 0.98460078700487 0.13634323136318 0.99530292517654 0.44794325071981 0.60345338716975 0.48113471118996 0.13254079605872 0.68409357626295 0.14258985878345 0.26419956356750 0.41760645303407 0.26342247891162 0.38330988955036 0.80517775917741 0.65670832602027 0.15080237973678 0.48300985766870 0.55906705910676 0.22081215660785 0.39677205823430 0.01785587028015 0.33655111378662 0.01761087776034 0.13848665591929 0.93957098058922 0.39227772350599 0.60753742808585 0.91862357956910 0.58276795721213 0.90981725842882 0.26475291356518 0.90228875688577 0.01271145959805 0.05024726399483 0.66116675296330 0.29440287423776 0.77067358537084 0.75949224696535 0.78430119652618 0.81415145176489 0.44743410155767 0.60958760151573 0.91259817886403 0.74645054500724 0.43444839210658 0.10810808437094 0.55109778361027 0.00158325240754 0.48040959806478 0.40829794581856 0.46891823462376 0.56143531135589 0.41136678106999 0.79766934418624 0.61343052295633 0.62695931383459 0.50291955849027 0.03119401379394 0.46303029986850 0.19912859699625 0.84453568923886 0.72030757399434 0.41353862122839 0.67203399294981 0.51299979747889 0.21240876312388 0.53706580807930 0.68132311799537 0.57721202400307 0.47486025743463 0.58834972655622 0.62021467904622 0.47121755891170 0.71110072265235 0.12950043890099 0.48189435807834 0.83973163322403 0.20573407551906 0.66487516920611 0.29963778473873 0.50827850177560 0.27377152059291 0.14835703239626 0.36152683342489 0.83225403086993 0.75989119619965 0.05734521611228 0.91879075879967 0.65169150841128 0.63002115666678 0.50769312156559 0.63884991340135 0.56991724208921 0.66477756844004 0.41250539723765 0.52372113654461 0.71394609016415 0.55516078995914 0.19712974233400 0.64319153699087 0.98614776378829 0.00001380414028 0.81497978848607 0.83184254784760 0.28915649110612 0.74840143795790 0.12908058333755 0.00565236999395 0.84526140856429 0.86299786035102 0.61066888927288 0.12268941903351 0.67346281847546 0.72670629347377 0.00973169064296 0.77639511749299 0.55440963409898 0.39637665906680 0.84773590466153 0.98345299926181 0.47187317784460 0.13190561171875 0.70832948026655 0.94125701410630 0.25810384931280 0.75388766812232 0.14082133793420 0.41322486495554 0.17692255199352 0.45685390386413 0.89002170798239 0.99951230533883 0.69920494646299 0.70177940545360 0.58490302532604 0.46268857507050 0.05482813065354 0.29946062727892 0.92992863007277 0.04193154122397 0.12111591502707 0.13779282210921 0.25725878477387 0.08702384361643 0.94442205361578 0.49295323476567 0.23433678638397 0.01750977392430 0.36466846108053 0.25915065980635 0.50411974516191 0.33055334551386 0.86136525991741 0.41823200013286 0.52362556560687 0.84575479601490 0.75459150660178 0.06962008034708 0.09497554885623 0.32749686304678 0.01181460799030 0.43971224001600 0.27217616934421 0.86231268391461 0.63710354623763 0.05823907283619 0.09878382894014 0.68739478654780 0.07345692093502 0.42864732025872 0.99404158736063 0.76936466571899 0.85489572422952 0.55751712786186 0.06174245109000 0.68265946820207 0.41907922418979 0.79515287034254 0.89736333736354 0.08646583645772 0.97628176805041 0.76422696854139 0.45153290108776 0.73076920232174 0.38541249247471 0.75045634125089 0.52444848667272 0.51232629301190 0.07906623529138 0.34220349095308 0.20838403809888 0.84804601934296 0.57174861624785
0.78605650196403 0.92525239386466 0.26070978008039 0.20851787189063 0.46562847014735 0.23744764731212 0.67017378156795 0.11690518457096 0.24572942049451 0.40817133806363 0.28130179718292 0.83298729399663 0.52427248232287 0.37069052895768 0.01083271512606 0.58659778709049 0.96885337306209 0.93666364743650 0.44615190884250 0.06344698865283 0.15495648184348 0.97531544785594 0.32458984854415 0.41756776097628 0.15166192229768 0.83938309329485 0.03111952187829 0.60042546435903 0.18751468918209 0.66042944265831 0.08536163894812 0.27213674264190 0.30573452809328 0.39987791492609 0.80723010922864 0.35908684575935 0.30767041157959 0.27399810147414 0.89800227771788 0.39469063025289 0.64492745572253 0.65740783828501 0.53777032137073 0.25922616858193 0.47556837542653 0.16643463515962 0.94038979015791 0.30115523030966 0.32779068645538 0.43116211402124 0.03223854829275 0.38503270659378 0.02989747618172 0.84234533498248 0.50874278351543 0.70874095495620 0.28568980683130 0.27128621818516 0.74232927487682 0.86884824256795 0.33672758837346 0.24797581344930 0.60582413290326 0.23539370454381 0.42785528601909 0.80533980800751 0.22323416728954 0.49409867638951 0.15415476036788 0.86616164671802 0.92580934066605 0.18278133714537 0.24179319649414 0.12304401538701 0.03284534335897 0.15097835496114 0.92893054243621 0.24430432740772 0.99599594134860 0.60337610357270 0.60007506813417 0.30649531529760 0.55555767317815 0.27616845655717 0.82744594814112 0.76718076403802 0.72685397811107 0.60578860314665 0.53768612978884 0.92386921216160 0.13146437780776 0.79137391385442 0.37795951443118 0.76698699857150 0.45477104858902 0.42473783765763 0.07028744492946 0.56549924063050 0.03397859557722 0.93180563049635 0.85931271388276 0.65472998095285 0.72814984898090 0.75255472708632 0.05066587769677 0.38087665556394 0.86806914731211 0.37658468784251 0.54496648409075 0.67144779843885 0.89994571364159 0.01246016260503 0.48601716627671 0.02145646026498 0.35465610575331 0.17078131213638 0.71638721573519 0.07827016679313 0.80781863610017 0.00377252023284 0.08623490505693 0.85756034852000 0.15564137657026 0.95947579483282 0.08208798157691 0.57320743806540 0.20571504621016 0.53538786884268 0.14695065085970 0.08196227732701 0.97397946822381 0.54055852088041 0.54404170896972 0.36765277853384 0.38341090042728 0.31959061322046 0.34058411505172 0.70111193486245 0.68606040452980 0.28404751427822 0.58055173969020 0.51800160422411 0.55871815216943 0.06644250286571 0.68083598247264 0.54282641384688 0.86951815421988 0.55354761419878 0.86427596763648 0.02077781318194 0.25724215871857 0.50121224508884 0.59326434304159 0.28005703912744 0.10246941982387 0.36226893997492 0.30002277504394 0.46078027898797 0.80917970345353 0.54128016844313 0.54758945959117 0.14536129581496 0.25793268865298 0.34276655637068 0.01187541437075 0.19422922333179 0.46308622965541 0.21132371275043 0.93274147904747 0.08510764801113 0.84846608648605 0.39734092475203 0.75928807013580 0.69449124244712 0.28347500884385 0.57943222275619 0.23348444008950 0.41973922685728 0.24567069841834 0.45000330915983 0.61707594411670 0.68348961448448 0.70232463960881 0.57436782869468 0.04699562924863 0.62207933567690 0.31828161906957 0.34791369361223 0.55376315229833 0.63569492735799 0.19988472521249 0.88191162687686 0.74590058810024 0.33510102717142 0.72317890163633 0.96388578274098 0.27898830676039 0.18237386038435 0.47723778248410 0.69241108222579
0.31886760899825 0.16660577824275 0.91449695762517 0.81600399335645 0.78165895817763 0.13436577813347 0.43723981610744 0.23674793793192 0.60570159870374 0.03250939215271 0.02466632534496 0.86519268297323 0.37446589978711 0.87242705406564 0.75201613174206 0.37867105049416 0.33784212665742 0.78511054120443 0.33679094115887 0.68648278936407 0.68545581385115 0.73407797831175 0.48686157506687 0.12289586240227 0.02539291117274 0.75987584974165 0.66089928768699 0.96820194939246 0.38579896804095 0.92314634326307 0.96246035690755 0.26699347513848 0.24505286119278 0.80610406138569 0.05954150496965 0.92010386165042 0.24770842792285 0.63817117155520 0.24923391235359 0.85013819191342 0.46165694340064 0.22463787303314 0.03068615402470 0.11917120837765 0.50581449705622 0.19825310067596 0.81511097475574 0.87107531639497 0.95131721126423 0.28780391785740 0.55207901951402 0.77564158191939 0.48292034044064 0.85254327131995 0.46987279249035 0.08343480802879 0.95646473863196 0.34371495186831 0.58712518472420 0.61354973280470 0.64030348125125 0.88586306766123 0.28991202283117 0.97500753481424 0.06992389396955 0.81330841248211 0.12996252074030 0.62761498333321 0.38704713038717 0.76709817400531 0.26733856867937 0.94286133617222 0.29589552448797 0.06330646261195 0.76517093147117 0.83241450633820 0.92957534304390 0.17625195909301 0.37042393141247 0.97049409490795 0.64839959056049 0.54174565136250 0.17830280700791 0.57095153906738 0.96534171232823 0.39026238822573 0.95688845896030 0.13377681440879 0.05839024139040 0.26907438609159 0.24037841206019 0.10546881924655 0.83293576898370 0.34546455820418 0.46765375462208 0.42550636537302 0.56487924184541 0.35561503473139 0.08278931833892 0.94826146862694 0.38879837721737 0.71437261690033 0.57014595190819 0.78812064428433 0.45485488950898 0.08772005440023 0.12976870978028 0.25648916964645 0.76732719237359 0.48004359155613 0.34724173454563 0.12571417399710 0.11371215242872 0.12312999034218 0.76517134707263 0.38793488107204 0.82156835575037 0.40998225465038 0.28944083297078 0.75965221857905 0.43947496944504 0.55804886661239 0.86388091022698 0.01160170233853 0.96316240758738 0.96056057982240 0.60619370057578 0.64948771463710 0.42101481585197 0.61654297358297 0.11119598539057 0.81457260083811 0.30116701318306 0.19973886990226 0.26059413818219 0.10220066634428 0.73472463078688 0.49452797391053 0.78537929700406 0.59764554072387 0.05724800132719 0.83228419975863 0.94709555870540 0.34916302529834 0.55144772162042 0.43569682600408 0.70688822409770 0.37641262862028 0.38864264171665 0.92451466917886 0.01400407702738 0.15003066721476 0.51253231729665 0.00978377280265 0.92383716255322 0.95943714348562 0.67014604227879 0.31979292613739 0.43181320068579 0.44762013046836 0.66264678373176 0.62327184473057 0.12123892990704 0.44781697787926 0.47525156517069 0.59205249350040 0.78682989768653 0.88341308193839 0.59015517036316 0.20381230921510 0.73766198885736 0.07779393377995 0.99303931728228 0.94322664394023 0.06904697780074 0.56663852301186 0.27879103695801 0.70714337057552 0.29714525754357 0.47934351572037 0.70179189631120 0.52451870249791 0.64358762369328 0.26959818239822 0.39834727173432 0.07327415947348 0.52173411291665 0.56156050464988 0.62999924645146 0.81374840537464 0.03421834400706 0.97759395991921 0.34774461653988 0.19466821300089 0.85404656835081 0.01385643741986 0.10773636955062 0.31884316502067 0.43556214021971 0.05843046001309
0.12314965848069 0.45317882058868 0.17236428704201 0.82398556331059 0.84438809010372 0.45290675556203 0.09670879883263 0.72321796040338 0.61041301968414 0.23813628790134 0.55524028989071 0.68282096099882 0.50819231587698 0.28899475818231 0.11522543333538 0.90436087199619 0.32246035166335 0.63408781600000 0.09880127169323 0.16966711632870 0.07091512173991 0.36812138578923 0.57155514326856 0.63310152149748 0.03368200443131 0.57250966319242 0.20945205264680 0.55164296046767 0.03781950737682 0.42162861752583 0.45345509035590 0.53388260605671 0.22522411756989 0.73479922916853 0.55643946710042 0.93755603791654 0.49326792741194 0.77746724504780 0.78129455069182 0.16043614802576 0.69913691759641 0.98773591989871 0.91005832114066 0.03295149176744 0.56422847563041 0.50107170796301 0.95895749050696 0.64230862051525 0.16730023777802 0.51632573715231 0.50107104819438 0.22261752435430 0.12900949624996 0.49912563577560 0.89323657726473 0.59627545505398 0.71057351980558 0.66858633481277 0.69022011865142 0.51706326334197 0.33660131075618 0.39587129062295 0.38468639805133 0.26104109435997 0.66829901766740 0.33676008906711 0.57846597915141 0.80005394630518 0.44090147285217 0.05332950532501 0.03749978849097 0.83426134309473 0.93825973139271 0.24811511082079 0.55003064964476 0.55792857066164 0.00088749142785 0.61321229725017 0.42720499923765 0.24204120827704 0.21304649651956 0.10668609373899 0.69882363968048 0.47418133086720 0.94510481216842 0.90932172819274 0.95715401502363 0.09336489309237 0.89889726328609 0.35468887078874 0.45561518623528 0.93514445267184 0.15959073548099 0.95827543796879 0.21736013957259 0.48824444502248 0.27594756147196 0.41489572538351 0.78478739598086 0.19960130239274 0.74332283257041 0.51324388162345 0.14997582753597 0.40940296297868 0.52621099300192 0.62409912816552 0.32676333510480 0.17313936609909 0.81887946973755 0.25663939639743 0.92322234426872 0.05496918989896 0.09126819589100 0.50044175582589 0.08247530162907 0.68755822770743 0.00058520314441 0.07345326253993 0.77111759687359 0.97831467521934 0.70034789144652 0.86902433046432 0.10024963247742 0.20374228038706 0.59906441820205 0.09176789947700 0.51561012056958 0.64752419449491 0.98975107836679 0.33712338564721 0.82483409970693 0.61685608946682 0.14436569559303 0.55524553495220 0.46304509461819 0.94809394407581 0.50202660987032 0.96989364493447 0.41588315794070 0.14750973616908 0.91425258586683 0.57435059068958 0.85607694972383 0.94016396375082 0.05020744788410 0.61459037349199 0.51061187419776 0.57841703914848 0.00784148358620 0.59239080924997 0.31663033446701 0.87703906563308 0.29026348581527 0.61602180918209 0.02844949324931 0.93709062672228 0.06294327028556 0.67838931316693 0.94081843627656 0.57073024522535 0.88521430291684 0.22880606705019 0.60827885239548 0.20897951122598 0.86367124771974 0.53543420229975 0.41398152845674 0.98155069167972 0.08856002372822 0.47178919243148 0.39778107545318 0.51076334709531 0.41895187547861 0.72092326187039 0.72342827842261 0.30510828068231 0.99150066901486 0.36581336312208 0.72011181087527 0.84172632481342 0.91634732540636 0.96373935732308 0.58675980563574 0.34084706006374 0.49141922175121 0.60896542757885 0.77045338187510 0.42401696215859 0.01404699296584 0.54396078725969 0.89702239782502 0.79881798254481 0.97427545464086 0.63371810899797 0.27818905564362 0.02616741305704 0.67945498050346 0.86336370514328 0.68498844870955 0.24431346979982
0.82377617719078 0.02210297549688 0.29189357027365 0.25272378344830 0.03592579783160 0.86089700196857 0.72277626512541 0.40721198135744 0.87837888104691 0.78450012859138 0.65737764996990 0.12978046215312 0.42154289624880 0.63645772727634 0.61415304174614 0.28095912246396 0.15521196170284 0.84435276555270 0.71817280641067 0.03961868992910 0.30309291720228 0.69178681679752 0.76571875982929 0.36662978743149 0.79096256327154 0.58082724004437 0.82937941969389 0.32387390636532 0.70049253688713 0.32486603825741 0.50191107143191 0.54195560274039 0.74312447786025 0.36770992709957 0.05371527932999 0.63175167491409 0.08026661631716 0.65177263254468 0.18262052681320 0.21795083881443 0.96655617929157 0.13409629679757 0.14867482468109 0.34116879447326 0.79279876044242 0.13413370036915 0.65356129354889 0.43929924524476 0.33466888555969 0.77858669779263 0.95347592764009 0.45535301947940 0.35812596736806 0.82075972990765 0.89266299459491 0.13118672752628 0.39768631448547 0.02528923059453 0.28280977550342 0.63406304040858 0.92184056231736 0.25046372523767 0.47709054401972 0.75308682382107 0.52286842983179 0.44604496192389 0.49984259675284 0.75055475278927 0.29055625090574 0.79367502270581 0.47180897931412 0.62632484674417 0.59445731656200 0.60304344918378 0.64237815794888 0.26482616678404 0.68000182483323 0.11620270455829 0.68673109867068 0.75365175930299 0.86962951250811 0.52135393757330 0.03102144509279 0.00550766419506 0.95383000843019 0.02368776825687 0.70236575331953 0.43040065058588 0.36437084149051 0.02055696357222 0.05704218758099 0.89919773125686 0.01100935868217 0.50358497641060 0.78975897649807 0.38149136561054 0.53871675452126 0.38626366887642 0.99686816983229 0.02511420752831 0.59046460078062 0.56244142522157 0.94454229906097 0.46075624615133 0.77889597948630 0.87143549994245 0.54285278940389 0.87055703160625 0.21376782100456 0.58640855665022 0.36742030757223 0.09127767462672 0.17382119796401 0.97415511686340 0.58568552460603 0.34333683415218 0.99140685280948 0.98352643474657 0.84414057295174 0.54288236100481 0.31733760329052 0.40672866516856 0.27191059118106 0.84893377028032 0.32412824931529 0.82345380826535 0.76105713209790 0.42931384644323 0.40631589532883 0.39861296306737 0.61893044277800 0.20198936002086 0.19980240314527 0.09130015539461 0.76914684309273 0.20684962478417 0.98536252300559 0.37521798344250 0.59118838764435 0.64600202170375 0.66719954315539 0.24290536823633 0.43967023761656 0.52706898778293 0.08948566208804 0.40118193357196 0.05635321052339 0.93905018697915 0.87387516944574 0.61511967298856 0.91922544441913 0.17056456820854 0.54547403386290 0.37962056115550 0.33945183999094 0.33380376355314 0.10328660748188 0.29711445662447 0.20729932445055 0.80713247865923 0.89125098699211 0.23886058034472 0.48062332237088 0.27154916337164 0.97530927323826 0.63044186075595 0.39600964499989 0.30891148801177 0.79039126318062 0.08007467087928 0.53898344141978 0.54138608798773 0.56706917836133 0.71756442878186 0.78068812935177 0.47257168268899 0.32590460110077 0.14521695003216 0.49941852295160 0.02868869219632 0.89097178157177 0.99750248178328 0.28825114717065 0.85617460601901 0.58457466943290 0.48553830141348 0.70443854923253 0.20694825698189 0.98694957207532 0.76005636612828 0.23037557430218 0.71820508935223 0.11861614968564 0.20374615439306 0.29920232164505 0.06547037501852 0.56045711861283 0.35407747607779 0.92174622278272 0.57342798815283
0.97488216210825 0.33972846363914 0.79306994496304 0.47931226223649 0.61713188188602 0.93030633768996 0.63131000017490 0.56849307544253 0.00530763060494 0.96369240855299 0.38922112519031 0.15839275247097 0.80395640032162 0.25022883400828 0.24438975082205 0.50023649785764 0.30334351390039 0.65328267607942 0.57447886632080 0.63466180929493 0.64218658881093 0.23218355162588 0.84238401040876 0.14599939746628 0.04246100662977 0.16229262167407 0.53339899961191 0.65237613755717 0.39235502216005 0.30227582530161 0.07040742373019 0.91877505845606 0.04201488339571 0.49479378748180 0.03593158387232 0.54448345925327 0.73569984752686 0.09934359882689 0.57431064860237 0.09729062459126 0.39321256487034 0.97294302305940 0.84387607835677 0.89604659926453 0.62896538158790 0.37664998182009 0.99285243464234 0.00155235273241 0.71870275277353 0.22423408248672 0.04983722923581 0.49921961497553 0.42429343018099 0.97098693066072 0.76240736840292 0.79419419539581 0.76957280001704 0.55963415166121 0.79788198122235 0.42883899831870 0.28802077479050 0.24198123429661 0.17738260829062 0.18888661898047 0.55451149965421 0.78333044117302 0.71305543719822 0.83786273202291 0.60672575613248 0.81039655300532 0.89234981362439 0.13079631861416 0.29600135869630 0.41189177171139 0.43227381733329 0.41815558207488 0.10075943083306 0.02752515735757 0.11008364330254 0.98277106022150 0.80095864677185 0.37816340119340 0.73014740374783 0.54154974839005 0.35679831221215 0.30244520327221 0.33405008299728 0.52644374752592 0.58583714739397 0.91638824380248 0.61096296281038 0.28801610335648 0.17290056632236 0.48974202911511 0.69567296451997 0.90605754614925 0.22281430131624 0.23213797855246 0.63122689382131 0.27692588606659 0.53045112262834 0.55871010521815 0.90473997254667 0.01587458813419 0.92166029374104 0.46256507470742 0.53455220584812 0.58124781120494 0.17897895030398 0.13255934216094 0.79270677350522 0.90381376776249 0.08082119891128 0.45337362309764 0.80729060256650 0.33082413099947 0.13052960290356 0.51396813158941 0.85768421334745 0.18988259747553 0.41874604426976 0.20017457351455 0.59934730371117 0.94882699895695 0.78426395018503 0.11370017623427 0.91354797647470 0.01014764526033 0.44945465737154 0.30187647831831 0.80920323339128 0.51725871918771 0.35858724635174 0.17361824775949 0.51845745869185 0.16234541508678 0.88464784824281 0.07062668998803 0.93000309419149 0.61258208282169 0.85286742273669 0.28444664007238 0.75159802965753 0.45619071410663 0.89576201415007 0.78267026318225 0.13401400315706 0.43141149553962 0.86202507501816 0.66113955350826 0.21180253985962 0.10439636951660 0.11424646658405 0.20537982908737 0.98780235438947 0.92648314781184 0.47630221050507 0.56446344686398 0.25669302137885 0.52960243135206 0.43447780616177 0.49001483291460 0.71464101153420 0.73830940306198 0.05837069673452 0.31150992813725 0.99943343538543 0.44316116336830 0.63144862723771 0.88860928893886 0.26509830441136 0.28961668379325 0.91191150670311 0.31676175986382 0.87582501494791 0.89314042791714 0.01814007614550 0.11576165969376 0.62284621278651 0.49396872282807 0.19597240269031 0.83528505593824 0.05746348057129 0.26842782134280 0.67494543735350 0.01353443148560 0.08162011240164 0.81075367462224 0.17006401462092 0.73314253293536 0.31485702937623 0.78913890167392 0.28867734294223 0.17884653840999 0.11129920329696 0.94073002879073 0.78549782558529 0.48618191137024 0.51029219802444 0.57341534693815
0.49490332332150 0.69765623610995 0.75682923832631 0.96755079679395 0.63525742432278 0.78187211971806 0.56211242287300 0.92311748977018 0.82882738127192 0.67683001261270 0.88031555753229 0.44277839676349 0.74822902135856 0.54996809973108 0.56853495287687 0.03521580504858 0.30446287032900 0.86718186126437 0.58041057200955 0.46494334835317 0.07917932654581 0.00772506641921 0.96050268823777 0.41691386637863 0.06650035339821 0.76538539232483 0.21971122415557 0.05497596749381 0.66250987994677 0.89253296277451 0.76346861607116 0.53755332691788 0.03203418126754 0.22710661349223 0.96426572742937 0.99959565144758 0.74428551982696 0.72349341894963 0.10673416431398 0.86561581327089 0.77229541829066 0.41442924790995 0.16176670092018 0.47768680638864 0.79360343668360 0.41613631512522 0.88867352054381 0.95626854863393 0.79777894785671 0.45006459295025 0.39768857868197 0.03542336202615 0.83948275230867 0.08318823188025 0.38438849683563 0.73482577033672 0.91436337566622 0.90156525894840 0.84480149245512 0.02709752222122 0.68116292375557 0.52302302049940 0.35918802627095 0.65074480613682 0.00501772971745 0.82112480805698 0.24028342335080 0.75489682793416 0.18584326883162 0.08848499515396 0.30492294406002 0.23490207031815 0.51921720881523 0.48837478330237 0.05926464213589 0.04479183871676 0.74557047243681 0.59597544397524 0.34984563584371 0.22082437973954 0.29659858232261 0.25821764159097 0.91681350788789 0.45860544469427 0.15250596688743 0.18011775086605 0.17781069680484 0.04351450616734 0.56708105843722 0.41180728185471 0.68974666891122 0.95355381036850 0.98689291171477 0.28845605537335 0.70295935265975 0.08428811827097 0.26589976518537 0.16654752953206 0.87927472662916 0.93505911494364 0.31840889196864 0.47501194882413 0.33608541688670 0.42703384113815 0.46644994512274 0.91877117405015 0.66606918662393 0.21450542089318 0.08686547293041 0.95913907262583 0.34221836614484 0.26849330993383 0.15470424657524 0.33677387986519 0.36295407659032 0.41826583302282 0.52732580483055 0.07384286494198 0.12791906263986 0.69899918934024 0.05280103617065 0.81530370385008 0.12186951718799 0.37961681151196 0.02323973684426 0.48184743555728 0.83872246456003 0.96585607010963 0.37768836680158 0.20829563076528 0.67464111175422 0.46631263152064 0.88821187962163 0.52286426442021 0.04083428693544 0.10379860241785 0.23718766704191 0.62535919955537 0.78575420035079 0.93780171134118 0.47921613925207 0.41222461370602 0.32826998920186 0.12867103687356 0.69277170534281 0.22735802505937 0.82580700539459 0.91204870068058 0.89931887977988 0.08055439504105 0.38940698555025 0.16189446258733 0.96061163846501 0.08994557030125 0.07908008573252 0.79248458991962 0.23988544810579 0.11558646303483 0.68316836631483 0.05130596771418 0.60501438267362 0.88108357930251 0.36948243069126 0.99899787281109 0.42405157043556 0.72245561002996 0.48501440275814 0.38544371683007 0.30987982869185 0.73805604052177 0.64423048195266 0.65216588898490 0.85968592329529 0.62237784708515 0.17156732393845 0.44220173115985 0.66415137911315 0.94815244766116 0.77669178232869 0.66246008655534 0.94109026197277 0.00018307071421 0.19073198761079 0.09800592434648 0.28147664839834 0.13264421571558 0.39130870765165 0.80659387352231 0.79721020074127 0.97996655237826 0.82965678264334 0.10496623679260 0.23746582249295 0.67582561570228 0.94675805585249 0.35658099474404 0.80019593617831 0.11961765766488 0.81347427848280 0.26985600590435
0.32009859415787 0.93206562034628 0.48874899512025 0.51834934665213 0.43347520204951 0.94535678033678 0.76029799240085 0.30590202461493 0.04606299307817 0.35488090164830 0.73178615028433 0.53245552577356 0.89989862904398 0.26979480924073 0.86839727022376 0.39815210353470 0.86906682328730 0.22414656312160 0.30867860705583 0.68288494587341 0.49223298617991 0.94026810708242 0.93094994938788 0.17040854783413 0.29783666388177 0.18289652920638 0.46903650650908 0.71194137330931 0.50330290880695 0.65577571734571 0.25360628827058 0.49663598118105 0.63169579023066 0.93061426196282 0.92139816262639 0.24530381090967 0.07245875830832 0.30533953736240 0.82163948228623 0.62999819844837 0.01454507100209 0.72903942125277 0.94948752123875 0.82247866632817 0.18419908907251 0.10847062332975 0.97944858134065 0.66010060428879 0.74034423849169 0.51378294159402 0.80851991776179 0.92838025245123 0.11004516508652 0.84252310155640 0.00854219880572 0.50526407371919 0.40219853896442 0.51650899593480 0.29986107870021 0.04917004509187 0.35579029968501 0.90443823410454 0.38397670325844 0.83936949728726 0.00709464586535 0.01491659053547 0.98916351150698 0.04209089793407 0.91851045664435 0.94942152556536 0.90090379016266 0.44170827432257 0.23559519906153 0.12936548857319 0.82365930636228 0.19437933079246 0.48548752213006 0.81582522161700 0.69966416774510 0.86527961059876 0.70870033802007 0.04052483138008 0.68942141210444 0.07118894007146 0.93860833071655 0.31268160744673 0.33369598047483 0.72433574421718 0.61778390136462 0.27717718459913 0.36008496471873 0.42133577479781 0.15117371442758 0.31693987380838 0.99138393067708 0.74886477192668 0.19443435249406 0.63727830920036 0.04075853150596 0.06117536189160 0.87920527050056 0.90715619131867 0.47259386460361 0.24995562423944 0.14280586727653 0.95338474309678 0.55566689647767 0.52937799808288 0.29070673387692 0.33346070620630 0.31623123468427 0.57047696975062 0.87435920966823 0.19277239579918 0.06746500036626 0.08696954023435 0.97615641031230 0.19765288195462 0.78453547069657 0.78666478404678 0.05536380624403 0.55649648455098 0.18479585631536 0.96132317337908 0.24612975639191 0.29078184355849 0.78747956107499 0.85917186938572 0.16336641196965 0.05843297855459 0.77509786638477 0.76448807386745 0.92084495170024 0.98590091921003 0.99592305733206 0.31891521827905 0.94089825708418 0.82793678060173 0.64098214584156 0.79968522719986 0.65701639432236 0.55518897757584 0.44875916405652 0.07269650934654 0.47288901219423 0.05974153799417 0.69274436454727 0.21413915257987 0.11923574569320 0.56750538976437 0.17491393506610 0.61321933381436 0.72039643377960 0.51803770152330 0.64488580000003 0.73230914991510 0.48557318533108 0.83664998964102 0.38845190871605 0.69702485602677 0.07437633682924 0.29733422071257 0.39836569592185 0.75761531249488 0.94157525965453 0.55314960229858 0.49575470417582 0.94266728038460 0.05313418169619 0.99799167045883 0.39958394561820 0.32804991460058 0.26764515537801 0.21621268307110 0.21768459513096 0.76691533511399 0.89025819762216 0.60167097211924 0.35489472713521 0.98568500846569 0.79286044155425 0.76047324665712 0.53391726931481 0.91446437265520 0.06345338036861 0.30060866598604 0.06375826506243 0.86804989700963 0.14448357372159 0.51752664126753 0.20562917651055 0.31344427753162 0.66105223413913 0.29904648092697 0.68355722658043 0.94003140259307 0.67146256720299 0.36313484241195 0.20120165549532 0.08469460919680
0.94921514717855 0.71954737140917 0.65119199317126 0.66837300190774 0.78845016633180 0.73251322725266 0.82633169976794 0.81607031656759 0.56911127017865 0.74310640473656 0.08880286193130 0.09842503606668 0.42596344186747 0.49431604523708 0.26171268503642 0.51667877035636 0.14988783238248 0.29862184825332 0.76920851609098 0.96756218210441 0.41123418878388 0.35690507639767 0.50145003374721 0.73689022188925 0.06998590460828 0.77612882928647 0.41795772299200 0.19087824811477 0.09922853298857 0.94919909938592 0.83084340266160 0.89476339877310 0.70102777940483 0.60651919286842 0.99898740152634 0.96432870192791 0.32969025149060 0.27375644376933 0.20391657784788 0.09532713060798 0.54530121224028 0.20501668591581 0.57012920254275 0.60749435265324 0.80153783037930 0.53129153609311 0.18708003437836 0.33330967293337 0.04177548008860 0.55414982417921 0.79594156170744 0.76199545529306 0.90103980607406 0.77502315889357 0.08541239649244 0.72714218165251 0.60890620026034 0.91286215353245 0.70878188365768 0.66503096212596 0.62039673215237 0.87470069440243 0.11547386984820 0.76596739170689 0.54722421549182 0.94125198850025 0.16721701915975 0.22988937386999 0.93163737085640 0.51517847093801 0.18999421250630 0.77052122212766 0.36960448521583 0.82190563726513 0.71190209280554 0.46151471241074 0.70635159010327 0.47052507955119 0.35705443672964 0.63709902575210 0.06553566576249 0.97458456482266 0.27305394273875 0.62164953872313 0.31141362535120 0.55738442043908 0.97429601803719 0.84891751621031 0.13009168891331 0.78004249187646 0.44497466147264 0.54595253440495 0.86392535498310 0.52773292488897 0.76323178754373 0.33526259230526 0.88913957905256 0.89586456694729 0.81307440751583 0.80669952522311 0.68459779976079 0.81961508120092 0.99387422440231 0.71023052719798 0.14413098763964 0.45421864553666 0.16172166366390 0.74497812800551 0.03594274034133 0.01656449165425 0.78582018647270 0.24733513189157 0.84322769907805 0.05316237337743 0.84388810994943 0.45086990002138 0.20427272509506 0.96500563356495 0.62826609825875 0.28995233151623 0.66817117909103 0.60935744522799 0.93821951345366 0.43196967567634 0.57735113243702 0.13188133081584 0.42700031881694 0.76765822839024 0.19318962957932 0.38974301748884 0.90390021124858 0.23548261976835 0.28508627600206 0.06581737509229 0.14875385027215 0.69366516192553 0.53999840054341 0.07359165233866 0.28447095948991 0.30767274172672 0.42977609847805 0.71743195258336 0.40519680776658 0.08559622061685 0.74487905152832 0.23534798661347 0.14961931325113 0.95291224733673 0.50492281482325 0.46734370637607 0.59428587178074 0.69555129005916 0.23528332781236 0.65546342537205 0.71547304166962 0.69848001401353 0.21370971546702 0.00879426913376 0.34862939367206 0.21023260233707 0.32744297588622 0.59720433037509 0.75307531812090 0.97239082339595 0.70310838422603 0.21370966781737 0.96120965769243 0.33928115579825 0.08932804440675 0.30239942482820 0.82102101189879 0.79902303453731 0.61364860422910 0.00496269038917 0.50679958675867 0.07811600474829 0.45239264199466 0.85475386303006 0.26708419941519 0.00020592077723 0.18795873050585 0.96461529480315 0.56944683171945 0.44789415008149 0.29641288924709 0.20375678567782 0.84497857826997 0.43336187321975 0.74696609657513 0.87194513208819 0.37854313701015 0.65135554245137 0.37623477770368 0.74235876990058 0.69774624346838 0.22414322001858 0.94784510854431 0.55386402521659 0.02979484462528 0.82396148476867
0.75759053015099 0.23792680875205 0.76673472598589 0.05432630131166 0.13356353996106 0.53884712078047 0.02689847852287 0.61046869316005 0.33556024280196 0.99386004939730 0.27692969615377 0.41650264116837 0.71175451205194 0.32701104285223 0.09900112792822 0.14696134595572 0.27736919634961 0.35522546387834 0.70467636953151 0.41829783227856 0.24989476860283 0.63381484346902 0.43340406691740 0.03637925784987 0.20598390515254 0.52450941310471 0.20783383803149 0.83659830154095 0.83507062855007 0.46425303612759 0.57468022620906 0.28699796706727 0.42915243340158 0.36866460573580 0.26707027583234 0.74782557034140 0.09749880069379 0.41953493127160 0.14376608471305 0.89245403333533 0.02728840472218 0.30133270958399 0.90465908475287 0.82319522677165 0.51417701187383 0.31981342483405 0.24357222656319 0.75080674221162 0.01031486381212 0.20522449226177 0.57071181339983 0.11482428095470 0.14502454032821 0.69484791988788 0.73160353511251 0.77376476577012 0.53401717647039 0.56300215055147 0.56818886251671 0.48660527415265 0.82143228109591 0.58068590753389 0.48596532451338 0.09105062805045 0.73583699329413 0.70999857262908 0.64311727058579 0.14211842041323 0.07875972910542 0.91303509665634 0.07082480236982 0.68298121436652 0.58991201409792 0.00219113281175 0.30731778122387 0.79236459499868 0.07426871804310 0.14368361059962 0.84856808565597 0.24533121363471 0.00133494161729 0.45653475595762 0.02912125814069 0.90665659234536 0.17185680128870 0.56375663611528 0.07653462026408 0.98328014407451 0.99858693969570 0.00260445420479 0.76201301237113 0.85229073779328 0.20835775273960 0.86968713831972 0.98688634502767 0.32099097852472 0.22323026703111 0.76084085594649 0.63254021443895 0.81006842186883 0.88045580965855 0.04801957765197 0.73537066293270 0.89004324730518 0.76521722859550 0.87497803930308 0.96054441794224 0.08680856914728 0.71510824520973 0.54312030513400 0.37626849163761 0.12760344197569 0.02182509462325 0.20510955161018 0.78285511119167 0.40423137720639 0.67253900472466 0.73950008429022 0.27187743891608 0.63754938705194 0.63819412038936 0.01170778352607 0.67625771199172 0.54309412034144 0.95268526950330 0.93754237758598 0.23925345038359 0.82346129588800 0.19337996657764 0.31093998890857 0.79325226088112 0.98817881778915 0.38567310711914 0.42547517133515 0.86012044203991 0.03718437319346 0.88227548760018 0.58593589842575 0.04300449502127 0.82611795855850 0.14572960993555 0.72837476440611 0.85068004920784 0.78164348742481 0.61798742890761 0.98751330744778 0.46719354301881 0.72773070301555 0.45442176854119 0.86110397957999 0.23209802514366 0.03190191167294 0.70747604065184 0.61713941851071 0.94084777942362 0.95476454520114 0.64080917306679 0.62670669438357 0.78386410214555 0.32503028557454 0.92172598999438 0.78666472991394 0.23559570690642 0.56325434184017 0.64994399126336 0.55754172566836 0.68444762728654 0.39469929226380 0.26945104518786 0.61721941059118 0.64790490637103 0.88605274338192 0.77254700548789 0.06203050363333 0.11500558777190 0.09068795543112 0.14477150192200 0.51110306670041 0.23421610217066 0.21813293374959 0.83791221044743 0.95061055700619 0.94157218546997 0.28871420109805 0.65033757022556 0.57580180196636 0.81894951956419 0.18396628406038 0.25411911745581 0.30876626440080 0.40590152352448 0.22675499578983 0.55846058592154 0.81892505539125 0.14371066714429 0.33962179702338 0.13271841217493 0.49096203751088 0.66985818783619 0.12021730739323
0.38761789485326 0.30830680174227 0.97392913669820 0.74585272329591 0.86852037325726 0.10830719802260 0.50939422492358 0.12217210373901 0.22021160750113 0.00378549066915 0.99410860639238 0.98634335881922 0.31274678399039 0.52169846292038 0.93056022151672 0.76298921854813 0.68183816341551 0.81734335315408 0.60563665620595 0.46128105282770 0.77957475325270 0.42400286312861 0.12597604805765 0.59416356045973 0.69639124458811 0.81967870707122 0.57189645449359 0.32442147919024 0.54663141210961 0.24900816301905 0.74719629617323 0.03467331321659 0.43287800929337 0.56628032179030 0.76248799872017 0.96138860376689 0.14841315456363 0.55299619434896 0.98688628675071 0.82906118879269 0.18350783186549 0.77016664849720 0.15592169947056 0.61836153187144 0.89594220883907 0.16086135890360 0.11728557768620 0.61897603486317 0.02823355588531 0.31831736655380 0.63063713995580 0.83974751882726 0.70295500294888 0.95160614879611 0.68119403318869 0.92549648841912 0.22447103555583 0.70569688640555 0.92403429253700 0.36850400288255 0.57984292782439 0.03519979326127 0.41177697363044 0.47882041981983 0.10818405226613 0.42530706386040 0.51460082497499 0.88783802412299 0.37974661361452 0.63641655072740 0.34746736592366 0.59834052668402 0.09972154793708 0.23329746330110 0.87439883722282 0.86355516054457 0.88629710973844 0.06884674312915 0.20749946614247 0.72466646471877 0.62996226394121 0.08143650508721 0.76198441544557 0.36550801118926 0.15375275944076 0.17812255757311 0.79818592741196 0.59991596981055 0.23333886640889 0.22503775037563 0.73034642058951 0.14390308860850 0.00185427275620 0.20991648048753 0.48149339626610 0.91611637204661 0.41965953372179 0.33028434281389 0.31391699932861 0.20736971326485 0.51326448755280 0.01906476477931 0.48035360868569 0.93617155872650 0.69548362114120 0.95305206057101 0.91895873337548 0.55209697896613 0.86099442964397 0.32802875691439 0.35845736110906 0.42720899361824 0.80392222808760 0.43508818419640 0.71133202428160 0.39899598798899 0.90901460237512 0.93239286842456 0.71002359141754 0.91676769724867 0.67415963974144 0.58869731798601 0.02603343603719 0.12705465233487 0.71044412671355 0.86818805425534 0.59183782844080 0.05875396804337 0.39505403774927 0.92207718982924 0.85308959975110 0.88627512949236 0.97993311887269 0.78893295230283 0.22758321527598 0.92785655907199 0.97593378436986 0.26697783076668 0.71595186669302 0.80650969636429 0.04702518101214 0.94166028178838 0.52623319764285 0.01610453099591 0.85178802641691 0.84348772842069 0.32737747511928 0.32994087681148 0.27242234712799 0.12341723024544 0.75182839990978 0.02286173699912 0.09655211188653 0.92820313594191 0.89222352814865 0.53017334021226 0.64184848849524 0.38914152848928 0.85718212997617 0.50206721012936 0.98099807886080 0.36719771063602 0.25383365996633 0.81546957450044 0.57024078125173 0.13684810201336 0.52726329594629 0.33485879950141 0.50359002953211 0.32540786541880 0.23249217790811 0.21556886994039 0.98455274877347 0.59756933363979 0.17297418467308 0.18952295256163 0.25306565793800 0.51716877067890 0.26432522162031 0.47054141987435 0.63980443969110 0.24102359338252 0.55231852164436 0.81851974448562 0.76717529460708 0.93599831902396 0.01604750713478 0.56384513277360 0.33923220254050 0.18566435115672 0.39523523143605 0.88247178811560 0.14673210619950 0.59592026929521 0.22160885074537 0.48640769429939 0.53045533215621 0.83745648980219 0.24083745025975 0.71877748142446
0.11437089204912 0.07283078315112 0.61565435683569 0.97361361507392 0.08973316470546 0.55071270854730 0.23666011576168 0.01876595913176 0.42356801628946 0.64465344062653 0.27573149629580 0.70715538692021 0.40205661288278 0.69820008801802 0.19824400459518 0.61640751290601 0.08772441308956 0.30924305553074 0.27122321495836 0.16120687893053 0.31241075198907 0.49137184622452 0.14296897453859 0.36452304254993 0.28896326195735 0.80678821052075 0.64471638838064 0.80176449606998 0.99944159388829 0.76567389546534 0.10927519041333 0.10444622281230 0.73504477573330 0.91987689297660 0.72950891864711 0.54446448678295 0.23719916754646 0.82671507577069 0.79168986022972 0.61162997955016 0.73969369515037 0.30446145689417 0.28298423375125 0.64648612788060 0.96990092373876 0.41219262329500 0.15856415710199 0.90465932161220 0.88866450942077 0.00440854561842 0.34016657710299 0.32974676809968 0.16577773474921 0.56303891809673 0.46711355242203 0.42096456152441 0.08321818561046 0.16487664084533 0.61848683367487 0.89131559789711 0.40120540759691 0.59047806208240 0.35764283868029 0.19616045243743 0.89781571542220 0.50667830625934 0.36349583104231 0.16826578900064 0.74605366338254 0.95106905846682 0.10164171056240 0.15938503751301 0.89347304507114 0.54652022803212 0.25654648624842 0.42263667007400 0.67746674772375 0.00377175667559 0.91746561477598 0.19952669042330 0.13637306396747 0.14360804458472 0.20069471035186 0.98092397561987 0.23658686832473 0.13226422658205 0.27655981352575 0.96990962508578 0.99206192160255 0.38876105147178 0.37316426906454 0.33934580128140 0.19769726238474 0.89857323307853 0.33742543939673 0.99192306426151 0.84229997572320 0.74678764142835 0.41106540788789 0.56788845621225 0.34581972336161 0.03214712592925 0.94823136131566 0.57920332726980 0.28030686162209 0.32839991473960 0.04111261247637 0.91588239603072 0.62278066874985 0.72006596225463 0.65195417441055 0.94700324848642 0.44729260568185 0.28120362212743 0.47057841216118 0.61506913559824 0.26269909751986 0.61279114927813 0.13941768449010 0.35933202930657 0.27360330755645 0.45147468158139 0.50682034993547 0.06840394194356 0.31855076990607 0.77408353711250 0.19106838927309 0.23010687900523 0.95588301619089 0.98989345830913 0.90720121360525 0.83755995809150 0.31425794464012 0.50823983046000 0.72273833828787 0.20443970871495 0.24810328469532 0.51211459142624 0.30085438838917 0.76920438399468 0.51385075400844 0.25746803243676 0.30304027678408 0.30961787919944 0.13009352288311 0.84589413505281 0.65076418680647 0.56322407926336 0.08260475693875 0.76204124942356 0.57490566862051 0.51091565213797 0.12147441817542 0.93712841451067 0.39704513311040 0.71157445886326 0.21426275530151 0.67806987508512 0.65123321735561 0.05550174014072 0.14406338143216 0.64333431840877 0.04065835455927 0.58336567060202 0.27603641794510 0.91527782729429 0.57275482273731 0.25490326657868 0.34506591208506 0.84901649830357 0.24212227680818 0.40888700012467 0.21381936531341 0.70424554047511 0.37137546456825 0.22448535983267 0.11039152636446 0.44891287906951 0.57634127630402 0.43224789200571 0.00793988052942 0.28742782120195 0.54967893944663 0.23098923220616 0.48879343126039 0.91236105879460 0.50611287008719 0.62340673379220 0.77599208898551 0.67762636944191 0.41150535587787 0.79316078679751 0.66339144440286 0.03284236662299 0.17251158406158 0.74549935352712 0.99654888130203 0.51063282002495 0.69353482175192 0.02495999202307
0.14951585948334 0.88572441206299 0.85008130569130 0.83384740173435 0.56921693771770 0.22747922577980 0.31395715091008 0.10672304284493 0.26452936263880 0.26635955391964 0.60906904723172 0.05082582952212 0.56943105386468 0.01436554627545 0.35239907056222 0.29680431537849 0.30175672774331 0.88515221555838 0.05083103364286 0.93641207630635 0.55383114756297 0.19933296729839 0.10260243319421 0.55712071419384 0.80530878159456 0.99382944511639 0.09213936332677 0.47746276487095 0.42765339218649 0.29326297196419 0.22302587075147 0.02526919044485 0.89103694995505 0.28351910288124 0.00909718685987 0.62850005782225 0.29974488164061 0.64303843112624 0.75381043378431 0.21294108320803 0.44770877028051 0.31443692070601 0.80027892212384 0.67767693254226 0.10239625311824 0.83577959267498 0.07402920231630 0.52282729174878 0.58098117245993 0.74314905631717 0.29581386244066 0.45336056473968 0.13002031072373 0.20526257495332 0.28773701100490 0.19120008577410 0.57836160117637 0.23822528741565 0.66268591143740 0.70972535277946 0.25335049618896 0.48561974750076 0.22105095454667 0.43102386673823 0.28160353035496 0.62488694745830 0.34499375770013 0.91341086969511 0.95607148956112 0.40262681226781 0.43437270811744 0.22623403613676 0.78455700514020 0.32689995620196 0.75141667801476 0.87253368564210 0.38749447459585 0.33165259025023 0.44783900083216 0.01379008747588 0.53445412597506 0.88764270548019 0.33204804866024 0.07326237409973 0.79783351956333 0.44717181274721 0.81559872528537 0.15385123586842 0.97269503370046 0.61323691975209 0.63689444701756 0.28291826982095 0.17213812882931 0.31285414761337 0.03003094873891 0.30117757132448 0.13563226366602 0.94767000425921 0.43795338067173 0.42436671317451 0.22549223626017 0.35930930476059 0.41607585925734 0.05675512645618 0.03260232406626 0.62569145551082 0.58302959986357 0.35938850715996 0.99109038549527 0.49941335014182 0.92012125696858 0.59874003399330 0.58574380074096 0.93302768628574 0.06817867851794 0.81568499059447 0.01813847994223 0.25691649315502 0.24040274466259 0.17758424740494 0.03804401739893 0.88033884318164 0.15405863632751 0.63514824515173 0.78572692944997 0.00514003264323 0.03278269911298 0.68612353949441 0.54678393237825 0.32446116585570 0.81692423058009 0.39673213175811 0.02623962343241 0.12146802742482 0.31814193730803 0.38907487231804 0.61878785410309 0.82201674800297 0.26110645786061 0.99036482465191 0.30060225498097 0.94730799573617 0.96890190001861 0.29800493235341 0.95575939957599 0.13438395499924 0.51816221324627 0.77773250312017 0.58614901228928 0.24639446649856 0.04530690311249 0.13475167607548 0.75262769058089 0.08270224004029 0.01564147295542 0.73871443711551 0.07474439485141 0.25989629040395 0.42068192624186 0.71906510308456 0.03539774523712 0.95632413437213 0.59352989063942 0.83269730104829 0.71262145659235 0.32841145190926 0.65199889205829 0.94555177335804 0.10939467136852 0.72176392303240 0.01571264511350 0.96219797457802 0.97669009531258 0.33167153943909 0.58603450088020 0.58281906758576 0.16430656010855 0.67976110089118 0.16075435204747 0.87116710406610 0.97438486209541 0.33890020119774 0.99104883626269 0.64278061090910 0.90147159107361 0.92605186541694 0.43861055781351 0.74324812944779 0.66797322181932 0.65663323351618 0.67460978279362 0.21340483821402 0.75341614451246 0.63309242588965 0.31473186216138 0.94546349220772 0.43391833973649 0.02842151743968 0.78052799672783 0.09187519127031
0.75312467018964 0.57073784927020 0.90878866990696 0.39397885869594 0.74963063210883 0.39966234165913 0.32600567228627 0.95446089415894 0.66187820552575 0.83157227729161 0.20628093898967 0.82420853104823 0.47402355503759 0.99638135538597 0.43359756700999 0.89612102159996 0.64114202032304 0.10522021235217 0.52766896173923 0.01746075979738 0.88380098769903 0.65804519027443 0.81048021369952 0.09358602395318 0.94612263288042 0.67012740186599 0.42010517544376 0.35739029193356 0.45698772624318 0.24495132087290 0.30521065883277 0.84457892912662 0.02451062135163 0.98120778507339 0.41183644568444 0.67146409934669 0.27818912281131 0.27700232266554 0.65794809839816 0.97336340638857 0.84003228027538 0.13544901976401 0.47922329257103 0.09197053267507 0.36939564975846 0.11713340806310 0.56265951435221 0.83321865977308 0.81409205824561 0.45846229709521 0.61421839101609 0.17042582087838 0.09141956834437 0.16675438530034 0.01532936286137 0.79804246666169 0.56251931001377 0.64699341105933 0.94043014552566 0.87619652119540 0.24540935876894 0.92897614383691 0.44149793006499 0.91332915388559 0.68323915815349 0.92220627952901 0.15581002319147 0.20128424138322 0.49120296307970 0.09560705728283 0.19290710840409 0.37760097774506 0.13176377777606 0.17558750845774 0.14478094384935 0.72345437492015 0.39627287459527 0.69312939573272 0.64940057769752 0.76657497329221 0.51153596208925 0.06512190975372 0.37833260232881 0.87282179272382 0.86305328845185 0.66635520027909 0.63580160460574 0.51363802605313 0.24767539075690 0.14894710263439 0.30231593353647 0.49270084464112 0.64393719066010 0.91492607404110 0.64076143433941 0.14112374043819 0.56142313330153 0.55550948700245 0.10117504551754 0.63076756022506 0.27803959126196 0.62339648880623 0.46864352849651 0.33400783232920 0.89018647855938 0.38788307821668 0.05904155109965 0.77773620148170 0.86503717974883 0.05614399988982 0.39067971950754 0.94518663746692 0.26080418253652 0.87931354140962 0.10363234619064 0.75270719340439 0.33689062735188 0.54257688316959 0.72832254393509 0.93942166808906 0.53140473551051 0.65407259856661 0.33935068619422 0.45105784492050 0.50819041706525 0.11028998897593 0.19303880833755 0.06617819160199 0.94522640019965 0.30542904885653 0.07465130001378 0.36992138593493 0.23520388179261 0.44446101226943 0.55897100350358 0.63086145898523 0.14546168096777 0.25842014798453 0.68250122960733 0.24209792916625 0.67873231103605 0.39667487002513 0.71685700531125 0.97856412153054 0.24342575541473 0.09622293993939 0.31016245078619 0.65697131490302 0.00274649048625 0.18716194275118 0.71523257403016 0.32132733003960 0.56257567272372 0.89646666288824 0.38916860328123 0.93934192442067 0.47488122134028 0.72629968568994 0.27750971815928 0.42185640275926 0.21648724779275 0.28599034004615 0.53831548829700 0.74961951893705 0.62965118498954 0.95288277256244 0.62315112272381 0.75201504733235 0.93587349402987 0.56058850152596 0.05424196212573 0.83057737528560 0.42376620902470 0.10193257394154 0.78321705620591 0.81450515643031 0.39499790278629 0.58862889783904 0.87313333860123 0.88166722357569 0.80331306606019 0.34235055098313 0.28546190872420 0.90120663088406 0.66348676955228 0.37999143602250 0.68145017917162 0.98296248602210 0.83170156764536 0.27048130894597 0.86553418473707 0.86266443382682 0.67099446837271 0.17052790346603 0.23454197753918 0.98662585717691 0.27489406273652 0.51510799929904 0.01171898708411 0.96532271389167
0.71698541024113 0.10186440828954 0.93148754235834 0.09888275053614 0.12099553141179 0.07564164569576 0.13471784904167 0.46959845763660 0.70344428185340 0.00159299586110 0.30315685857160 0.38724928624718 0.30327869720319 0.93626715373175 0.59199465651468 0.89121700956928 0.16782966285167 0.08928045774346 0.25237887632391 0.08827884479359 0.17933799597172 0.17804228427940 0.88747156816782 0.10868153183917 0.49215939016749 0.46124185376388 0.34377075881191 0.87510539648609 0.55671057871536 0.71789873572193 0.95653950958588 0.59046485487831 0.72980704593704 0.75321146618853 0.00152876621844 0.39927167727911 0.62780752087323 0.32692872925372 0.05817208781267 0.35445147426687 0.09752838034598 0.46366474546282 0.47808826192543 0.27705774582653 0.86890677381490 0.07773390713253 0.32953675565573 0.01865997642496 0.86306876582317 0.67539543643323 0.38558201647325 0.16189398098879 0.92975479423620 0.70632403369911 0.85722210383046 0.53363273796429 0.07756789311911 0.97212129135971 0.12154681657568 0.40830002711374 0.17322773195228 0.47958786890787 0.85361799952442 0.94197719368149 0.73467069690247 0.26296337891232 0.13237344870381 0.04256379628013 0.23116707636541 0.23814895150252 0.01348187807724 0.92149946775651 0.86371229183071 0.62803466065926 0.68733691259047 0.80827123367847 0.96620377617357 0.67248945875906 0.81304418724083 0.33263646545824 0.35271811024060 0.98912907361025 0.77020309521869 0.99529679923455 0.05841967115025 0.93818387101285 0.92939524852799 0.96321905196793 0.49461725768612 0.84135678399878 0.27549860416452 0.66051975670976 0.88901399536768 0.00265055709271 0.33335515937890 0.44916713834478 0.26517152042961 0.30159182590683 0.70686331317578 0.67168344827313 0.46011008929903 0.25343039732202 0.75285428411707 0.09501946855959 0.26768622033473 0.03786169074276 0.04285603534403 0.09006918158430 0.71373340575692 0.98490723478170 0.91318289395278 0.17543887545060 0.11791264256494 0.81990107055502 0.30094070901585 0.43997807688831 0.60961833624022 0.78480235706335 0.14358264037978 0.48209144736096 0.85409250497802 0.03070716533484 0.76376115610322 0.65436591113202 0.43106584919468 0.97897935223751 0.59825254155076 0.87992031349787 0.36031509472469 0.01308843271577 0.87415647568089 0.36510502984146 0.02579978027727 0.34962173110148 0.31086198805586 0.27234670698789 0.94489591381522 0.47289467228385 0.16625034597995 0.58514598311943 0.57653877045011 0.05846095953834 0.66857051954939 0.94663561714676 0.99151465834229 0.34908419069549 0.54743699781861 0.94724756000602 0.96926974034210 0.68543477486752 0.48325496741625 0.31050895989059 0.66512521091356 0.36980690256102 0.93278107013739 0.35458577259865 0.41840073385745 0.78444665097541 0.01202345783185 0.70841278121698 0.60540617771434 0.32147862773127 0.92373277063268 0.72471972241394 0.88336787557191 0.97780504941854 0.26862244905822 0.46841695563647 0.64599908023447 0.23008074261043 0.23291087144663 0.11321053143754 0.91854397848486 0.93427984159806 0.02955235578187 0.97674440344435 0.65054422883187 0.02953553751518 0.78188793691179 0.49032944940450 0.70870094056336 0.87470867725270 0.62723054596834 0.50961188893888 0.04387432841611 0.30159795723161 0.16099311144408 0.01239654692136 0.85752410002532 0.74270651972071 0.83768987683462 0.40781323083889 0.22864231273031 0.28854910014651 0.90023692920808 0.47857630642425 0.99048195953598 0.48095747148664 0.56880229238037 0.38638008083898
0.36532196233905 0.95548105359144 0.67446645998786 0.13524039087159 0.54314550056048 0.91817886460481 0.63383095588026 0.10591699645436 0.29858114235017 0.59557754619501 0.18412618048049 0.51097991948924 0.36622443601927 0.02132632891706 0.53625634840752 0.14885897371522 0.74377346558641 0.07759813430359 0.33972875523354 0.76519638944444 0.05664145695587 0.40590501089984 0.96537995749975 0.95036995083745 0.65865591868607 0.81397332426954 0.85156496414006 0.40147380971850 0.85800005217822 0.72211799547877 0.23141395715126 0.81079457628379 0.57700169669819 0.57214081566552 0.76429838248478 0.81520715711877 0.49943846236497 0.04677996183826 0.40089538960565 0.85254115653099 0.55709268096097 0.32829750129830 0.36057683787941 0.63497008375611 0.71115830150173 0.08668489056501 0.07399978947022 0.26165983501975 0.65468577452924 0.07072801767787 0.77712640723457 0.84817748329434 0.95891303508666 0.14425752864128 0.38142959348493 0.99607799453014 0.28746725162775 0.09824971730964 0.46268115290517 0.02734457244751 0.47649886774303 0.87551106414507 0.33549085838022 0.33322960633580 0.72238302774661 0.59070843112559 0.68526391129751 0.27297415897995 0.04500701587457 0.64296604792724 0.83713364134297 0.44259294914583 0.76018863824205 0.09252953209419 0.17727182641687 0.30736878947616 0.07736704915728 0.15462559886774 0.70748643435630 0.28670487255422 0.02208114619009 0.61691286111974 0.18944872942703 0.07890124634093 0.14927214530844 0.07999499090189 0.25846477256021 0.28213749657630 0.35177961047597 0.99276498052376 0.39781299420380 0.79499634946027 0.39951622224156 0.03778774586528 0.92799436467713 0.48892962621266 0.05939864294514 0.66416606359953 0.08284818402131 0.24417060042999 0.20224566224813 0.88960122579166 0.44577966702819 0.50183896207390 0.75209658224457 0.54964299288055 0.71339910088655 0.47923383762002 0.94621233629810 0.56841054257045 0.88838835888334 0.78139609624962 0.40000466780981 0.60287286387935 0.50475367031177 0.93513187755202 0.99150767131104 0.43754216088555 0.32571416015185 0.88291628359236 0.42796467736249 0.24446732136285 0.66241819399938 0.32398493278181 0.00685727060480 0.79184119573253 0.62385610302060 0.58704002250446 0.60668081405744 0.51995161286979 0.34468133690576 0.53668871481452 0.73542963009933 0.90412729773239 0.66694581829285 0.02468265366773 0.25555622131023 0.23507560883046 0.59716924839768 0.89488610205100 0.44943054270762 0.80939960806610 0.19462812322328 0.12782799879170 0.74069518778409 0.58390709964049 0.02350417890258 0.57448758782391 0.28761350623551 0.55220171635992 0.73691139371528 0.51763781595515 0.51047701264890 0.98894723074515 0.90926237823339 0.77253147040220 0.39388935344136 0.66915300498262 0.05733962386842 0.04167439341387 0.93609754164658 0.78317586221108 0.72411149508458 0.61859800639046 0.50554476168411 0.86891908780958 0.19017432882644 0.25801479767614 0.64547810994558 0.39630255170387 0.84376032980327 0.22596240021633 0.65936850181101 0.90828344830095 0.64368604760271 0.57355265043593 0.61939365296689 0.29520478663869 0.04417574736430 0.53977823274509 0.34684172971270 0.49119923492928 0.58469369266768 0.10770334761682 0.88758566796887 0.76734522440224 0.75522148474894 0.26451234961519 0.51486166214809 0.97861862731250 0.22459030028691 0.31802141730765 0.07128012789439 0.23330768344341 0.98551171613836 0.50613678639207 0.34353344813372 0.71819577297738 0.56712076003589 0.54184105012731
0.39801702651732 0.95176083764882 0.96331173436724 0.61446889022165 0.56152021971026 0.58407684350575 0.10295752022046 0.25286793209473 0.99051372578639 0.49403955581187 0.67230359705793 0.26122316563557 0.40023179865903 0.24532775963244 0.34543274006998 0.54020485854474 0.60034682150018 0.56471804985167 0.72261339370406 0.02735593858094 0.66884646452279 0.46381335019280 0.93178302580513 0.43488250746639 0.00241342475688 0.63636450014570 0.60408848254170 0.30449001556326 0.66675104336269 0.59738248090820 0.88580459817149 0.40290942957561 0.26802135089368 0.83101675985910 0.58170701672585 0.81319559588536 0.97173305276629 0.84046571670707 0.64437245084995 0.94196137722967 0.65613752157298 0.82701168320439 0.19475279866268 0.07326881984590 0.13382417659892 0.35515664881474 0.71198566369042 0.25596760457990 0.66813362925784 0.98295909468674 0.17806564568951 0.63307018458232 0.85842958717963 0.97663693012733 0.49008871581709 0.79795413714303 0.50528537887460 0.74046425242340 0.44475336314583 0.82807356523622 0.56425704265472 0.29014939667293 0.55789550030977 0.48716575098019 0.23204004651113 0.20203500813887 0.00912184749125 0.29569828154466 0.85009673432989 0.98886328260741 0.94394109218645 0.06350880908031 0.46777502595001 0.68178569188380 0.47485665461069 0.16700882453904 0.86326627506039 0.15263103200097 0.83293963759058 0.71319703666346 0.90777558151433 0.77713298688949 0.93088912395554 0.40356656093097 0.14904651934656 0.08404281487635 0.20828937669944 0.41467540272318 0.25026652855334 0.49172035992634 0.33577522224659 0.50003126172270 0.08440326030664 0.33408467284702 0.34881060766897 0.23023015629185 0.27456772454515 0.38812732452410 0.47469894552045 0.14864492727428 0.96917411436776 0.86082909945039 0.57006951116669 0.04380902606636 0.25964717440982 0.80739685131363 0.82859955890717 0.82049437185658 0.72600241786772 0.43544422462928 0.77911062977039 0.56306733722410 0.59937558146742 0.35485982054802 0.60501014574579 0.09141793076128 0.61802154818775 0.14314202778492 0.65857341456916 0.61862750405339 0.46279918514136 0.39326497468296 0.67817984163506 0.96310773740228 0.91570908739415 0.21489511326175 0.51108913512221 0.32063459199877 0.27210322378843 0.59429927077325 0.86722824504887 0.68485978834155 0.26530624942850 0.94176746967760 0.53599271041518 0.69868712058935 0.58478053611201 0.57623403095644 0.11735401650048 0.22791172202056 0.93899148119956 0.26612469024276 0.65910657162701 0.60687895962918 0.64674201758633 0.04823502102774 0.01802552102926 0.42745038178796 0.40917678193214 0.89382993929911 0.05863853260151 0.07468376919792 0.49160916411818 0.11564110980485 0.40238825624324 0.27795108972715 0.50248750357058 0.77198081580442 0.76292669982024 0.91141091954554 0.84975490125975 0.09837519367488 0.45168386419449 0.20406928541970 0.77457202003549 0.85771033802113 0.27251244316170 0.55480320908546 0.55109575961351 0.01210058682756 0.03305157809714 0.60626398930246 0.92087739917029 0.12817533571082 0.54709502515522 0.48001855464066 0.46141503704293 0.94045013950540 0.36197188067265 0.95054495569264 0.07395543998871 0.81829604120740 0.74520692959398 0.52891423843019 0.41069547168014 0.10899828473724 0.32103313413020 0.71795526410851 0.22269979771317 0.41742841988847 0.91092231706955 0.95250545233858 0.75361400634502 0.12010002251850 0.34555313299094 0.36745629936284 0.24709880911606 0.21523871866907 0.42997350875195 0.90097741472748
0.97186285882495 0.26091574951189 0.27942715763474 0.83466244827879 0.23663020550925 0.98014796317088 0.40095975548805 0.64181727051425 0.17399098472524 0.33248116168533 0.00668150585932 0.84058445964303 0.80089043179732 0.73585247863208 0.45006101528961 0.59263853530293 0.78598222621661 0.40017077452454 0.53192159286022 0.61914862877874 0.80119320004525 0.71657155430883 0.52315806296589 0.89903110039827 0.51845718568938 0.68832307641664 0.40669896115805 0.70853017265028 0.79136377690233 0.53217571120517 0.73723215611838 0.69954122385151 0.49103100066371 0.61763754518248 0.71437716752017 0.25489049457540 0.40936112646184 0.08203966186991 0.72995936749846 0.73971634198843 0.98243599648507 0.21992013933454 0.58281132692367 0.61917980936776 0.74801322817985 0.93267821383671 0.74507684021078 0.02230384969079 0.48237729517843 0.00914287619794 0.00966270845065 0.77877707627514 0.56635413675660 0.25543612425122 0.39163023225027 0.48599871983266 0.63620426281624 0.57815670173503 0.24485756156446 0.68102277315344 0.19752647393956 0.54191652012539 0.18112120968624 0.61202773980858 0.30129379352645 0.18698967523121 0.14865947066936 0.10650510062628 0.69525975739784 0.10743316790298 0.43246483494411 0.94395670976538 0.51239908884066 0.66026423591473 0.43977322122857 0.23763271386935 0.35922910504307 0.34103826650111 0.81393305601580 0.97461346328005 0.27545004127325 0.63109472607580 0.76916733408675 0.31937395463166 0.24019502283353 0.70295832490999 0.26291380193017 0.14803086523227 0.14878208216226 0.77818490573011 0.56744079692941 0.06398411501274 0.65943841379107 0.93618780797819 0.52917916206297 0.62847454451883 0.67562114059116 0.27147541074952 0.72505577847132 0.30245310352832 0.27539728575509 0.49495873005595 0.63569785495500 0.47508670880810 0.52251099320473 0.96761860322788 0.04723015935247 0.53191166434335 0.27305196679724 0.00687014719458 0.89556073697086 0.35413966181246 0.93503163808779 0.03915654390743 0.01817725614155 0.23126073453295 0.68330271307635 0.67783888054469 0.49584314026769 0.15891956143800 0.77311655945358 0.06083707134363 0.63519607772892 0.13476561547669 0.66027836977390 0.30276920216769 0.69453419805993 0.18005619644746 0.83452374912641 0.13993150459097 0.77546422570579 0.51322342250281 0.98100857553950 0.99880266773682 0.72032232051426 0.20819898240261 0.96147865617892 0.70351924521305 0.46524852185175 0.21394228821709 0.07329889200517 0.99152059528826 0.95292797736243 0.50741689636593 0.06615005226286 0.96348934501658 0.43419362252113 0.45168367658373 0.25090439569424 0.93196047101046 0.42928464807065 0.99318820695926 0.06191582756888 0.26735624604385 0.78389445055739 0.60575239319533 0.98163665990021 0.10750530354101 0.56347715864649 0.62918961917331 0.47830028637254 0.86643284411357 0.30235830737579 0.85861479505066 0.57098779024746 0.11656023160631 0.92970936885271 0.65892969195594 0.99445558461155 0.36716033557426 0.13618327738016 0.86113977380677 0.93083462418410 0.23678429622190 0.98392375985050 0.48793010706970 0.83380119481460 0.20908519813654 0.67000718382661 0.63520367272807 0.34646215916095 0.59793781134934 0.02179283912620 0.50349356654689 0.20662555955846 0.34361906106946 0.98649164379560 0.56131542823483 0.55366832038826 0.65576760229648 0.69729234019519 0.05386940739285 0.32898911651800 0.58054365352490 0.00615248009974 0.36379813928957 0.59945778874668 0.44937470933445 0.37977737952783 0.76591578729750
0.76007878849945 0.61437031779369 0.69436295122146 0.66441243035552 0.96498304623428 0.63532017146450 0.09129599098339 0.93647508676564 0.87017746800279 0.02946432395168 0.82733748219391 0.61351433243932 0.20313398729864 0.48135040468016 0.42307313675073 0.74491789470019 0.32927751128129 0.09866965187255 0.74586113961341 0.63163524132601 0.59678309782667 0.86313005710797 0.36338040627921 0.54890211652532 0.55014567495126 0.75488208748769 0.52320789786792 0.70192174903489 0.81961868719088 0.30275700309496 0.02591061173993 0.38680517966253 0.90990174800190 0.53384153758309 0.98123685019147 0.03120053859726 0.62930669921870 0.71883865676678 0.38051377643837 0.75800054388096 0.40167448062497 0.79786474259469 0.84079879625203 0.61813635452172 0.24445896950936 0.58904344964745 0.14704831651070 0.44671483485968 0.50242747880926 0.54680940209252 0.77924101097086 0.85547092578672 0.96253304235637 0.23265559171040 0.06996986076442 0.91503697411780 0.99844029863305 0.87746805593566 0.11155875997231 0.91230538026149 0.39851246419774 0.29200860149160 0.40583110666529 0.66850092591839 0.08173009500045 0.81352146927026 0.32174611008311 0.79676000538809 0.00913795992067 0.92540353583310 0.74721930762645 0.18217797232815 0.16895049926025 0.35686229426285 0.73017304432059 0.44962476437515 0.98139667365412 0.24147139252574 0.16259629246996 0.93070406010106 0.85443678355090 0.55041523485852 0.21930649108872 0.17473726270770 0.17206511605944 0.62257376351829 0.15204416597064 0.61909744749400 0.03605367307647 0.10945021438733 0.66716282014784 0.01560409289104 0.86970468898133 0.37598606924195 0.96904681743711 0.48939655535292 0.90778732790944 0.95729906682401 0.44828311647097 0.55661794865806 0.17117413982387 0.79966572843832 0.73338500182053 0.50302634398856 0.47070046387712 0.77994172527929 0.29450633208530 0.17094066631278 0.72844795575344 0.59647385329138 0.27442886460850 0.33061485635194 0.82422624754336 0.52439823674330 0.69102663142393 0.34912048200880 0.76791236557296 0.33130170152888 0.72326122857067 0.90148730866329 0.85428965105437 0.14965952797998 0.12837577029911 0.75561978026676 0.32877811355592 0.63804235296355 0.99429405217813 0.55789996084659 0.06458047674553 0.93205402943816 0.51213722191477 0.31472902027902 0.23655657191085 0.89501447514940 0.89389628611549 0.68137216356638 0.55657922579335 0.48583111471826 0.55702040770016 0.86825162316792 0.53252334840332 0.13965616712242 0.05920122590735 0.65946127637679 0.40347124359092 0.08757099672918 0.94283512179683 0.74460449278928 0.43047076448482 0.97136306238101 0.11541203368158 0.37176083251282 0.01058823954364 0.80753576755429 0.37668519961954 0.48411404011498 0.43005973916947 0.88461570766804 0.87897066299363 0.12319305862133 0.42161191065013 0.78323503946194 0.43369794794926 0.61004684418313 0.54953591273722 0.87898504336398 0.20693564766369 0.82999935867480 0.81497189373054 0.34730381935093 0.50215026063974 0.30900810192311 0.64605579260427 0.27702447024253 0.20024408558290 0.73590975038935 0.75580754447072 0.49401205806233 0.48589756015948 0.00385338636499 0.59201706779797 0.26004444972431 0.85399026666074 0.12957652977988 0.81376762086769 0.63375561871307 0.04010973113214 0.56940503278595 0.17942660892518 0.95070905984268 0.87112001131717 0.68080955738407 0.63795540448259 0.13864404435979 0.91435102267706 0.28973537498497 0.56521766833785 0.04575054086741 0.51095100386629 0.90371868108789
0.22939441571541 0.90602307837254 0.34775594055705 0.13557789221434 0.56520283326444 0.32895959577306 0.87266477031087 0.00531183057697 0.33221317043517 0.49043493015417 0.77743145109915 0.26672004575875 0.37107612404390 0.56557618172968 0.13978998272492 0.34598616992872 0.86587010084782 0.28069880704502 0.35747035232883 0.22659773646210 0.42718936855130 0.00775197973065 0.23148903780717 0.19073305729991 0.92824148544495 0.46641497041494 0.13259685200004 0.62127988436483 0.09024001527412 0.74120126624316 0.75646304636896 0.77870865712794 0.08342218983478 0.73866694515618 0.46150734218206 0.41691461529662 0.79649245047622 0.68205875387918 0.71860808694615 0.77165871463721 0.14708800209013 0.17040278226243 0.69548047395513 0.76404379052859 0.88346608651833 0.09478239421653 0.93061094041652 0.51216604842582 0.51061179136888 0.60407248278432 0.90262653758961 0.11245931209561 0.94954999462592 0.10143459846304 0.39814406210037 0.72335515967095 0.40982168334546 0.74899702316009 0.24064789263045 0.99402041253275 0.88957198206773 0.58344991737814 0.18550536810083 0.67805536579505 0.45889497354335 0.91947876427790 0.04047485438981 0.73036604681181 0.77759376164554 0.55496207238997 0.61501894675943 0.32078042723603 0.23065824509532 0.76699413569085 0.54517962282017 0.56767003058958 0.62063734258502 0.53078883160921 0.17203344427475 0.39721289661649 0.76175584099959 0.76452206324843 0.55349937064616 0.31034381777722 0.36034096757023 0.67200356977826 0.56079773822729 0.27091254386726 0.10196959418409 0.22787708514536 0.29646137441701 0.66307256879451 0.58777070364908 0.23517496758830 0.16008804326019 0.70285283479468 0.11506638215015 0.85233416326553 0.99950143307209 0.50173791706983 0.60701155410470 0.07071048940727 0.88486322766822 0.84110599785290 0.21261720901753 0.16809907771198 0.83171492411680 0.89060884467083 0.98639160919733 0.46605192653705 0.46190729118999 0.72081924603220 0.37479969484543 0.66048365437539 0.01580880275398 0.40901952237605 0.70935292702547 0.57065583460850 0.68288447254740 0.72724469989839 0.96942483285539 0.33341973030911 0.02548940812462 0.56456730778386 0.87838838071746 0.76176598270053 0.92716318468214 0.30885457446785 0.92016690170231 0.60572497600640 0.47256878487227 0.01157522394003 0.94773251204256 0.71616474533080 0.66656712313369 0.61796013858378 0.64121329195237 0.65149641401062 0.87046498740306 0.56516665869437 0.55056553707030 0.45289587312583 0.35103855017160 0.44796513935603 0.59501687805770 0.09238621951365 0.89527249316287 0.85798799914136 0.29083026202720 0.55865354794433 0.64922460813299 0.02358922806430 0.98207209936210 0.86483717609939 0.06963870637897 0.44195319402072 0.50681936745090 0.88667746682953 0.22298585131558 0.20394801478531 0.94224755186520 0.07616022453431 0.76471709648907 0.27874619387176 0.77540968669642 0.15123834319982 0.41604391501682 0.87170873835096 0.80504099327977 0.07409006051482 0.39434904555024 0.31715063246889 0.26201252313092 0.83235175160561 0.96533567659327 0.45787227642807 0.79207689364145 0.24506412634836 0.32274267447988 0.36623966460428 0.86166075532129 0.58404594918189 0.79827687873168 0.64516794716886 0.38815342934647 0.78324588356989 0.31515344681949 0.05882286871790 0.71524683015938 0.32741723780354 0.03106433884724 0.87279636767761 0.31366793483271 0.79883234986579 0.12735970439067 0.83587005052165 0.35929689320536 0.89032318247457 0.42439970337557 0.27270999458267
0.92736327118823 0.77255280235542 0.45025684966048 0.22864700978011 0.36792684261743 0.49646591198201 0.98157983683539 0.51687832110341 0.78771534227586 0.77701703257170 0.29022711685572 0.39851830851682 0.17529070760688 0.83599217227134 0.98987758402287 0.84379783421251 0.67032048081787 0.14820648554012 0.28926143743545 0.28601262951824 0.51861040322279 0.64393412940103 0.53710067768781 0.36361556063466 0.78261159965788 0.21831352655453 0.67435578482948 0.03020775056425 0.51177005098125 0.09051662794438 0.13104139862692 0.68896607634317 0.58621615387299 0.28779509259387 0.93372026629924 0.30856221871967 0.00850468329556 0.15065784666414 0.40532407790840 0.03355582518219 0.07599798980760 0.08351530709074 0.27899520785158 0.27910110330944 0.87948313376031 0.88065618090063 0.27982185642580 0.87664509823345 0.82388404375490 0.84944420279771 0.22390981992481 0.14302704851424 0.69505681847363 0.48480735082635 0.90202291430067 0.47841893435338 0.29910941928613 0.65676284619440 0.13898368473836 0.71998086897468 0.17461922293534 0.48897750265989 0.91368574901548 0.31369766631987 0.23404672053317 0.13419804461408 0.33405947171308 0.31570305234958 0.53120141749309 0.77779027309170 0.51104254854918 0.11775875230365 0.64638308399954 0.40493968373549 0.25292343091146 0.44138554567847 0.83965115052693 0.89750491726630 0.68800891342921 0.09299622486215 0.94199243825873 0.21568576017980 0.20574599167466 0.10724312194507 0.44495250098274 0.67342771825791 0.41827823903180 0.24566880473826 0.42964541129232 0.20485953326910 0.58372030919956 0.77548573937985 0.80573827019069 0.25862267397768 0.43707156718775 0.73266320222842 0.51557141650192 0.63712070811913 0.13448247288271 0.39434356409865 0.20241722410405 0.71740773462557 0.17515455969429 0.52180815410327 0.42549105859198 0.13846456980409 0.04484809658031 0.18068444551162 0.51671862074439 0.85483840504023 0.03581444373642 0.66854988477370 0.11641797049804 0.02115995519079 0.59966096296808 0.67358229512587 0.10116394217671 0.71854917779386 0.59767471761222 0.27051877155945 0.81889371783244 0.12734402886353 0.65332192205137 0.02935330647284 0.50810229994917 0.53771365657025 0.57572379092935 0.33585207006893 0.04441298100681 0.87493719884219 0.63951008492658 0.86405236165392 0.80925590364145 0.46520870034151 0.12921364981996 0.34145821873382 0.60429442466604 0.95749590848609 0.63385705186918 0.45692424674566 0.71927406725685 0.49238903157718 0.62585603916303 0.22855333522316 0.16376086160185 0.86733313295425 0.01473483343742 0.49406927215811 0.23731845708510 0.09734906125507 0.27919455130048 0.02239156905845 0.98847529523572 0.80105798453610 0.76631287694625 0.69516461465410 0.38111246919644 0.29256066353390 0.80017891650052 0.35979363653384 0.65543359896222 0.70860840454795 0.62364975427131 0.58454457823285 0.77927757962035 0.27815487464362 0.61853177879163 0.17966670080105 0.04228048854258 0.01782569060563 0.57007014265782 0.00158264646873 0.42692552544874 0.33764073854635 0.41834694429136 0.92131082633898 0.69231793305611 0.16282527027981 0.83655079288140 0.44354665154795 0.60420122068826 0.65267401882919 0.19311826419757 0.61516299287564 0.24680745776017 0.87289296725474 0.93719278841317 0.20239442979314 0.18457893950493 0.33627483782644 0.71065863892971 0.38756045943756 0.25389541920458 0.12765414146249 0.10254816417949 0.52875052521165 0.87910236308839 0.14272352884929 0.74692593714907 0.66765621493407
0.44444795843214 0.74521770745585 0.48533513718582 0.12966272212132 0.02736079484054 0.85412945208310 0.70941871639178 0.97968354594954 0.21255730080491 0.94724561182793 0.28154414858831 0.83730967214303 0.96311231241453 0.08286363778028 0.90839597140457 0.31926184558399 0.60616736556999 0.99421980003501 0.94218011436886 0.67136661547419 0.28937113820407 0.31509347071901 0.26604768414728 0.86894434460708 0.60280117215069 0.36704019502778 0.59956822105305 0.11609728057676 0.58784113631210 0.57779631437879 0.08744378892119 0.46777360438065 0.58749620001577 0.97428566912288 0.21756453847642 0.94876979487442 0.64334375765521 0.57428494762469 0.92302379631087 0.53312042601163 0.22259028270675 0.81262491930336 0.01573396214375 0.03801439978215 0.92200323790808 0.43037540947644 0.58116550092120 0.75203580295927 0.98257023065180 0.20614818419647 0.53061844428117 0.95869969641069 0.50995825681265 0.13619452567232 0.73727400220294 0.60667925621665 0.59399581327751 0.34375641491005 0.52842624935891 0.14957802149437 0.35036233042702 0.09937542498049 0.72942032861717 0.99716523263627 0.59109124926089 0.53149813083021 0.75202074225614 0.69396690197388 0.68547925563079 0.58086761982417 0.11212928718729 0.07690040708863 0.96072521805414 0.57423574761096 0.53170789231325 0.52532131813494 0.50612982168856 0.86891431466238 0.83603877051528 0.36582007330536 0.17004293388031 0.19163625373609 0.63167938288833 0.23164909755489 0.24378020011180 0.33124558109420 0.04513113383241 0.16432757415048 0.51644455092101 0.32553110709519 0.27833795275375 0.20341174429443 0.75441632595419 0.38562561313610 0.22455516938996 0.48628822014399 0.81425245814429 0.13056432733839 0.87038741709676 0.27458663801204 0.50082466844031 0.99213572368869 0.23025298675166 0.35801333290910 0.00196249689243 0.49473887707547 0.65415675151331 0.16265608423607 0.59486687328515 0.13277127578018 0.05212169028960 0.25198431151119 0.82410647089494 0.86686689058437 0.44661047293810 0.03558365822622 0.99264404741492 0.57838781526146 0.98499610488548 0.34252610940625 0.45237238810677 0.99734333830933 0.65121313687723 0.38978356684926 0.71027281975933 0.64192297501148 0.76994877547598 0.34715859211828 0.23665583749766 0.81198713296771 0.04586655571373 0.38871005069257 0.93312700232386 0.77207066492528 0.57108632236164 0.38039039403834 0.56247361427638 0.95086844847867 0.75629014275186 0.61630742227784 0.75503604628778 0.49501999777206 0.56365679926859 0.10424496167449 0.96695842443016 0.78949631258621 0.02161298297543 0.06032288752339 0.24634540232322 0.54501784675912 0.45271490699321 0.89783849195669 0.60870141447404 0.69196898418293 0.37625101403233 0.13453842368553 0.56332099433610 0.77210581785160 0.36742604028949 0.46568914406607 0.68339926127611 0.35904107723502 0.18690709258800 0.23614707993604 0.63237173086369 0.79223741347162 0.64468551495019 0.35279186026220 0.21768410858127 0.77803027147111 0.89178533461335 0.98331137865664 0.20092237274813 0.63930129959196 0.27996784473827 0.90409336032216 0.32323674074869 0.62252035899584 0.24022773355697 0.58809129011542 0.72856856030881 0.08437693147746 0.63422673160282 0.50588349622937 0.40621692884915 0.47753924661828 0.30121943645514 0.80161566292826 0.69081900557787 0.44989558690077 0.76374208011764 0.97432021124113 0.03566023988897 0.29234883827488 0.24002373201809 0.34069459054516 0.14693359063701 0.90430609540890 0.16715807131528 0.52775084004124
0.89527683042137 0.59975453072105 0.43242324326356 0.72275100446436 0.51698083028141 0.69407154623660 0.97286412211024 0.43576176484749 0.52898408008944 0.35705712034474 0.37548874536860 0.97745658736401 0.40557073060676 0.98784231402856 0.56311838940433 0.27545669529111 0.42852199165208 0.23992441794314 0.06833974901637 0.01745369152523 0.06086341602206 0.18382530692732 0.16833145838552 0.39929644880781 0.57265415090903 0.06597176900110 0.35327493472905 0.15296718967207 0.83668058181058 0.50409978820199 0.92538701733933 0.71585164062937 0.07235818888942 0.09821686431173 0.99613043243876 0.16013750692905 0.77963358267654 0.11497657941798 0.18830718672140 0.33794586177523 0.73205185127562 0.80142132755837 0.09657146876909 0.12340533834747 0.45016517958596 0.55175496570052 0.29352906458485 0.96573023672907 0.89548080725384 0.63639686541929 0.32485249252445 0.41939515478874 0.79751785292958 0.91824213502531 0.68691552239542 0.07758564128523 0.86006029246906 0.92355441005692 0.55572673393118 0.36517147650214 0.32774584196109 0.23859646764537 0.31242669572389 0.94842282729922 0.53243855726689 0.78354756733975 0.87570191315806 0.09364816469057 0.65429707800363 0.36528041125099 0.34910319450918 0.84067001444097 0.77715138888908 0.27830669478283 0.20365248681615 0.05116505676188 0.59419516958916 0.91685352157673 0.03768189400712 0.94672473818439 0.92120822433314 0.96228245403150 0.59909886818682 0.72962033222990 0.98794526961505 0.21993643663124 0.87111712044285 0.02090205529357 0.06477815248148 0.98192950072627 0.33162734289967 0.03017277846596 0.84231090440146 0.05891612980710 0.84251258666750 0.27714521937870 0.58438220749034 0.68152344130478 0.00707807050825 0.50338433966905 0.19350075061462 0.41276105684138 0.35097111833482 0.88518723728053 0.77546075105310 0.30206404688707 0.65421498835718 0.20340227041123 0.72864345484551 0.26748375621194 0.00631973096077 0.39674826011387 0.05290629919004 0.68844840433564 0.80876069585576 0.59313114417980 0.38239831453108 0.00771714754432 0.67167877365388 0.30562047306653 0.41406910619044 0.04357447164111 0.28351320412470 0.68929453239906 0.76816721427529 0.59677351091893 0.10720011918107 0.28948450855631 0.02533386467184 0.05496301277396 0.34006729676741 0.79310146601350 0.04096220741821 0.31858942912988 0.72313025581877 0.17435355136299 0.98423963742790 0.14171696703378 0.08432357441061 0.94697000184221 0.40226327432519 0.18589336872785 0.69264261653551 0.02964941917249 0.61438824725645 0.39632158009445 0.22990824159882 0.03478847195486 0.99008151358191 0.77705144637941 0.58795163717214 0.75897502415868 0.41418156767739 0.58846341128552 0.76564682143553 0.12871318162754 0.53321870037914 0.33300618866172 0.36359221406587 0.24930463952598 0.69996189128751 0.00814715610183 0.57968552782149 0.76861167099852 0.43068011984242 0.10167578617324 0.42070440133813 0.39115772830808 0.76758945291534 0.79853808164655 0.03422178488766 0.95282580487624 0.56246335345466 0.21424618573059 0.85384913987231 0.59821344160266 0.79612348387932 0.50015764536626 0.71541301294935 0.89859725613428 0.42043415114933 0.98025056459975 0.54468556915252 0.63876758445796 0.06396573090092 0.84985008505344 0.44270872077781 0.68481606686931 0.21390834361394 0.68262694699928 0.33310192615881 0.26925869081538 0.37037320445631 0.75828704717209 0.66690198760538 0.39542747554123 0.16984584597159 0.67102125426869 0.43479347814583 0.66450075992446
0.44410558668262 0.68644871253152 0.56687656010814 0.26952841248757 0.54282676020664 0.52556706693377 0.74756342131457 0.13590370762288 0.08963196915490 0.72183756101899 0.38921256303457 0.34853461591106 0.57941830241514 0.29344559625866 0.83500813820644 0.07999549993529 0.65855646338550 0.26352871030917 0.92287003104536 0.73003773951517 0.24096042923057 0.54896990628740 0.91029584955373 0.56303674620547 0.55613072043549 0.46402050545327 0.12104758501924 0.96171643309799 0.74843613364044 0.57406400921992 0.09319863971979 0.45012832419889 0.98814916165843 0.64352886708647 0.17311648668050 0.83882480426168 0.17893955229585 0.65880316837213 0.25152838476180 0.90598382441764 0.56466066939773 0.69552328520231 0.68061328813263 0.15548677533912 0.30411300729100 0.90459139814036 0.84780175661681 0.20377329090936 0.33605823688139 0.22415861890951 0.88208191942274 0.32749961695299 0.27453395801142 0.03918580036543 0.55668098779454 0.38999627183611 0.16285568180283 0.52559161469665 0.85834765134288 0.67577344758809 0.10624103015439 0.12607716994009 0.33711675544908 0.89047164047047 0.38264222168722 0.02471103515265 0.02257706202042 0.14702359718250 0.13639735556687 0.02899930344752 0.49463453038444 0.24481248786697 0.73872534676458 0.14801632750069 0.85385940622011 0.79682354290723 0.09130481864410 0.69085436591607 0.38281022434949 0.15792636339953 0.45554697630999 0.71668436698288 0.83264131021980 0.14357571181452 0.76486078075543 0.49048425127475 0.72202304638956 0.92487852081491 0.14110289901413 0.29715873285740 0.42271938046354 0.19719580057678 0.78394467036489 0.16141169630873 0.71671585793134 0.96889548831264 0.12519200527492 0.60231403335339 0.17722648355797 0.40469818002568 0.74646863933556 0.01310109141863 0.63246780953406 0.08974587970364 0.66466755429052 0.98582907723176 0.47565768892634 0.93272083347540 0.33080939906706 0.33636826993015 0.64028772221237 0.31310812901286 0.19631445182265 0.70699282065788 0.22718515587675 0.17112164852805 0.12509664799344 0.10470836960985 0.67517713005492 0.43732094090374 0.93265585438640 0.44032713681584 0.71050521296614 0.45429617458422 0.47465329000082 0.21466436396478 0.27814848733091 0.64057334369119 0.87555700350842 0.53099194657822 0.89757060949194 0.46689698321145 0.21013591274470 0.58726025544888 0.18583256547650 0.45408513531512 0.99193291065055 0.06343707504652 0.88055891548511 0.09308068550377 0.27651209684085 0.43381932026747 0.78634786880887 0.71156630792021 0.69054067363956 0.14060297065788 0.35348652120905 0.54262046601006 0.28283016176702 0.15089636391971 0.77567677833873 0.55835280605389 0.97320622334280 0.68132244276784 0.41532215921826 0.84585807286403 0.93184458596507 0.57059978008895 0.89248675628358 0.08610410530538 0.38561374525050 0.73984710546333 0.51124183839867 0.43039031920489 0.95066783554419 0.25902901382931 0.92586475910493 0.39424831789015 0.01810942903456 0.60703201650893 0.98481579572270 0.36953916717382 0.81624751836576 0.65698934261180 0.56127172080864 0.37986994513419 0.70997018787507 0.00398673966925 0.51163018587386 0.41546843735608 0.99735361771813 0.77117699173832 0.51551650391240 0.33560411626532 0.61765336680817 0.58258706538819 0.60042852271430 0.35359184243507 0.78620261737100 0.29616836500312 0.62831621295232 0.40527276073335 0.84324821176420 0.96695210632181 0.34661199506128 0.05587328162690 0.25367591251723 0.86562877963598 0.16227444163414 0.96709337828596
0.29680869125869 0.97021130259218 0.94881247574757 0.37025679856205 0.33585448688817 0.38807259485019 0.25597152805039 0.40897327058521 0.45030824037970 0.77914419862140 0.82551248248763 0.40741547630709 0.21073438240178 0.43439810944155 0.48194019719190 0.03076787230705 0.71680070506105 0.58301784041605 0.58544958152042 0.16132673017440 0.93095321439449 0.53240537833306 0.65299833894148 0.98100634731204 0.04078335515957 0.83742824299958 0.12361131913926 0.95793310282078 0.26827200922954 0.69399426865748 0.99793293836719 0.94367844204038 0.32216713057794 0.13574173065971 0.89279607224126 0.50797792585978 0.54028256184345 0.53420879258031 0.42614531665154 0.51150870526984 0.38855543812085 0.54261594119833 0.95822237314276 0.08253994973113 0.52518917690437 0.55783266848677 0.83880792288454 0.96573549673130 0.09870130325654 0.86400843262006 0.16646518443337 0.06048588459499 0.64115723720347 0.03997915858949 0.49097425862757 0.14963137934853 0.85873234972414 0.62477066564624 0.03316869485572 0.52387686336978 0.23255127973088 0.66186458107498 0.88896583185913 0.39020279985212 0.10311065625433 0.80854556846804 0.41595676816183 0.83490097108935 0.12965333942094 0.96596491464399 0.55006841182239 0.78568772685187 0.94293673306378 0.33325303583927 0.96379233198772 0.73859285189942 0.64224139021639 0.78353692505672 0.72616034196849 0.63447510754389 0.01889900215053 0.35278166434459 0.15050410248425 0.42473078140438 0.69597738348388 0.81929618979425 0.76165757596777 0.87753693435429 0.92612449191962 0.78751315261642 0.34603008162900 0.93046711593684 0.78138171892765 0.24310147894635 0.75541694354313 0.58537776748290 0.75412827061089 0.75286755386620 0.90621042992139 0.80558216655805 0.06097788443864 0.70130499674370 0.99017639796415 0.01913827790029 0.91442927090635 0.73219411971001 0.06141446235253 0.64368836920493 0.05292735661223 0.15719211528140 0.45339786238725 0.35138959380060 0.07286057342939 0.10288870412487 0.04517027690614 0.66274637329999 0.56928110768234 0.64105049061902 0.87448599702082 0.92916854056194 0.14300866293260 0.83397481869650 0.28336575852654 0.87697047020948 0.45693759054725 0.38119992561790 0.90730430992177 0.45464776322902 0.26681218985653 0.00172681877406 0.11607178709690 0.37473403858960 0.08002364635259 0.76019665916131 0.24858686779131 0.11209619169923 0.33868592342326 0.77958167844411 0.52835660877740 0.35908166226993 0.42357664299031 0.35824921719147 0.45647504608363 0.28716859152187 0.96054717154752 0.44463689112203 0.77617039458644 0.73377412456955 0.47206525181866 0.87155058834344 0.04294294241572 0.29140071998357 0.37412554123115 0.39150631235379 0.55021524021241 0.81718905804460 0.42322108776922 0.92468688667581 0.64284871883539 0.24390366937167 0.99556324916145 0.74198190380044 0.71141209092791 0.29788068457165 0.35347389589776 0.48220486421285 0.61135397534806 0.11287008307396 0.82213466103653 0.30674256704402 0.53087506839114 0.23307310189150 0.61393178642847 0.33492441129684 0.78651076851423 0.50924052290321 0.18363707566147 0.94745215686701 0.12453999224885 0.46468457868273 0.29361715596590 0.18678891242798 0.70614508611510 0.28804982916250 0.78223839407824 0.13056381380175 0.44171835342658 0.38917564841366 0.01362929161911 0.89784229453125 0.99518648305602 0.38137215805912 0.61014101188826 0.77644599204797 0.83038882880240 0.23942131582118 0.21636613161396 0.50052432272150 0.09488546360915 0.86005613278648
0.16438748398997 0.61602722960409 0.01944973969965 0.35027653793068 0.05161266163271 0.06998373834693 0.98905783644136 0.48401717836102 0.20697679194791 0.33138578579068 0.18347615206297 0.87016204541750 0.17144197022373 0.84960301360626 0.36959448918481 0.15975407235174 0.91394604164154 0.34232968104912 0.93221607479028 0.95805081511703 0.38022943712657 0.59865730003084 0.01557325555583 0.03556978044814 0.18402219777673 0.11078367750104 0.89076177459658 0.06746801072221 0.56218994446071 0.10274131082268 0.38835518681240 0.93827142501795 0.08140789096229 0.98246368517232 0.92286548702785 0.18715516290249 0.83860674611851 0.45789752752859 0.42101505683133 0.01483981899963 0.05918557950749 0.59266162259501 0.30165867547800 0.26172733358274 0.83424613099786 0.42001002420782 0.34423359828927 0.05992178222079 0.71820068939408 0.93488305076645 0.22102657110030 0.76529080034628 0.69991421473062 0.18586940589188 0.04687090604292 0.05948835719563 0.10285738944794 0.21767009174848 0.07725465913006 0.34867860859990 0.83091738860404 0.60173300590046 0.98563984619089 0.80548542430553 0.41314244468727 0.92282902556650 0.21022194266906 0.94305024730496 0.29116772738798 0.84149106025516 0.12034781140311 0.87288804622572 0.87339756833788 0.39137433378476 0.12900259467407 0.04613483988977 0.43094108119264 0.65978860082883 0.01340474936574 0.36223600487594 0.66705664699800 0.39557233486607 0.15747581532187 0.40649915063381 0.32705649364499 0.61411736312904 0.30450133869963 0.46131654259107 0.29613404964073 0.77208769193387 0.43636449042018 0.18440884278410 0.72068906341407 0.12717545490030 0.74779250395980 0.97776918099893 0.39705074487965 0.40032360575953 0.41034648697121 0.48999341290000 0.72203252038868 0.85797865502233 0.51113627008118 0.28015695625923 0.41907258580047 0.67006107975020 0.12019381244167 0.04920898964761 0.72635982953005 0.13281770556365 0.72647076399477 0.41690791794234 0.08849161106222 0.17592897861747 0.75067551678184 0.51369225245868 0.11025727830479 0.17670468054228 0.13632299850069 0.75965818564255 0.75585281998476 0.34286686904037 0.01112496304652 0.60510818248142 0.20524161669540 0.18526942933019 0.82763035750035 0.44444450865512 0.72634057777517 0.28478154039670 0.48509597236683 0.04558878924084 0.78167579221268 0.03455420104099 0.94188061295378 0.20678987883158 0.24661081420632 0.52623270082843 0.18541535971980 0.41262089889920 0.79669003768139 0.54417782175137 0.57351592816795 0.69066165752084 0.24239258761921 0.50314093984030 0.31722563603004 0.41963357779397 0.80473109066119 0.45595378692275 0.21597622486011 0.39246174453643 0.01553522648702 0.93465387661026 0.95232114410824 0.52696550460956 0.86285049427662 0.66851520206853 0.49688043148477 0.43189580883106 0.59747700724897 0.83277259871712 0.57944935468435 0.01769073454254 0.86163043090267 0.53286240361585 0.72043045493510 0.21936729921043 0.66456997616006 0.78315210563653 0.76834759261516 0.06631057406744 0.21755637681798 0.40027659100415 0.07788003495499 0.21881419665851 0.75098477968801 0.80643336666977 0.30821826420360 0.13720580892361 0.00128812564579 0.38932872897147 0.87843324272778 0.61577953942453 0.13037114987776 0.05141552076815 0.82779267233935 0.97912837739536 0.49837002518979 0.36796451146572 0.08953933100337 0.48233272577949 0.09813260729054 0.90631581596501 0.79223984686883 0.69801893109165 0.78037926739702 0.45384822292492 0.55290896185930 0.05235577614857
0.01150165329509 0.43981860153886 0.15238141786963 0.41589612170973 0.86720328480167 0.27240611111668 0.12345185441280 0.19364445477438 0.76032908080633 0.25721491993987 0.24615455936597 0.95970916208019 0.15262233331999 0.29456538774493 0.43200755849416 0.67922434213661 0.51217924599189 0.00989356492856 0.85796017044722 0.68319613521524 0.56823279086914 0.81803365615467 0.63139994997897 0.64052652171258 0.60412751157866 0.29412094913560 0.96708059360210 0.46150442652166 0.10250030485622 0.78541663886321 0.07720187048751 0.84555590339662 0.80622892654977 0.58778652154851 0.66259885751402 0.74768719495259 0.05182527083175 0.93689979487557 0.55230478022272 0.40857703498269 0.10524392916589 0.75708025744346 0.43734442297668 0.65211363598528 0.36711359918140 0.81238499298437 0.97832294214768 0.91607167789672 0.75117170320004 0.53026387544395 0.08134499289478 0.96576751918553 0.26089668907760 0.05840503010092 0.16181457837941 0.88598577545510 0.76076850303994 0.27194857727984 0.88795524255278 0.23072879408993 0.33027380998052 0.93943750109778 0.97409351286992 0.83802181397773 0.24983058788091 0.18750942761464 0.29357907526338 0.31622700234587 0.55706762315278 0.23031150417718 0.19917399918238 0.42090568747667 0.83408250894385 0.54889687737482 0.54584838411447 0.74722549011222 0.19876882455456 0.28848670436437 0.01840395888408 0.44913493543602 0.76038134225932 0.06547286823559 0.00758172966099 0.43349450179202 0.12659207703398 0.50252968604013 0.82095451962351 0.32674506333649 0.67787912490674 0.87400999096816 0.91851124813324 0.50947907857533 0.14623887274244 0.88499441434229 0.19508363135821 0.72937186326470 0.31875757359972 0.25144496591111 0.59856312835842 0.83223023901589 0.81090292440467 0.56377815445901 0.05688508582690 0.74866430428151 0.90599534480045 0.10975446253659 0.04402382957951 0.28831674915169 0.98684857982988 0.49766145657057 0.09382087332766 0.80607399210406 0.67269497002178 0.50562953601640 0.79273915495863 0.54608405239493 0.19897755544028 0.07305346814554 0.04937871251500 0.18382269073140 0.12752595916923 0.07494043364512 0.37247454969679 0.77918334315631 0.79703652187595 0.67570625153699 0.56258008870890 0.99761145106868 0.19250952616724 0.15714327585253 0.77059333557761 0.59980935170887 0.06029048054982 0.10155298490039 0.10388269533309 0.86690942904010 0.80959212045097 0.06864419175382 0.33919589999593 0.81209708675021 0.69653847213033 0.66329330911196 0.23506881446888 0.51706828830616 0.90931250213798 0.88943871980933 0.88726867262039 0.94544431335420 0.36691351083461 0.57354816842580 0.02154629110201 0.69367572692769 0.01204805174545 0.22992198027089 0.95244354557796 0.39152694961633 0.33005695035749 0.36411308745626 0.81592414740845 0.92832376828144 0.79860577154396 0.42076829063302 0.39832154461816 0.35501289657255 0.79668454225749 0.03994298679602 0.77169679202508 0.47812779161006 0.12947410312265 0.88271304506374 0.18648608599779 0.59536351786469 0.57695786799908 0.19624081352914 0.67686035400945 0.27317761721096 0.46093953188550 0.74125272044751 0.39696251525687 0.08890614008371 0.66134723337056 0.50581511683667 0.14182534889850 0.98125388098147 0.37443982855540 0.33808718111042 0.73801148393433 0.41618821669730 0.17835245714873 0.68902237016076 0.24334929814790 0.95774368941560 0.39247949894045 0.41747547993805 0.00325984179722 0.39941110268793 0.37627485122732 0.59301856537788 0.69489771644778 0.21447673248640
0.13698602417256 0.89423474695749 0.47546631997760 0.53232499155491 0.62845021419659 0.82851290495248 0.04890401087057 0.06059387641685 0.26387869309736 0.54589792895974 0.93704248671376 0.49392155134827 0.91407482079225 0.96223262419731 0.56612130883277 0.48807523182833 0.69189256665431 0.38926234664156 0.11223774103617 0.39571007201413 0.72462075546735 0.45696614650920 0.51717167341898 0.80839560626346 0.22467108097641 0.65251057221029 0.74710582764635 0.35013844043185 0.97495598066747 0.99837943472462 0.33338797679636 0.20324899632091 0.13068512731560 0.21440745250897 0.59042124216781 0.18992836616275 0.52454384089258 0.94837982810545 0.27016554607451 0.73963424276822 0.88989885539551 0.34992011748411 0.81997065353861 0.58177326444595 0.63291361106657 0.11844286531339 0.33607887447059 0.70727999307971 0.33905284761245 0.48823023673071 0.62087780485548 0.25278682961668 0.61957936077762 0.17174923025114 0.84915518308930 0.85622722028885 0.06292423650385 0.90463466277890 0.31513763794502 0.90843017593242 0.86587227088896 0.81228125924156 0.32160607299467 0.73416984410122 0.39410372655347 0.56956921969349 0.57863140762823 0.90292820587714 0.32665933821741 0.59044971056947 0.18351061454302 0.77359503545431 0.90140286923904 0.05912769741661 0.46121695083766 0.47174972082410 0.36299861051015 0.86276196449794 0.83701085412182 0.69542557075957 0.62697524240501 0.95346382096239 0.02352353435769 0.13063096491920 0.59745234499799 0.76523270864133 0.51796684616110 0.16842377876044 0.83734310949538 0.20246268362313 0.22213659977887 0.12586396777420 0.01447764980423 0.93166811170378 0.22667284375682 0.43173637402886 0.16729559950322 0.14131963657685 0.80887237901219 0.65606764321661 0.65471514741826 0.60607217387078 0.52317469365164 0.37503681172937 0.29439011517905 0.63744706573879 0.06598437051991 0.62366438783805 0.65493296891683 0.43262933767311 0.68088253676128 0.35452355209357 0.36844604924929 0.35036670361599 0.30684840672279 0.33932097966134 0.00661878360087 0.75807288197380 0.53091725845604 0.78513326656298 0.57532667678041 0.68094942883411 0.13678547334216 0.46216702324955 0.93852965913121 0.45095069453698 0.92723943154508 0.08288548304610 0.08308740530635 0.79033431789102 0.40489533271630 0.07714923308052 0.12403852884093 0.54980055146021 0.75621301943398 0.42596590834524 0.93656511445124 0.55917162424171 0.71074520755538 0.24644906085548 0.65248198861864 0.39602388958591 0.26633672889853 0.20169371388307 0.50577589648612 0.05179100330093 0.55300344231701 0.80978393881266 0.78582663593707 0.92435614162685 0.18503969606374 0.53332001620552 0.46454107702958 0.43300956623869 0.50585664691336 0.94784544562772 0.12508057134556 0.75336580214396 0.63461382160636 0.01113882481699 0.91334845026064 0.86709180838361 0.73828500156031 0.06085475127905 0.52820683332531 0.06646965336719 0.84107920984866 0.46606286576244 0.18756238333186 0.96989565901269 0.47694453421222 0.98336658117810 0.89248120460969 0.47538254358443 0.19587326399873 0.55635927012455 0.79136861586799 0.89220467549097 0.45158895167192 0.00498253693592 0.63163799201641 0.91547588755225 0.93055616503411 0.06051814904582 0.60316539915764 0.64989352798259 0.35557423851381 0.75357411909530 0.58883585839956 0.81423539937218 0.92932220437841 0.56359528186845 0.38137445439655 0.72460533627068 0.63008224697602 0.15549212859383 0.20204820409735 0.42918708546644 0.92096787784586 0.72246788071589
0.11559031528943 0.24959049953493 0.32751152926858 0.44829823140864 0.80311164532429 0.59908296177484 0.38782119014578 0.81976289331897 0.27304999899193 0.74434799057570 0.10012862532263 0.52023958436748 0.16911854683219 0.37400094621225 0.60005355235557 0.10757867391856 0.50743999081666 0.26609643102073 0.84829353657128 0.23479738066412 0.63451537658354 0.19856152291464 0.69866281113312 0.35341299502239 0.02092503876716 0.06663310026997 0.43145389725232 0.85314402948565 0.90257418508341 0.29785273938309 0.88108074699394 0.25867841568779 0.46336653119732 0.33516547789574 0.37625113711339 0.64248340459792 0.17221026994993 0.45650659643256 0.45778368909297 0.94353675294030 0.93891240418866 0.32691335950696 0.40527093679127 0.15152811287826 0.08368826038320 0.63537720244482 0.88449727986154 0.66341637748491 0.41899713441528 0.41947325873596 0.38485843648444 0.30577732429758 0.80557894423326 0.08166735016280 0.42772822763677 0.19503418848407 0.35065860701328 0.97881247765481 0.28531127192716 0.76852959598631 0.83278512576754 0.77095004540384 0.22626155097949 0.10967388132031 0.17362279605666 0.52797816487134 0.69440128279626 0.71281744209453 0.38852674923585 0.89509947050464 0.28160438439890 0.17201683605473 0.62874490396616 0.65423080087411 0.37983195463966 0.62722670514744 0.44998489257105 0.06845115782111 0.25825146557951 0.72487502456258 0.53197843124498 0.15511640376828 0.00161156923661 0.91749938929954 0.99961011330145 0.66074444524978 0.21871743355745 0.08557532758508 0.80527144141351 0.89016689929080 0.77728957860177 0.47453373378506 0.45612862705313 0.24002513565939 0.23861720474476 0.78071586222422 0.51607812193895 0.40037585362794 0.05805459321862 0.21482035389019 0.56941484321969 0.78283577911032 0.45927903309958 0.15815684561439 0.54255276833115 0.16572947711264 0.95780401970071 0.20725074631194 0.16120100653632 0.47406428721858 0.63353851450569 0.16382984541570 0.37857584819087 0.43398217843945 0.82752551945481 0.16187627439919 0.10868724201009 0.63560218608356 0.83845043414824 0.97893054114621 0.95034643980959 0.15543614634114 0.35630186109094 0.23889140755129 0.85771851691178 0.81035490165933 0.48110431810816 0.30116041400848 0.35962225727438 0.37511745436861 0.53798195557984 0.45112366108987 0.07267394701902 0.26066103149443 0.99501626155581 0.98824575502138 0.52210626383051 0.69529131491939 0.99218961982608 0.00000086259435 0.09777933613061 0.21250949926855 0.74872786704139 0.33091680532938 0.07015909364150 0.78696051390322 0.90811001028071 0.65512293112768 0.43705183488622 0.37558966009330 0.68211349635541 0.53134836788254 0.79856383000923 0.37023806819007 0.92743667538080 0.29717768789491 0.78260320929742 0.90621753334474 0.05873619704473 0.95621475947735 0.87511334246169 0.39420127332863 0.93803482984659 0.53140260017881 0.00624818552072 0.24482638392875 0.33641525565300 0.15314854325563 0.69594668122191 0.92723326657033 0.64885101123190 0.68519531514020 0.98912435556158 0.46521784757906 0.59715684222437 0.52532534077038 0.37508770333176 0.49968037588843 0.45247832986598 0.21162904185910 0.12356737285536 0.58404020058126 0.40064533287263 0.30949139531442 0.04596412209131 0.49711358500908 0.71473030119025 0.82876000653247 0.24254578220270 0.41787408382074 0.82511570170745 0.63094733394601 0.97013434632527 0.86292477234107 0.33553472965724 0.98489380798500 0.53982047297584 0.25115484547961 0.85750550812742 0.41898334801845
0.20763714253816 0.88097626481202 0.59096906825161 0.07959832897224 0.12534966134022 0.67381870828490 0.54719547264005 0.16394276170932 0.99159390145994 0.80945183774030 0.21120087034281 0.33598955825982 0.35664686257586 0.78876499598780 0.38915348935147 0.32888578076903 0.05698101974660 0.78101842640938 0.52811076340258 0.52646032074146 0.42693454540960 0.90803687143746 0.84937647604538 0.83863311568266 0.16897624191640 0.38399415122189 0.16614687989789 0.63185715802940 0.05432089125226 0.80715700231577 0.69075283636253 0.99694918368658 0.39032067930595 0.36839826027976 0.31955395090346 0.05765169483482 0.30196930776191 0.70186994135622 0.54314900205414 0.76352252497109 0.64902851160625 0.47507410185595 0.43194151896034 0.99939620367540 0.36340881320059 0.04336466740071 0.08477178873672 0.74685326204859 0.23747747558495 0.68105940918422 0.43624664388347 0.79203310647830 0.28254085472276 0.68058508674893 0.59577385256246 0.17819448543417 0.20496517245856 0.50522381425497 0.13205994071661 0.54346236996305 0.40461112317714 0.73736001443315 0.32728763294529 0.59812582108825 0.81671423138714 0.74641456665964 0.87984068022027 0.04705400439772 0.43220944648574 0.66645288423284 0.68506261916774 0.37519032422688 0.31759918134629 0.86848356053565 0.35463607325261 0.16962005737752 0.60998304716898 0.28924771139566 0.01780851268461 0.15206398368555 0.23964305316585 0.51608621365523 0.53006188246848 0.55081351367402 0.52286536343181 0.59184743190907 0.87627998122529 0.70571308158719 0.73569510426181 0.06111819122107 0.10593946466259 0.53607686597725 0.03475666102669 0.23097120186996 0.49256624294050 0.65677722464284 0.59948761064003 0.49655320756986 0.64028075370497 0.91744713542664 0.94755081682502 0.42489214190409 0.25785362782691 0.50428049421038 0.15258734184374 0.92338318393960 0.04953181116336 0.24932157251899 0.21855657221036 0.94790490611326 0.24578335702142 0.23611158972120 0.41605583129159 0.33841702006439 0.90299159011154 0.25739787380248 0.08932433099725 0.80845870961441 0.23599746401691 0.23218224345087 0.50306325338589 0.43545285280349 0.40128331283042 0.52037733827663 0.36867782597831 0.19532007281889 0.59843891207839 0.45456785543135 0.78383257355821 0.26500385845688 0.22209093162695 0.03661847732145 0.57495001552978 0.90976749475627 0.83067659714749 0.46848708057919 0.60723577436791 0.57480929649010 0.22887834524622 0.91899386852693 0.40296236439740 0.75719718430249 0.84026518838118 0.62164999152094 0.69955632088983 0.20381954100027 0.00889151165709 0.36474462694161 0.25437788494304 0.84895245385709 0.50741717568373 0.11002004830591 0.37735642531238 0.43529574781836 0.81194963280792 0.93197384753179 0.40102613442540 0.58421583857833 0.80771740343286 0.34368998109579 0.10747562651816 0.79517539787614 0.62661540664706 0.94235359188256 0.84607314015877 0.00635298809288 0.56079630415090 0.69394766807120 0.20152028576541 0.70564223308006 0.77122777528855 0.35409535627479 0.47060869770133 0.47734575956136 0.56396924627618 0.51007318821980 0.66575360226647 0.31423330843175 0.76088921561346 0.52075252039939 0.70061417695465 0.23941447445650 0.90032207241573 0.50799402851711 0.10962240357648 0.56084045362836 0.79871620908094 0.47097623356309 0.39892955819240 0.17381377640647 0.44551495969634 0.99452237862400 0.95217924324702 0.84135570820713 0.76499869195277 0.80646014880365 0.32799005567908 0.86940657291549 0.97958517663418 0.63553746934812
0.04574063656371 0.14248990122878 0.45848388559225 0.07418317560563 0.39839966746224 0.52213463592334 0.49128366595651 0.17382879843179 0.49993469389068 0.39471340168133 0.03969344096904 0.44880906654446 0.77110747313294 0.79046696981515 0.85661561992817 0.59481314463117 0.92531315443440 0.54857520698725 0.55189008126850 0.74762818292994 0.59371173242182 0.27045636306462 0.00592426026622 0.72568901767923 0.97082817368764 0.73824504927929 0.82012974685912 0.69950949344135 0.76779523124356 0.08259794519277 0.84332863445217 0.49908574076448 0.81654805096846 0.34166535459396 0.51117989551058 0.53520473359619 0.88708253411358 0.25292345948106 0.01686729852746 0.91880656101991 0.11499064517564 0.01951570872659 0.11813073042829 0.96463779812999 0.46953330179719 0.03516716058163 0.54486537417356 0.36521659847976 0.60521652410574 0.10693455379476 0.64538576739031 0.90197451342389 0.42744842611732 0.45493992714557 0.76062607753185 0.46404047547701 0.72506754054410 0.33084399461796 0.17061972783655 0.58855976130744 0.86461980633836 0.39992052427379 0.72882537551231 0.79718394139109 0.03091051471938 0.89581995959937 0.67700093768861 0.84108538819656 0.95334285693095 0.74700318869723 0.66620951876521 0.47773834801041 0.94528100837260 0.79312307533690 0.76319706235727 0.46170747789914 0.60266207820431 0.09108472437803 0.71619148083036 0.15430369382159 0.57470415056647 0.71707278065507 0.03021638927445 0.21169649570403 0.74922939902139 0.69401085798361 0.11560060795125 0.07782592617936 0.90379161284266 0.10094635908078 0.39284351217889 0.93427668988611 0.53255809697309 0.96837369588379 0.43178447125467 0.10873183415011 0.75358206401344 0.33692908089904 0.85649001788511 0.45361949976749 0.58305781997630 0.01409351624052 0.63109243937510 0.45610359526773 0.99634945171631 0.63675819179405 0.00960862278321 0.12335609108973 0.99515845510129 0.47142477945077 0.38972266747685 0.72287817592404 0.96934014388159 0.13345298262567 0.48794359405759 0.14312758819510 0.34557493878234 0.69555909080583 0.99229855193164 0.02104064775571 0.32735149378705 0.00248002939619 0.53933849229105 0.79602970326873 0.02748467269740 0.07192445239893 0.05681111425790 0.06422527950062 0.55221781750431 0.12447215422614 0.93368587684448 0.18981593369253 0.00345371476314 0.89847386587726 0.89996622693054 0.60766420490580 0.39502930125881 0.29953505299757 0.93853907194103 0.25579093110547 0.71104210667850 0.00545548254217 0.94640321003543 0.60263256465014 0.14490074090536 0.92571522481330 0.23784124085331 0.77616242691178 0.08484932401024 0.71587411397308 0.74339308886530 0.44917623753806 0.23037327715644 0.95255364970198 0.93673311938812 0.17016262961836 0.37626510499622 0.68486475155796 0.84864329344669 0.78576665866100 0.55383246869979 0.08392045643667 0.03809533880594 0.23209327316912 0.46932506186541 0.36307763836285 0.83176238517263 0.84240364688136 0.07655001743817 0.40032687794959 0.77721996533732 0.25090879294661 0.42825598072163 0.40125844948030 0.69455255386453 0.12382724515951 0.99386768850468 0.22782175505450 0.70429407491252 0.93298783797849 0.73935839284712 0.70499776590853 0.92771066197408 0.40229258451680 0.68388415555465 0.48822757972465 0.55527049795680 0.42974814300715 0.71450477576810 0.55945804462979 0.77557673569937 0.48896853770359 0.12789274543973 0.06022480674466 0.97033605331082 0.63333531970875 0.82016839004911 0.44118038671835 0.87308319396752 0.20664745527695
0.77385425058399 0.61005903452621 0.93523134212795 0.64313908934234 0.66886658216516 0.42992007841718 0.06774813514020 0.56616896512195 0.11500285331536 0.32850000530838 0.29964211510608 0.47248912315245 0.41723929261040 0.18627592051063 0.15242566277766 0.38750956247338 0.02911655273936 0.68574515287683 0.74029633720366 0.99719304775082 0.99176177540416 0.53757537519889 0.84063075596300 0.69367278082684 0.07756819813775 0.91894747305797 0.87617328390709 0.33760866687750 0.73645361074693 0.08064846269120 0.73649522308966 0.98345658315227 0.14930506495665 0.71314553212533 0.75520536396337 0.20700290632546 0.49888244643043 0.49321097679757 0.39703617805163 0.71700580250084 0.91048805573527 0.11721342934973 0.41697638911359 0.70125052887213 0.89266988362714 0.79229115966332 0.68370239254792 0.83154252381594 0.40742301586477 0.03775736930189 0.98636839242240 0.38346958485501 0.69399592517910 0.08708273808483 0.64349948321036 0.45100194150687 0.70419780230956 0.34919932079428 0.31564560304100 0.43557066563328 0.19543966799631 0.19255156780024 0.04778521547391 0.87428129731042 0.64158249502239 0.48762941677103 0.81878759914227 0.94451674888987 0.01089672270070 0.11917904030788 0.68997954802993 0.34308400414463 0.70280035152222 0.10668108675180 0.50051355594993 0.68421763265256 0.37013347847745 0.77551585212145 0.04022772989804 0.52620399507344 0.81545753578541 0.48990259439005 0.41747721630019 0.97005550568591 0.37778239982119 0.29671070108857 0.92227830506463 0.15974025241325 0.07393809665314 0.41804476235714 0.03619560411944 0.82760198688939 0.61277313833511 0.74867130715862 0.29126577629369 0.57124423879147 0.35450865927917 0.78847901115707 0.96359683861651 0.10284979504250 0.59542129490413 0.60249077600536 0.38969755985982 0.26257431391171 0.29428455025183 0.54997144880687 0.36100289192716 0.98217823495278 0.57526976177565 0.01977048711459 0.26022639072344 0.76257966929204 0.57411749586582 0.73238726213379 0.56577049942639 0.59402238907129 0.07902269662478 0.59603514330035 0.86873501943193 0.93156222611943 0.11350940120356 0.73162379442637 0.62367162896179 0.12944987133841 0.95472174351592 0.22358476300268 0.13991294705338 0.60436824098766 0.90599972064799 0.57516383663421 0.48202859156466 0.65358538029015 0.76993646563117 0.36804324419403 0.44853888473249 0.83909175967767 0.31447985548266 0.42117234458772 0.38585470918794 0.96122510110191 0.08431347312843 0.17056267145373 0.81771463029687 0.74582685623456 0.46729566314373 0.64969122657849 0.10939195498960 0.42417572342967 0.83361800109215 0.84588126179781 0.79555816746274 0.77504759072002 0.95104487027877 0.81965395353391 0.33549865065475 0.81448822887068 0.48141926393512 0.79821935808357 0.55885704766626 0.03643302784014 0.58629415678492 0.85070030703450 0.89549547909218 0.45075574293950 0.42377887179173 0.42441621180260 0.05589207977103 0.61659140934439 0.20657412460901 0.08193933620651 0.05662976412637 0.87105032724672 0.55444104344053 0.34952336013130 0.87886102057664 0.78566602418176 0.66683836365755 0.90710625220875 0.11491067149551 0.47098718369217 0.82525119284244 0.67886556203920 0.11017320817594 0.22747270419019 0.71897996940037 0.41402524291227 0.82837681142530 0.16414804181201 0.71195375805623 0.69959249841042 0.47160828301693 0.58062339548370 0.57935022890650 0.50231071844060 0.74810605775787 0.82475645381286 0.81513229705740 0.55473953326853 0.31482141950641 0.16737893772847
0.12506207744506 0.27923148369681 0.18705728655024 0.01170655434614 0.99162058945470 0.77718599746378 0.69390304017182 0.79554139810485 0.84230910230366 0.64542151937249 0.31723874040044 0.94766247286812 0.71994393272882 0.39109661882321 0.02298057982237 0.73699415271161 0.68540613396281 0.99057501176373 0.05021739065181 0.29613840797603 0.21568711649024 0.26115872648006 0.15614208420987 0.46206073192449 0.52985600874147 0.22135039282596 0.23862417602479 0.13773109956844 0.67858571028618 0.03571254867248 0.60890303500689 0.80767244116204 0.47464308818385 0.69001049316070 0.20061591322585 0.87047483849368 0.65029548030036 0.97874159355260 0.08618015465072 0.54574217402197 0.74854355572106 0.22403492717813 0.16619246450771 0.62400660130419 0.03164779367785 0.27878611666455 0.25922908581737 0.35299543920157 0.73896581534220 0.43251169918554 0.87500086339291 0.52774134436427 0.41426707117265 0.94231737317257 0.19168262324409 0.70464317667363 0.90103658701785 0.66177341766693 0.68268393979610 0.73948046662253 0.06986135221344 0.00613228917464 0.61001370513131 0.47627167478657 0.76626512066492 0.35811999004757 0.44569856798188 0.41497879506797 0.76006137906052 0.30655042676785 0.46803950914579 0.93522404710395 0.79397055046044 0.90749206775885 0.31484902497781 0.82350579597934 0.24102829315359 0.67824176495288 0.99972752187037 0.73014890428120 0.42607252145846 0.87499768647457 0.99806913056299 0.92552514727667 0.81259857100273 0.39467537558097 0.98119036982275 0.41941134138525 0.26635747245407 0.22128294623739 0.28257305673347 0.47544026818465 0.73349844785070 0.33693191998234 0.23461010671209 0.12551367460646 0.68280432855493 0.03173079102966 0.50936008538413 0.60682842257679 0.94516404239738 0.54141438496774 0.41199809291443 0.98427892538397 0.44846019175616 0.58917885910955 0.89441461342766 0.85493673935268 0.81429955063485 0.72855797224683 0.90737517616009 0.47292216422223 0.55839556928512 0.75163767955551 0.52568237125556 0.00895926080502 0.39064184230992 0.50781633274420 0.52996169529944 0.48082427794223 0.77120195677491 0.85664490754272 0.38526971676968 0.50706645385334 0.74475374894257 0.72801078254895 0.99402238104571 0.18905742503747 0.64934490121558 0.24202216325839 0.02413368954291 0.30145920778353 0.82630556788172 0.15097450961187 0.80976052689072 0.71873964806717 0.91297234247835 0.68153905869190 0.00817398362923 0.65517002968734 0.33112058059142 0.47452807918541 0.55244152307272 0.58528230175221 0.59028093294736 0.44201515013593 0.15667317711960 0.04899723980401 0.19099581719251 0.05046473637901 0.39968948233161 0.92216419454904 0.17859829884992 0.10286185249005 0.77458971779011 0.42505828406334 0.11022770381313 0.23837646825472 0.84752626064247 0.70053461164162 0.85524417458483 0.24111984178290 0.12414254463724 0.40792325524702 0.01146708123105 0.41492799148495 0.71821689825922 0.09603597653284 0.51285054154176 0.42287820858697 0.05333132847270 0.84942464702189 0.22474548877478 0.49125736847011 0.23038103685359 0.01692216684378 0.81411775665094 0.44463334718409 0.56327275611119 0.17660497634430 0.01741370008279 0.98858890471445 0.59057022138296 0.40703894152087 0.00553661047175 0.73116218157284 0.80723311405801 0.18990523900043 0.01492753138339 0.35647290928134 0.50920806805828 0.89838456934118 0.54674641683006 0.16765053847422 0.09649626803773 0.91085116198921 0.17812193173756 0.12548950404314 0.86843783589326 0.55952823644079
0.82294510454968 0.26496194329453 0.81911396389585 0.80733780646572 0.14334791565335 0.75022537493710 0.88732943110572 0.29476176842899 0.66569768952644 0.50496761463389 0.63912416773562 0.41301286704446 0.65830227990841 0.94787665632386 0.07669995568898 0.53814074861954 0.42294049371503 0.18097249072403 0.95676381069146 0.70098638469343 0.74874845192312 0.05708763473683 0.25321849744395 0.70315794761808 0.37152906857196 0.47193794855279 0.23867687533912 0.46461826662767 0.32993415627356 0.19991077021533 0.15502117306717 0.42987205119400 0.98760676663932 0.43903457433819 0.66922131927082 0.82393739706084 0.24969847678598 0.95016673931425 0.47968000448461 0.38448048172919 0.28232806390810 0.75391504640914 0.29680937364838 0.29037315173097 0.90432571654305 0.16745520342293 0.88530183116214 0.02315968826560 0.37900041793219 0.55490529316356 0.03371921459986 0.07782371943827 0.66907616842410 0.35571494684492 0.67383389909099 0.28710823176277 0.48315331261352 0.00182095198551 0.02726194248424 0.16744003646718 0.85296997089815 0.40923486524108 0.99485899235562 0.21479017989584 0.19428654331043 0.17951307703358 0.54794628885316 0.75695109995414 0.23028116936168 0.92106616917766 0.61804320076521 0.49537062233744 0.25078727455653 0.63683187864070 0.52563671181480 0.90799393116716 0.08786608985458 0.96387666516248 0.93855808390448 0.50595607838764 0.71772315547993 0.59143448028502 0.67772482121811 0.91939095006559 0.30753743200886 0.83986680927446 0.42248875902369 0.73269482132890 0.06802573942499 0.21410528886675 0.83149458671159 0.22511027735878 0.98861038891842 0.23517179524211 0.89102481985854 0.65751787627799 0.60727539770081 0.03960078637862 0.92707531080442 0.32010719729401 0.25106902548993 0.22741967000296 0.53202065048052 0.14818847658974 0.88836856265612 0.59631994840596 0.51973974899900 0.66033010306644 0.03831286971893 0.14779403740245 0.21939105133078 0.60407699945161 0.50411492819611 0.87605019916365 0.24525387112471 0.85992581088345 0.32427476264461 0.31208709318354 0.80397700490437 0.53188633325260 0.89184068822906 0.87411716647858 0.71870220745660 0.00145194708014 0.35334393502183 0.23014597153757 0.47072444507088 0.13393041621414 0.23731877918680 0.40388268697042 0.70614073573177 0.34386658231539 0.82677452240427 0.46683884260293 0.81878769767514 0.08655133152685 0.46797624136654 0.63242075485489 0.05493010200939 0.69887446609916 0.32108966629865 0.66588008087521 0.75246643187850 0.41196188827874 0.52118204793489 0.70815455358011 0.34339485619947 0.77852611086098 0.68134133902580 0.57081514989023 0.35297274412586 0.74771394169371 0.85689457528618 0.00138723423773 0.90730050072852 0.22032651333041 0.27380694558146 0.03665084667348 0.73257269311720 0.17400406616212 0.43346157667166 0.19879315855533 0.99777518522218 0.65131313698913 0.18048632073800 0.95667370701013 0.42833013475402 0.85405579124114 0.36398858839101 0.78640901602306 0.95207057066282 0.20640159521127 0.05771059121681 0.16213064528073 0.16788569255459 0.86673441523602 0.84148790607984 0.29477564665365 0.37579291262605 0.59383022097142 0.01600209674312 0.69062997054687 0.44985288447853 0.93051837846096 0.04023909007467 0.46002913302942 0.55997420471036 0.28872696704503 0.57569972726370 0.65724528068758 0.72223110228181 0.54731089786214 0.22218495256451 0.39527581847802 0.42130145067076 0.92541097015887 0.33950437543762 0.09939988566426 0.66929100662868 0.72876903016963
