200
0.83132922942777 0.65118454693127 0.77142136614124 0.03344762388790 0.22177139918789 0.32460986964119 0.62861746759804 0.76412348962850 0.04797573755226 0.95094831164506 0.93921568976800 0.50749238481650 0.24878957707530 0.10191517800921 0.92020485355788 0.42186144377467 0.85994604007041 0.81185138189147 0.04287607925646 0.14741943721232 0.62458458585039 0.28440846878929 0.72447992808101 0.42770221664263 0.22961869583750 0.50869205666613 0.10175694847788 0.77714041277310 0.77164058856507 0.71039717232748 0.02786075913351 0.36099909733312 0.30020997728086 0.53713014027093 0.86652716188984 0.43969590983758 0.00320934841879 0.84812306696894 0.79954954603161 0.02783868607073 0.13421312807181 0.47048387277111 0.79057490151016 0.56970040792173 0.51882798941034 0.84865865320857 0.03811539941407 0.89765129520213 0.85522562223133 0.47931820192597 0.84945857296140 0.68502006073465 0.67296189203786 0.15718673997968 0.58323239770893 0.37022730642996 0.60324397589145 0.90510185851977 0.65080312379742 0.31281790831926 0.84318268834912 0.86172577666683 0.90975993607184 0.76643800574249 0.10827806006468 0.82493854373961 0.84099114955645 0.72521565386466 0.90745925787336 0.91175809358115 0.49040365234810 0.75412823312596 0.87371971411984 0.15298341451904 0.81876716018690 0.95401301561770 0.75958157823757 0.89279028539110 0.17751556422367 0.59668718797167 0.21963005014291 0.72778198772417 0.89209824906933 0.12998283435877 0.26180713811150 0.78677465097350 0.58742165850667 0.42266465870189 0.23409999920950 0.71061145344142 0.57249427398992 0.32020581629653 0.93140248970899 0.16491895510661 0.16109535530276 0.06260917353547 0.47852456575171 0.12145511566016 0.88160449509871 0.03093536778116 0.57402871840079 0.79915876187951 0.43827841589772 0.18452993355317 0.71195336048163 0.98853609947340 0.12122606846584 0.96963493136462 0.92673527007594 0.15385844769399 0.84222557689491 0.64392463194017 0.96120968776254 0.80640544678738 0.10793489671978 0.96597984336022 0.23040972672290 0.16750675396659 0.34409792219896 0.16895489719541 0.95963388836177 0.15827490992072 0.25920045014205 0.86878498021082 0.50498687944626 0.27286780431925 0.04175394077119 0.42814352324504 0.22412562422377 0.97224930733037 0.60561996937093 0.35042820455709 0.12871860594170 0.60553165622049 0.26585716053410 0.45165535423281 0.70711132033276 0.66570076622270 0.89876376717908 0.32140304430301 0.98006006792118 0.97671791103178 0.98553425577701 0.80436792172394 0.40232640695075 0.38881146561013 0.59818126137983 0.78466845104351 0.54228834227694 0.71093759163544 0.49416078306124 0.67226832015155 0.51186204192457 0.00847794769576 0.42247892325228 0.39798080030987 0.07681636091388 0.50972354537125 0.85256622202715 0.55215471553138 0.09257926592016 0.73189596766691 0.14283324332577 0.87888449317978 0.09001001666910 0.57938850557675 0.84399576240395 0.47673234567787 0.69658465588623 0.30324086215384 0.59693545083873 0.63743202162629 0.14750581042462 0.05335515110287 0.72414523990674 0.80557063732855 0.21072159501464 0.78299974470446 0.97024320365377 0.05993072907717 0.78921326998554 0.13736152494600 0.01871920911026 0.07104921159783 0.78004869554918 0.42652949266711 0.27973120307405 0.83487619606348 0.08481639966932 0.96850740259829 0.24226211867673 0.69593626105269 0.63916049791436 0.33874791495954 0.38793813761335 0.51631569262030 0.73163948917466 0.46141115492796 0.30304708248888 0.84527442502450
0.18025560000974 0.54085586694557 0.29921227611332 0.84573221000619 0.40099374342335 0.84242920130461 0.95336488018879 0.75689552696942 0.87245157969603 0.11563416500406 0.57162947577948 0.37801475019195 0.37251068041676 0.25475870604589 0.81703493103337 0.22529517692939 0.71295952419172 0.88606749167936 0.77472082983864 0.30279622250615 0.48929801999811 0.90621678364376 0.79034544236907 0.70877645764837 0.34651208117455 0.78505559637050 0.03205039226539 0.39763600608018 0.43273975049792 0.72344333006679 0.45208559462469 0.16451649502874 0.41116520120248 0.49545851726890 0.90866548348583 0.83406625402292 0.17932109874263 0.34894287623507 0.80391286143125 0.01669196500357 0.73357380860054 0.30647272038841 0.08257908382623 0.03514809294984 0.18940745020829 0.91442118974045 0.00282308797027 0.79844554760060 0.63732902403409 0.63761689474128 0.12799965663717 0.46192841911128 0.23289563725239 0.10899564386098 0.53516346240496 0.47076326267845 0.91866891858298 0.17935161822247 0.51950573212142 0.48043060409214 0.63201732395093 0.77680257449821 0.84394165461156 0.82234208282752 0.96190304239770 0.43370963231690 0.28601544824662 0.18720675477500 0.92236012507990 0.32498072964850 0.53726983440439 0.44014066875253 0.67065017457487 0.56891850704715 0.65461495178869 0.64741485735224 0.40452677770280 0.13656363498643 0.01455177425418 0.69766099599424 0.81004974480197 0.87486555720325 0.92633323646559 0.42616716048127 0.79581879995152 0.72268892862061 0.14390724423842 0.68299381871857 0.14140835464341 0.76029269912130 0.91719508945663 0.85784554076988 0.95404205816485 0.66722815858886 0.50039005858486 0.69538316673326 0.35113317598379 0.13876203646798 0.50467932112780 0.54571858517411 0.12094212854685 0.74869637574170 0.74476322175215 0.61842305020363 0.58714000906396 0.60694599074228 0.75382428417311 0.85830739166720 0.86317584074776 0.02569710279379 0.40752434427618 0.62059908529775 0.85026292354858 0.05180933856350 0.61762393494265 0.00964466435471 0.65431759436428 0.02143058707868 0.58208652382343 0.73219812758756 0.81805023405686 0.38413300984225 0.84539902665575 0.99167304157273 0.21907853791707 0.46603349945407 0.68553016466666 0.32086518945187 0.56640317751106 0.61173908642184 0.98624651122791 0.18300007711673 0.08965733040139 0.30202279205233 0.72663916669850 0.87809256804347 0.01043458317295 0.84285419271115 0.68099542433328 0.79449058594844 0.39521848845178 0.14367846992288 0.82672008134848 0.22765441563688 0.47921191569475 0.11143244485156 0.87418508389034 0.87325469276699 0.22343781779027 0.99594650302395 0.17590507889762 0.68330451766110 0.96479520152090 0.41930914367450 0.48780570051418 0.19744657855244 0.99246318853725 0.30082387498669 0.76719174178624 0.54124950229985 0.17895170509266 0.88920443597277 0.84346887303714 0.69216057210567 0.05849135313349 0.98242190435535 0.40419613424357 0.30993787167252 0.94331670350555 0.44732173027718 0.35738798307888 0.30563661912565 0.07859668812767 0.07227793590071 0.89864844942191 0.22741922533593 0.73527392833596 0.15068863106531 0.34868234910752 0.96531759268369 0.11563269879804 0.58047846126546 0.15817381252483 0.37233997029113 0.45917671361644 0.99488983104590 0.41036596873678 0.18354044921946 0.44497056454872 0.82819193888797 0.41240164890584 0.27839649692549 0.56585183397185 0.79884314651544 0.83334693748115 0.81533914156332 0.35559758405547 0.10094659965862 0.38775480562565 0.48704839197104
0.43348362086225 0.76223643544583 0.96793125340755 0.07493422404979 0.77901397313155 0.75284154065381 0.57045703282730 0.17363093856843 0.76154049965271 0.58782016745281 0.33344700931380 0.97989308458285 0.31281313252984 0.51990481212331 0.40031280988995 0.06523653203628 0.04464984477176 0.05089473048310 0.84830447379317 0.09769515193148 0.55572647981103 0.12784686279414 0.66839087972944 0.86689865346092 0.79380352867140 0.17845904952769 0.92159990392599 0.63975490474447 0.82628699013675 0.58377733821286 0.40411547428017 0.76967090689570 0.70756109004334 0.91519639764471 0.23583545740836 0.12899240217703 0.60159276487269 0.77986710948101 0.42028134278903 0.24904435307006 0.50942978796021 0.54578393468425 0.06480695666875 0.16585774936687 0.20691795537020 0.02606158910098 0.36559512510062 0.81300895746248 0.66858898552828 0.02024772524412 0.96705618369368 0.08831127374317 0.90072913868914 0.56840361577396 0.60800593904275 0.49700800914062 0.02753388952528 0.72525237551467 0.78568273673534 0.65511270352589 0.86253315729315 0.96053031376072 0.54578006109544 0.19043405247787 0.95245696946026 0.79054428358557 0.60739096914108 0.91110805076235 0.82461697203272 0.62601100661690 0.07885113262062 0.21286605169754 0.24007229497867 0.26270553897154 0.75521864686247 0.55159838626277 0.14527073740901 0.60025200285352 0.15680242753570 0.47724786936936 0.37004842324032 0.50069577118422 0.14776093820523 0.60686386602322 0.12840913460877 0.12779081254890 0.90331187842488 0.02216224097994 0.14703232753653 0.24490930366308 0.86356043196633 0.64131402753962 0.11208830766665 0.84467933896803 0.30505415320892 0.49920392981115 0.24466606350338 0.07099346764378 0.39807032314862 0.03280042740428 0.81764598340968 0.31021879817207 0.09128354815651 0.51388948860000 0.66900319451983 0.35978609842536 0.54431200546659 0.18375057195315 0.06768242799287 0.95833003497762 0.28381774187139 0.04649152537528 0.99915182970707 0.78291339035958 0.12813043210082 0.60527812038797 0.05222832024822 0.75948856066495 0.76506199414340 0.93351279334065 0.66725889341605 0.88159481478703 0.58060121669316 0.41686958991740 0.46010003428229 0.73503475655630 0.82124863047087 0.70542519525948 0.09477264202104 0.87585684609129 0.42465019944159 0.73995590227472 0.76877919994309 0.71355949242897 0.50268551579636 0.14922919692631 0.97535083872490 0.45918425276458 0.78616644327244 0.88773321215495 0.68695367969207 0.95848608501409 0.28669627492778 0.33766552718684 0.85502585482419 0.76811331520617 0.41805941219822 0.73322748892405 0.91809940502347 0.45335589304994 0.37296525590809 0.64609194055366 0.36262746694899 0.80533360797003 0.96229036226674 0.73399568974915 0.09493164530445 0.49586112603078 0.92189420825576 0.18613128226439 0.48490623716304 0.80457823669842 0.25863572119705 0.05629608783655 0.88903982038330 0.69816124701371 0.39255263971519 0.52132495128506 0.82846850581101 0.27902147234573 0.01377449932122 0.06326211470012 0.46646229171125 0.13692627979584 0.10854795064767 0.10870850274004 0.27597867137409 0.20219396551396 0.80136665611212 0.83035577312703 0.20700029654936 0.20649533582620 0.38000826893741 0.54260060731389 0.81561290583070 0.70675694405898 0.92301707312510 0.56465175983344 0.91915268656827 0.84879171455300 0.31750815068475 0.62720956854509 0.79271707454418 0.80723666497293 0.60675970372080 0.48393624471572 0.63111143179487 0.93595350234736 0.99977343747500 0.50870357336006
0.92839613637738 0.57634041873466 0.86277926032973 0.58255738931989 0.33626763535293 0.06915404699578 0.76768126419518 0.26301960602966 0.38362126247225 0.21508794862638 0.37200077158836 0.57374070176996 0.04063847842277 0.08133532263578 0.91866134349585 0.52113040362164 0.18926431505801 0.64335320720234 0.85501356574523 0.22144236845114 0.55517706933522 0.02349441907973 0.54420833820044 0.83441512754974 0.88454960182682 0.45913096188045 0.46516231908165 0.58573808238354 0.42134331010172 0.84217504571766 0.23140852858030 0.69588402357494 0.70659876117280 0.10308863499034 0.26616438566096 0.42328438869878 0.53278614910067 0.10150425254067 0.35167196277815 0.65883083344598 0.79902236042389 0.84227298772614 0.23529581658917 0.58150734289229 0.71285964010159 0.15856829872690 0.94699121474326 0.78951045922947 0.17535000965360 0.45516502372215 0.34115694917170 0.46547097954901 0.15713530713741 0.76655619136028 0.78931683321955 0.01471350030687 0.39885084830918 0.75431065500702 0.57077790019142 0.21146482301158 0.53473150946319 0.50316351948057 0.87603470758159 0.58898578910371 0.89480525967696 0.86792611742528 0.72276400898680 0.19635272662509 0.98728184760088 0.49276400720420 0.22093800233153 0.02868653254945 0.52724410564721 0.25997775497684 0.18829229933077 0.92798920119753 0.81815118212723 0.13893400426576 0.18414464898660 0.62179538785996 0.15378847007300 0.44159639096007 0.37764786252137 0.02074125035881 0.75958630477802 0.22502366122114 0.22288980751590 0.60668765008548 0.90718138254018 0.08350455295325 0.64889627711243 0.09606563522754 0.21741891781555 0.12111377483391 0.57778575092932 0.28227932073171 0.01317007488862 0.85441635047528 0.23725844196366 0.64367107603373 0.01742556572854 0.07299153745244 0.95755111028820 0.79340659477189 0.97740495914966 0.71737549501783 0.56692360115609 0.86906725251603 0.00451133418689 0.29266965931817 0.60989883711902 0.79674857830244 0.65852957981062 0.55723988390170 0.68059545628555 0.39639599581750 0.09158149427608 0.64925354339695 0.65287361896978 0.19426669604918 0.89867477486122 0.60569948194266 0.81688225017960 0.86821226866885 0.63737361693151 0.38612283604884 0.32000887299561 0.84238237085644 0.67185442305465 0.13019933860426 0.13817608959407 0.81706939399725 0.00777702892288 0.20664533041136 0.23430307658508 0.45805871784989 0.50092940449727 0.80384587580639 0.48817236740071 0.50738065422790 0.68003362398583 0.68340914216170 0.71579303597884 0.81340847585842 0.41020684629771 0.52373110026816 0.28884843852867 0.19488849897721 0.31275156474437 0.99705155952117 0.72141879874415 0.53235466608820 0.57395820489842 0.72414324055818 0.02476794006767 0.90499253338728 0.85273972259609 0.01333611980583 0.76662670429261 0.46426112749927 0.27234980687328 0.10179984418134 0.90871091820767 0.25955777069600 0.83964103346428 0.04237638400764 0.59844065046837 0.41703788250527 0.58805084359291 0.70827558153670 0.22331154297456 0.50816559986608 0.15644030627112 0.59656706764229 0.60909238820468 0.13907497670405 0.21841431429704 0.75479321819027 0.15967856064692 0.69750776781387 0.53529755636094 0.19725660500413 0.16772185581908 0.03429292565302 0.56715946948156 0.07331196395653 0.19403412606802 0.60846119354521 0.52750001536274 0.40178204166243 0.35877601074701 0.64912218502606 0.06488095737010 0.24661565313129 0.11425112274641 0.59332854471514 0.99159888020894 0.97909395899513 0.00040579861280 0.27912127777092
0.41397049366043 0.60733185492711 0.46361105801168 0.66633668975021 0.93366342657337 0.06165034111644 0.02761923437324 0.60794922489846 0.09056436858919 0.94629697925565 0.11147594478920 0.54831653004238 0.71370449891090 0.30060221468082 0.07796251612872 0.38396436094630 0.81779398033291 0.52140279868672 0.09012553337473 0.28886976577939 0.87500156787071 0.94389472914358 0.07566238653831 0.84471147585045 0.90345843271126 0.85972909526262 0.92937569535254 0.38012458547995 0.64949120828241 0.44849816540065 0.43448625653923 0.31970765481002 0.89208060949209 0.69944182729002 0.27752654051772 0.32711646812854 0.21468719450000 0.03800108315749 0.76792288003617 0.25985640422287 0.22207221431428 0.39354438593796 0.44156466123425 0.43015829192649 0.27839335934088 0.54017919844194 0.78326590922234 0.45410131336242 0.86909637084328 0.79077403447560 0.45324394204117 0.77932498643230 0.85025450308769 0.22591529145879 0.53219987622057 0.71379898601539 0.13396297040685 0.61531342003750 0.38101713469907 0.56915767249798 0.40162006156873 0.09742516876173 0.41011793565265 0.83887041345845 0.50988003987126 0.66618264023051 0.98104310841100 0.78609407264074 0.20521084255720 0.53496132863925 0.50271363688575 0.54042456951906 0.00094343667091 0.82852789224115 0.89204632431756 0.39853497095633 0.58612214926585 0.01938717111841 0.99858998823152 0.76250951722115 0.61854837423286 0.59841367394890 0.62737057082819 0.82426181632244 0.21027409871730 0.75528153432200 0.96634589464444 0.23426822901879 0.28222797496293 0.72655225021242 0.69869491054723 0.46392258600347 0.34131885236230 0.12771745368358 0.45387536771023 0.42889488387930 0.95066508532436 0.33009842169378 0.70508343521008 0.34804918878335 0.06967351780148 0.60216031305366 0.24625679175878 0.34111760556960 0.03195873464215 0.96544115774527 0.02058450951330 0.13550624575670 0.47711072397915 0.81155639167007 0.55764172639937 0.19400916006824 0.53463355509808 0.53458273051682 0.73265918377412 0.11980042808173 0.22277625942004 0.19035873914113 0.66905987168502 0.64893889999990 0.28606312793991 0.03034349568196 0.47285692171413 0.74183231519235 0.24563253381311 0.52235617534862 0.17137346587672 0.58973035665710 0.22637894749663 0.60009357951647 0.18349487307333 0.01580513741666 0.60670398597167 0.55242960936145 0.23909244814732 0.37696171151979 0.68071420573199 0.79302570088157 0.60235502897151 0.92149196696919 0.65987112555396 0.24602607819927 0.55253279204913 0.69026556422524 0.32673200907637 0.11228355298236 0.03660960985956 0.23654254070611 0.04045505576166 0.52260338109079 0.33138781807684 0.57492116715852 0.77281938803292 0.67191325518069 0.27618770253152 0.15404088151831 0.68831692408322 0.24702229510396 0.05276719785788 0.52428765779502 0.19639190735133 0.23697489766616 0.71839553912371 0.20375216199841 0.87556845942063 0.06082348187118 0.43924668679970 0.00566731642647 0.11609639460208 0.78466942388466 0.96370611834056 0.92605051927869 0.77902157057102 0.07895654494494 0.66418084263396 0.43804316791187 0.78584222605516 0.27887264746511 0.06307935156997 0.98794816410833 0.12223386448747 0.63698955175326 0.35429636475983 0.85006835543004 0.62079560565867 0.44043560381319 0.17664419582162 0.74340530983890 0.74057676918286 0.64708373000219 0.95442744781161 0.35628277065786 0.67154185240222 0.71436701777085 0.87988053636249 0.92763502117794 0.78973330662117 0.24067356630312 0.69797341763063 0.13382515651611
0.57704156238599 0.68991290764813 0.46972179488987 0.86749493498853 0.41754992621329 0.84148207491303 0.40191074581160 0.57689543175310 0.87243668295853 0.62387240610349 0.66348992577444 0.43196621575442 0.86223954800994 0.01952180600315 0.69468898039579 0.92798266310011 0.74220863408763 0.46347781782059 0.96801120866198 0.88167542250682 0.62917275648731 0.06635528725068 0.70160225591836 0.20536680088178 0.48505617956594 0.37050024232145 0.63554611923977 0.55693470263495 0.95181779341941 0.21533455597742 0.73800845854954 0.98926240783293 0.87208530581348 0.97269623103310 0.53981923258488 0.39653015871288 0.29338314994900 0.02502891390642 0.28937556156322 0.30829944336490 0.61604158103442 0.30767891081913 0.09645234154421 0.20093710648614 0.44052767042234 0.49060062474031 0.68188809127193 0.50791069910741 0.64528389174449 0.27169377805184 0.43040986948237 0.41783927481728 0.61515631851757 0.93433826020964 0.78932920336124 0.37159805566974 0.31248878701221 0.20683766451138 0.73574539931011 0.40113324611503 0.97241614976056 0.35600664927695 0.94390878714136 0.10556569760555 0.46902043599791 0.53573661708706 0.33429400771385 0.87872686230716 0.81274810010448 0.93910486550200 0.67715063072692 0.53329100064223 0.17975047890764 0.54677042507973 0.99707632227663 0.40410988308375 0.68534235871810 0.86698053367445 0.14725667089416 0.37778736273192 0.22958493867601 0.75943745992520 0.48364542341783 0.34498712307023 0.50446613296241 0.22703656923916 0.70947702506639 0.96781882569706 0.19400908626525 0.29765724241862 0.36185548904756 0.53444568500169 0.65812287540387 0.35693615562340 0.94036434470096 0.71814525048267 0.54277199877284 0.50275896330271 0.85247028159727 0.82781839274429 0.23161794690565 0.66633181295312 0.92787925319546 0.05699911331385 0.99966479504860 0.77793351720628 0.85016702944188 0.54592875681444 0.04886501628147 0.11597315261550 0.37910385004921 0.75881322056301 0.89327491337281 0.79633683380792 0.73197137611196 0.47720916295017 0.39067960705495 0.20991153890616 0.65459319282441 0.01650190838405 0.81832505018792 0.17700381402294 0.42063808555114 0.38615373124053 0.56456243159200 0.12813930620379 0.42966972631954 0.14515158081095 0.76982965515605 0.26752410362991 0.05850905503930 0.74274727125934 0.04694462836237 0.22883411587008 0.75430324354977 0.47933856608162 0.49873382159242 0.34861295003257 0.41390148990651 0.36355205742099 0.55854588968394 0.65024274681237 0.78992377501310 0.83652091540231 0.04907228163691 0.42064574316891 0.22128756812585 0.24272390014422 0.29496520555427 0.37269476612356 0.54244662792010 0.49959188698041 0.93755624574853 0.22072351166919 0.70757506563506 0.72193342229472 0.66670262207397 0.48185566463699 0.90279466649602 0.02335658969689 0.14608287619847 0.73583267917701 0.01697922466524 0.86471978005093 0.79976243641636 0.85683117463404 0.34736032814100 0.30715341703506 0.86863296125264 0.48004227499953 0.55352469871137 0.43331955383804 0.19723268641196 0.80546138505455 0.34328625974593 0.09943427166968 0.30251606785317 0.86766150888647 0.78630091773467 0.65455443946238 0.91781531250764 0.69693426694711 0.58681976688342 0.22652939724338 0.76718196438934 0.82168457331870 0.15882284761333 0.72805564077365 0.62567031724169 0.44286565770274 0.92066753732301 0.13434780774182 0.02539840860173 0.62472887914826 0.09020339488302 0.72613610979821 0.00500235485182 0.08343696979868 0.72298034824560 0.65947512946148
0.62566655555209 0.77964526239033 0.59404257468403 0.83760211663520 0.88899888694334 0.80134645590224 0.59639366957246 0.57988117665427 0.85925533823860 0.88074710553131 0.89216290427600 0.39063225883694 0.16093002078935 0.27938194956480 0.31854389756812 0.21833795408411 0.90482111208455 0.95299113462387 0.13557965079596 0.57584018336730 0.57167365288281 0.56611407802912 0.23181300609569 0.72254427789901 0.11268336118792 0.93237527449364 0.38477093191911 0.39486249300014 0.39924343874867 0.15187908185340 0.62616291673395 0.18152378726220 0.34175416104871 0.99503673052918 0.44344690934609 0.45608717739408 0.79136435681015 0.90520315779983 0.46339322836265 0.66617666108666 0.13821459611712 0.03075080054729 0.06160257727138 0.47428167511518 0.82039495677327 0.14161549858431 0.23214800868103 0.44775604256045 0.71289345119757 0.92316090301538 0.79309314826792 0.42213714144136 0.77738713322570 0.74551812676799 0.28012291683057 0.59623542711560 0.43400481019607 0.65844407275992 0.35625426457913 0.48112467534233 0.92778069794171 0.31993796016548 0.33233277999932 0.25213682088421 0.99305556176044 0.00677622131480 0.44526311890638 0.80288751666205 0.29234621465962 0.38082192371820 0.32755319141235 0.45686062130411 0.03321020509313 0.31031064182891 0.03729256986124 0.50101864872793 0.81267195019131 0.94855631079919 0.01321478656969 0.65893129944014 0.27211460117091 0.31691644294349 0.93682263480819 0.08019382658770 0.52428322486058 0.64728058852047 0.54321203144758 0.21723956843562 0.66655588860387 0.60029647402516 0.46161002760653 0.86431119483523 0.85429631344229 0.13691787563454 0.28193065763132 0.45162040435421 0.72851321021966 0.14447708625067 0.81231915675708 0.87359717121319 0.75220471740857 0.60588020351922 0.56393749976022 0.85464048687763 0.50284006063645 0.24838887812825 0.77380134271135 0.80628578013656 0.03424133786292 0.18796488806597 0.05466034937823 0.98801380127935 0.79628080100210 0.07259311829803 0.41775023293496 0.14587359312904 0.56264029147256 0.10953512308887 0.36570860727999 0.99833612336398 0.19369746985657 0.16142874007215 0.05659966466115 0.31855282963239 0.35763660069276 0.56923214126672 0.72391568723620 0.71017434092995 0.22483401588441 0.89499743387573 0.88241679980161 0.92875915620967 0.23222017572934 0.90606709736401 0.07459996575418 0.75462778747837 0.06261812259928 0.04791662685094 0.80671752807830 0.55697748482844 0.21042747971330 0.90236378712325 0.73091508933548 0.52421661855195 0.81826973866406 0.05338820771574 0.55568740062670 0.94601721903645 0.82308341875672 0.39834812325208 0.90886392553745 0.56069967662700 0.78723510435323 0.44705458865918 0.17615013968244 0.38615128773464 0.89754025639048 0.88998190839240 0.75257810088142 0.40686360370371 0.09344824347080 0.19208209260951 0.01921474097683 0.94638867214462 0.79852653197211 0.12782159489991 0.61506542712147 0.76460381706439 0.12977511538476 0.50545596170171 0.11579984071006 0.16340669304146 0.17075525282488 0.86261437368868 0.49379224909061 0.61093946543332 0.85197574180106 0.84231222264127 0.56749149530096 0.66891469657785 0.62259806138670 0.68452927891546 0.61488860882691 0.16609729323739 0.52936822772893 0.59555146971137 0.23391533825621 0.96010140611237 0.54082231444218 0.00469308392593 0.42971096226926 0.45717083582403 0.59932962677403 0.10675759757837 0.62980616297325 0.74177005842323 0.96712896666903 0.71098383312945 0.04228323731846 0.74645898727984
0.91499227011018 0.40737345019214 0.48994271486294 0.86649847584510 0.73540556111397 0.98372125487339 0.39156774210064 0.77304455754203 0.50267673748082 0.30887083267630 0.61074286944166 0.64361270336378 0.05310534693927 0.30774664408462 0.43059260419090 0.91630024418790 0.47497794335419 0.94542285738702 0.57568714355153 0.87597230721433 0.49345365810144 0.63031163773664 0.97090969206100 0.54460919742431 0.90882984768595 0.48193838039610 0.21074540180816 0.75534111266517 0.17091690305628 0.35825768287706 0.53363344898734 0.21931862040378 0.69924495335497 0.06016263727469 0.89089769182763 0.81421551873909 0.61105244226175 0.05548076527857 0.67834526895085 0.23768710683771 0.09547411489245 0.04877577049243 0.73169469725089 0.60849889732387 0.63445656298743 0.81583185742690 0.93544059263135 0.31246268976971 0.47637371197832 0.81288248447653 0.89043808104892 0.75672098315775 0.76266236401022 0.25094649994129 0.70831482497793 0.29084032159367 0.12365233728775 0.93539542861133 0.96410044658164 0.48951810787527 0.83408702717509 0.90993864504031 0.52646886162561 0.71581906900701 0.20168811090862 0.03623053471653 0.70130368955491 0.06316993657229 0.91572186055471 0.59521648266003 0.48029564298384 0.06935224213591 0.13688619765218 0.62303221559434 0.15099789818234 0.88187246843666 0.06060537302088 0.04113846546488 0.48495186616411 0.78392416211114 0.25890287299478 0.38891554420150 0.87731435010522 0.03771691579477 0.54200565474916 0.95589865072228 0.04157448547822 0.67536244151906 0.69566300992695 0.07443888379616 0.04189098785416 0.93622643674569 0.50082649492267 0.61000893658802 0.95441611608313 0.65347215509852 0.58878158136531 0.28507658431597 0.13097014866557 0.80099919616760 0.47487164113066 0.16395079324129 0.85006925324260 0.63298921988273 0.42438300123663 0.22853557634556 0.70103940439711 0.33049771107693 0.99700317716953 0.88170276254449 0.24819250025890 0.39635936163643 0.41552434961079 0.04492027832911 0.45416501260126 0.74610156788893 0.59290469960852 0.92439480693570 0.81548194801443 0.86770773085677 0.99940403821514 0.78979739650277 0.92486529249948 0.13978155135142 0.90834511759782 0.48831525495893 0.62371954318824 0.81775201182909 0.28863589924276 0.74776378879221 0.49251778087266 0.99695214006196 0.63102027854587 0.96412159348677 0.00167841277606 0.59259063605057 0.66411730932356 0.26741107004223 0.06814345144440 0.77046402019712 0.06994068284124 0.78869897125845 0.39806888986858 0.44678892814641 0.23599343596863 0.94235825836276 0.75582530038970 0.29332157894424 0.18493642350662 0.30674804373668 0.47684977345851 0.09293346630616 0.46121569052422 0.46022960391034 0.21018491634185 0.19362017312001 0.78236406954605 0.00381048680518 0.56800967426884 0.30532464061559 0.23543621177358 0.93514157564173 0.73539634950646 0.26447948365380 0.97112290047526 0.99463888810447 0.70632705439466 0.26053096657758 0.75850676214059 0.48863856595485 0.23776068161858 0.75384844110647 0.15473564423595 0.54265547261037 0.16060044217112 0.21093288563690 0.55413411371843 0.48356586840974 0.26226798336843 0.81850472029320 0.80352379527263 0.13988334598243 0.11683206395313 0.44998832771042 0.36212815929458 0.53181878491304 0.81757383177961 0.74436704480812 0.43003995770892 0.62967150593950 0.13093057981644 0.90786608340504 0.04268189333579 0.65970465816195 0.53027580990388 0.75418824242077 0.51478261360890 0.49650892467545 0.70010516640645 0.64072164789243
0.31658136531340 0.55097035578318 0.92909308058242 0.72884317334531 0.41411609750254 0.06143918019345 0.57835289067619 0.01983875689527 0.02227686305352 0.82476731089613 0.08314444019990 0.19079992150514 0.21174107800725 0.92908943270350 0.98771513052835 0.27975379183853 0.60579456282940 0.09851407583185 0.77319498974527 0.08882353896680 0.49136402738704 0.73913136123260 0.19923060470817 0.95389508279711 0.68310550359471 0.10067677446503 0.56858007717727 0.63015765291938 0.60665625533284 0.98316506185236 0.69505798361968 0.80825128602843 0.83743251792468 0.46435628028551 0.97085015046239 0.68256490551470 0.39961520060749 0.39688623786756 0.00614752985056 0.82223049645479 0.43807194135291 0.53439027076277 0.06292830288287 0.11645490854083 0.91442274471531 0.95197535015638 0.16591121767128 0.72972368262668 0.40511314954915 0.39963039902651 0.35654768122070 0.64760355926325 0.58466611177177 0.76129538024579 0.33938459040660 0.62129197882448 0.26507789380636 0.07129550269598 0.87504110650526 0.41791995427016 0.03958531013662 0.95298677524618 0.59267552156392 0.97773030977378 0.01766934590807 0.62462329780654 0.70151249227191 0.49373137671674 0.52486773225610 0.22192368973354 0.70586550303739 0.82256192035676 0.12061008741298 0.47094716046742 0.94176600674250 0.16449072636139 0.53456692314504 0.17921717402305 0.59530185054809 0.32891771511414 0.59602269966268 0.26563665258454 0.14877141940013 0.01129865243058 0.81464072157359 0.63327516190777 0.77057477590050 0.42829729449148 0.40253917509083 0.11122526240623 0.04232136785319 0.77021337417804 0.33796902627491 0.34163892061063 0.71697881960299 0.93997817663264 0.41514893492867 0.23592347411946 0.84829364975697 0.59429825412961 0.48419188950696 0.44073339267059 0.27128538688722 0.80498385687583 0.73054796904474 0.32431835302892 0.12071420439308 0.75996648196202 0.61879130108706 0.09802365038526 0.33011577848482 0.36312330053256 0.40778254717025 0.31914574902865 0.52726747293837 0.39472050928235 0.15999168871311 0.04698541578625 0.72594472870462 0.13020034339870 0.72134662809622 0.08931316891973 0.68696763727779 0.40550037038077 0.97755974837190 0.46873502071026 0.99339435868115 0.24183097267594 0.38445803157016 0.07473220998261 0.66155449096230 0.74035256607671 0.91269186432441 0.45476276971165 0.23155377241704 0.66073843559362 0.87823852431001 0.44988404169562 0.63966183696713 0.42255596421883 0.37421542344141 0.13765269567060 0.33690515191942 0.14908004925666 0.21745330076239 0.46992789781086 0.70236856248532 0.69745603435606 0.35061924788283 0.91741212040064 0.87407207332685 0.62637166315689 0.43466026956956 0.29260091684023 0.84842483197158 0.31121756595733 0.93679876566504 0.53154120853989 0.51463522580966 0.48503063932867 0.10602787497371 0.78582127747682 0.82372274956452 0.19524924370532 0.20618481968970 0.08279517017841 0.83970894485239 0.31847256172567 0.29638374538921 0.06519773100767 0.81591623131534 0.69328380109068 0.18989937997635 0.37579474535242 0.72224738156352 0.75678907220992 0.54042771420123 0.81220414999768 0.72772877829798 0.97355749774549 0.33210264329188 0.80289364606296 0.61478603716728 0.54186896653603 0.48960191932594 0.22988983896082 0.58483740575616 0.26550849859022 0.39054184106612 0.80387920720248 0.34589870433518 0.89280296704640 0.11555243008265 0.44476431514179 0.02199019884655 0.65886424439977 0.97398244044882 0.76972959224328 0.13894089117016 0.45636657958651
0.04407170398263 0.07424585446954 0.41301114670013 0.40743898056299 0.89312418618311 0.57813592432187 0.98932998117451 0.65295789665835 0.85088237004648 0.74022176810270 0.24461122059618 0.87821870006844 0.40349301215714 0.12590805278835 0.77646517856659 0.36998262497119 0.55184540341815 0.71633387369877 0.74259881798936 0.41715287676391 0.79737813893589 0.60547096571532 0.99055722597855 0.03242533816342 0.01370652637081 0.64485960623222 0.36079365661553 0.78809535749665 0.64046452285547 0.79588097611527 0.65160294730364 0.66515615523338 0.94857678862533 0.76118192110214 0.33464729725952 0.00706108108734 0.33012006868743 0.84001637389832 0.13302165251092 0.78739326560990 0.73836229966403 0.49758247860007 0.03273281729586 0.84618122730395 0.56302177643358 0.99740777918290 0.25889299307421 0.31073372602969 0.40556056363317 0.13756623645412 0.22933516330388 0.07101511193852 0.37057589599755 0.36526503252193 0.74310871201493 0.96704567153632 0.14388553041383 0.85455969836655 0.56810534060642 0.72358449067244 0.92592215609992 0.98620624213513 0.95586660724596 0.41520194492150 0.58483023916084 0.62728240569976 0.79475049341986 0.97260364885448 0.20677959913023 0.95325307611682 0.87856812853274 0.14785224879342 0.31599111068887 0.85287501063954 0.59340215461105 0.01395825141054 0.77529937714273 0.05246299292417 0.18602863628940 0.63230284092209 0.33777674292611 0.59811533100011 0.81411052766191 0.55220944808011 0.24740203772553 0.75001300218313 0.84231796371860 0.47552089741781 0.76733603173726 0.11029071349727 0.75927398973166 0.74208255849724 0.64667107243926 0.29891700442755 0.08903238850712 0.59935972482968 0.01947523669758 0.58961214591309 0.31821047032225 0.77770448120583 0.38350784944823 0.75379365774986 0.08963342695250 0.78646701558342 0.25081131772573 0.30009778929231 0.55917674622086 0.79686635030077 0.96072592256916 0.89725100041271 0.43983757696070 0.88511790965205 0.92550711618673 0.30485673898502 0.01694065783201 0.70075210058478 0.70353938997053 0.06103504222978 0.58881219601613 0.12270478347826 0.97785975919143 0.14569104316861 0.66500792244228 0.11250666057850 0.33439774097772 0.47191992942956 0.69467975843978 0.57041280113130 0.55115654818090 0.62594437555433 0.91551261066317 0.12720198221135 0.48311272687387 0.15825918892548 0.98882192804658 0.82410475000889 0.71910002476003 0.07024431748002 0.78391129697230 0.08425421744224 0.86434764987429 0.46520221222436 0.32750786814889 0.33835420367279 0.85789660345886 0.87564234699802 0.05046752440658 0.17872042302990 0.90972290144536 0.76060752723335 0.28134419707995 0.47099393262506 0.59569664937610 0.68401024694722 0.96968623474089 0.10806242843108 0.34525507513217 0.45569207159537 0.48539089868120 0.13070593802060 0.03318097350657 0.62078338397645 0.76058936526379 0.88448866336535 0.15933755935744 0.36580000728638 0.97327058606362 0.85754612253858 0.62109726568468 0.91227986200870 0.77774260818006 0.21551106481673 0.38834962624841 0.73731146788705 0.01681929369552 0.07887177564762 0.74318028106436 0.81657284779029 0.73875053926722 0.54879447449196 0.22549079251963 0.88679390774214 0.78037363275219 0.12297022570069 0.32421863277469 0.78290115585601 0.37602419269879 0.41756771482862 0.70864482963050 0.09767027812942 0.06427893176212 0.47757258063295 0.43279527773608 0.34387639297223 0.20447030829762 0.94999099859423 0.29464012521877 0.58311766647144 0.19088416341347 0.89938056742872
0.28676580159053 0.74319789682704 0.19197447723876 0.41384774432587 0.74050990537077 0.06283971875936 0.69510281667126 0.90155312437253 0.15028523058799 0.03651119035850 0.07466564107846 0.32817459291724 0.01877958426653 0.62330260249544 0.16143981943859 0.55635989491705 0.65014790257781 0.34763195129779 0.83825781209576 0.88668064385905 0.44499355333689 0.50315477748600 0.18540667332055 0.81127339193455 0.96883117887645 0.65296414269335 0.09978199991893 0.79570046932166 0.28014122009935 0.39386198714005 0.53666783101218 0.68996902516375 0.43730658877423 0.86768382053728 0.51215102130353 0.99933197959624 0.71338923576628 0.81334543631843 0.48035035749711 0.92582189286488 0.89622789812239 0.73429820009908 0.84869269051678 0.89915153030279 0.69175319862520 0.26065370325825 0.09827716351082 0.32925181863855 0.99440727182980 0.70346394618712 0.52775864002508 0.63175410082300 0.08035703711999 0.55941045442466 0.73177819019965 0.66793227503744 0.45720456578007 0.67582421175228 0.57517445889971 0.18169776586405 0.89974435216382 0.68284652874751 0.22519044194713 0.18100853764917 0.13693305956385 0.08869025529741 0.25747826778708 0.80459536771056 0.00138565783799 0.67224613994314 0.88593592704893 0.55277656722239 0.13379988767080 0.88465244711244 0.00908918020506 0.01539215264297 0.16077929339318 0.99908616829240 0.51863526367508 0.51031285509433 0.10768595372648 0.67385538539896 0.86163791561952 0.85273203768819 0.63086104994830 0.90012605944841 0.29465881319133 0.00801463143044 0.16598451404672 0.89320435495519 0.72485302875444 0.54232087877624 0.97961547365212 0.94507122774348 0.65147088991082 0.56174875526824 0.24460288569075 0.93170087073134 0.44603256581175 0.50365625493005 0.53156731916820 0.83969904968700 0.28181172684438 0.26364506503440 0.36410688964699 0.93320895740390 0.18275523473797 0.80199465346934 0.34073027319983 0.89374147649485 0.74084352826567 0.38162648783360 0.73974262509149 0.42167087396119 0.80767801763222 0.36481958509841 0.15436409467286 0.62243917851207 0.39791660337513 0.95226493853288 0.35522355363036 0.93283839378995 0.94998146503162 0.16138924889720 0.45723044060406 0.12732304015164 0.87766006769277 0.83774764011343 0.60722135951197 0.99589582326257 0.91538551579863 0.82775755649716 0.38112919162439 0.94747966194780 0.56817332807562 0.00117784951075 0.50626790445519 0.77700833885533 0.66449314591351 0.85069194533441 0.60767658195729 0.00514484980920 0.49199097583687 0.42320579527378 0.33568925578401 0.27495475081573 0.36032863353153 0.66515500437698 0.34982079054007 0.80792942366273 0.36593454826391 0.82659396022069 0.80689664324257 0.43336894700715 0.78102885870977 0.77484823066169 0.31045897867784 0.36474302641833 0.61721726353101 0.06184723753164 0.15631706403121 0.96518725756195 0.99908235158722 0.54916840463521 0.19758255919291 0.18484019262527 0.52506565235831 0.74214431848388 0.20172825257831 0.97562028664470 0.37277575256243 0.28146465644312 0.64131934410315 0.56809230589122 0.51792777695945 0.85917078089398 0.79327795646239 0.38189833035980 0.32076421091181 0.43870837374893 0.58560051306545 0.00844408819347 0.45790948104181 0.37094883564823 0.13265887005591 0.29468868674408 0.18572358974816 0.88502248068292 0.15997275952272 0.05367582725334 0.34096416217129 0.66368400028240 0.23516592709735 0.41307493364018 0.80766582483933 0.90490726964114 0.12122008129915 0.79127118168895 0.46336086265293 0.48817188975379
0.05318755990638 0.60636614898939 0.14579080155915 0.99384509984538 0.73506403164728 0.68091830393772 0.43315832626335 0.84033495964021 0.07684877849488 0.47640793045922 0.37363446167086 0.63539268315604 0.54430755317999 0.60744904932890 0.65156923712782 0.30207970052336 0.83651447337632 0.46759416553791 0.73696995107522 0.50768496390019 0.92849632298732 0.16744578154377 0.62942515674414 0.76025264590583 0.69247653048204 0.95865137973931 0.11229200868341 0.52068914294214 0.05439809714547 0.24900597621709 0.18954841094390 0.30468407564588 0.15830972683443 0.21931486380599 0.14433414159461 0.38575175354340 0.91262171490032 0.03659338460731 0.11259439086195 0.80212853144864 0.77406473580538 0.84662992500687 0.52876457087851 0.30893933618144 0.94335396861824 0.54529896920108 0.31198435090912 0.80386279084102 0.33601095950460 0.58951472537679 0.72161961494921 0.27179084299362 0.75095543625052 0.70529174435656 0.46543558532731 0.70305776644621 0.13100707571529 0.64612820615602 0.67838903563029 0.41900658996974 0.10870604976049 0.14784417470547 0.68742135845933 0.41230850393725 0.79652118180947 0.99342039605417 0.36293743206628 0.65174139975908 0.40688691564868 0.18246171613604 0.87928442811192 0.31996604635978 0.59342253933648 0.08437434991646 0.22435568608173 0.03743242860960 0.01940340382580 0.43272282726412 0.67927562588264 0.38314196976681 0.06744331347699 0.83190143201244 0.77918914068138 0.43245026307479 0.87292088975847 0.28061607949032 0.16395998014701 0.04845377282981 0.31925169965888 0.15502287850461 0.85950050588213 0.18353618034713 0.78758518346723 0.38030494216945 0.40950582557077 0.45066606807401 0.28733089812817 0.83182226387850 0.20226667811675 0.30061638833449 0.95901117708023 0.89157760885724 0.91226556189818 0.91819931540040 0.23355650158295 0.14888903536924 0.81052115371560 0.56708903976521 0.66491028994899 0.99950822344348 0.44302996497199 0.02425124565602 0.39309405389441 0.35063454681397 0.95125930596372 0.48822358019937 0.93482045585110 0.64426814298506 0.41704930764928 0.05502648935611 0.55265787702903 0.14845290109707 0.77860120777452 0.89695806820053 0.17314364937772 0.81658891166618 0.46455579969055 0.75766477990612 0.20923322524310 0.18882087387550 0.83629787433536 0.14602687950234 0.69655008407325 0.35992619391296 0.87594811523681 0.78036817537272 0.22255289460782 0.35326026100272 0.02360992378721 0.85019413632692 0.72070153446123 0.46150165535147 0.39270736222053 0.90086129771961 0.98867232346823 0.53898866021255 0.79304163812621 0.94446988319117 0.63781974368840 0.37549652026134 0.89343803501315 0.46332792219307 0.27712789007927 0.01006092644411 0.37948520723012 0.61624329509797 0.06915873928469 0.26500784311096 0.58833975996584 0.59248041456277 0.56428066169545 0.06235638833628 0.07712710140317 0.20439697498419 0.16959231378274 0.82785350695149 0.44878055838161 0.42832338215721 0.18401981102845 0.44414214440851 0.92979517681123 0.57482316278775 0.83041668408687 0.46688714136644 0.04637603646509 0.78410079645144 0.05657520871399 0.13031001123395 0.25808294309657 0.75910684793669 0.91156999864245 0.27423426068004 0.39749383472072 0.51418606422112 0.18592411136643 0.63957411995339 0.22860090622788 0.21745044301452 0.25525951641638 0.96526849691113 0.48226357451391 0.51152840620985 0.32474653136645 0.91442209043588 0.99317838855999 0.60366625762866 0.87997112115673 0.07250023977142 0.61036345166619 0.47888877163092
0.32681502313749 0.48857224789255 0.00915736695418 0.60057398781760 0.34345342921880 0.50818727434185 0.07932058095949 0.54541201518903 0.41416018635770 0.67921636627602 0.34235042290809 0.30359055007405 0.10236328467237 0.58927709216783 0.93814457748164 0.34658148389033 0.23699490028228 0.29866731954311 0.94059656209530 0.88164221340759 0.87613382698277 0.72249752695627 0.98645430118744 0.63717935564166 0.22849578460108 0.31261948589911 0.63570206066562 0.55961184937878 0.79331806830495 0.36767468926550 0.96683882355657 0.37084644538508 0.35852181777909 0.91976120132984 0.58926797252256 0.42063583667814 0.95603661037853 0.66625504637012 0.10231613187891 0.59650606166305 0.16300609874099 0.29316196345006 0.81007429897670 0.56838867419212 0.67740535463883 0.33762561664376 0.01542068355957 0.10719823440476 0.80000560846082 0.67519962499038 0.22218318707108 0.28277741005884 0.96901027292257 0.77341523866041 0.49285115379478 0.16541238036989 0.45957856891087 0.59569306676856 0.16841338786746 0.71092519432691 0.30622621560344 0.27453177162574 0.99693191997322 0.81607487237170 0.77093747278795 0.43728164600757 0.48822379808767 0.61811934438401 0.57500762091484 0.89087658510589 0.49066735362003 0.44339187061508 0.88716898114893 0.82118220934659 0.89922982320014 0.13009305207364 0.13150068940836 0.51220031800428 0.94599898346140 0.37148402177471 0.25300365581103 0.12001171368397 0.89065768568119 0.68020754531337 0.95778569208926 0.43641140384647 0.82672560663391 0.21680683361149 0.54434729534738 0.01177738609587 0.42327322548124 0.34601627171216 0.36736161469040 0.77355191715138 0.89067069363156 0.35889922727690 0.47752130122179 0.02028600423784 0.42963373636999 0.74840567763600 0.10939867389228 0.99462294983832 0.50471741891679 0.72612393570788 0.79658620234495 0.87672652612082 0.26950692928550 0.28857514980903 0.06202532081045 0.37587027932880 0.25242816893386 0.57881842275412 0.77615046721296 0.69735014054649 0.36126597686262 0.52709379424143 0.95821060037368 0.70587278167095 0.79734010778118 0.75789214278002 0.16032138763966 0.55690704092163 0.41086775007904 0.53502401684976 0.48211759312159 0.99409986532633 0.28661377731614 0.24838243751283 0.57360008916409 0.90476950480352 0.59439620305026 0.83901137926775 0.60822943801843 0.25221079251516 0.46629844224202 0.41424923718675 0.97747525534816 0.25261297052818 0.75401917455148 0.27272864275091 0.49430213425592 0.08741044467727 0.17221875290530 0.71511679285969 0.31867589137430 0.72295636023631 0.45172045676349 0.45524686148828 0.38513077516931 0.60232165557355 0.83295364415601 0.44696494059702 0.53828103028563 0.09963040721770 0.41585025856055 0.85397159671110 0.45233028477041 0.92222781622163 0.59416254476692 0.55841799847629 0.78477168175213 0.57403432660807 0.85721340465431 0.91113210559424 0.64267576223087 0.44008911574527 0.73392569738127 0.47264670155104 0.38955250785710 0.22214485849891 0.85838166712945 0.03295725583985 0.79176317579236 0.88795228108085 0.56774676136913 0.43107960592022 0.69849305064218 0.82574612239950 0.44237218181220 0.01851509549798 0.51872860182859 0.30909131597342 0.19548466124892 0.78292404909444 0.88955410196222 0.84123386280490 0.19034272494262 0.56799566597793 0.37815982374391 0.27264078873106 0.71431933654604 0.02762972278747 0.52437893539053 0.23241108622757 0.43756407646328 0.86879998692853 0.43385503315298 0.75125288907451 0.59469569032207 0.68532901803966
0.77415770054447 0.67503803441317 0.45370265864157 0.85254192488730 0.71457864892788 0.19073652369133 0.50924909199287 0.14410976397046 0.75321329857068 0.35403670985765 0.36873823705871 0.24281842323304 0.39186339074842 0.71977298284907 0.28527596136550 0.19828038309420 0.55088229054929 0.36721735399586 0.72885776161604 0.37612762321920 0.39994742413026 0.91739374855622 0.30403269410693 0.48520249317791 0.29168311952341 0.97700923294430 0.25872606619396 0.42595191847958 0.36265975981281 0.80495488832009 0.99028636409195 0.19086546231089 0.51998780418204 0.27594402526275 0.83197080485329 0.52712927798046 0.06392766957998 0.99910259470405 0.19106247411197 0.27666365329883 0.10564393633721 0.43758547103883 0.16663956256234 0.07831010161939 0.35733820654564 0.02189080431198 0.65125555819398 0.36586311246646 0.84738514111757 0.30919881514851 0.13517384481553 0.21910049993312 0.50425934385491 0.03386886072453 0.03562808501313 0.85066440596441 0.96700132049374 0.88977733879131 0.13446558371023 0.00541621559424 0.09698966504831 0.48532842814878 0.17948897218218 0.00751818368324 0.00446533598746 0.47209244780837 0.61152603303492 0.25337537311743 0.93185987546352 0.09114509454749 0.49940043709336 0.89804734790171 0.87174659063711 0.81062542948000 0.24328922056498 0.62013942763057 0.49882798883474 0.03547374886285 0.00352705321620 0.17777934826085 0.34845148445662 0.50224266212007 0.18970913132447 0.39354129017621 0.33083302999814 0.61673031904679 0.34035452950631 0.79779789266349 0.31035192768008 0.99355593027681 0.61025148180861 0.18623167109299 0.60603387130113 0.62364439666313 0.06949300527291 0.20227744943776 0.10740157495475 0.62187835735688 0.48810599387075 0.83021884432380 0.83858685724923 0.82693440761035 0.98413486137745 0.81401700959088 0.92772242953316 0.78743698252373 0.99598368703277 0.65420504629988 0.32120343393999 0.54037922158265 0.58979542188853 0.16348226659577 0.84372052352936 0.73390077857010 0.89650230741216 0.26933499238052 0.62210836032978 0.17726967706346 0.66985854316473 0.43490104108311 0.08779040752133 0.61052629266840 0.20542830731240 0.78848027077590 0.27680324825188 0.41640588551842 0.80454709858125 0.10840003061590 0.81718366410480 0.56654331095884 0.98254759426767 0.45730814742904 0.80122257228576 0.22602869567363 0.38499551578842 0.82248937916789 0.78502294848726 0.41864543079011 0.02757099865565 0.24355575620595 0.08516588729676 0.42190971499633 0.28231095364995 0.84606033853097 0.13045012448254 0.16651836197180 0.84032907121242 0.59597982301570 0.20896660236895 0.29910193254485 0.41537971680839 0.58633863435361 0.79854595270089 0.07109061412608 0.25244918523255 0.88100098381232 0.93203254369454 0.92002845242063 0.81408228782375 0.38206402445846 0.97024693664039 0.51516987640911 0.27468557798295 0.65056194535107 0.56417548275601 0.15503359294857 0.54389409635734 0.13863668475128 0.84603867636860 0.13982842830164 0.10041775951175 0.31205101216201 0.92811091863284 0.36554380543605 0.85497062601991 0.24912051583573 0.22316665023277 0.18991731870606 0.45562364198889 0.73443317359675 0.29940191370832 0.04284353472793 0.87766974634749 0.84164890402873 0.20595224856396 0.29998464013744 0.13771171540639 0.99391101324083 0.49014226976841 0.39032548237310 0.68943234041887 0.45602116902130 0.28809223970007 0.32206587507056 0.60201493678588 0.14427953320430 0.88098186380126 0.70224772563385 0.10567107108321 0.54434131841052
0.41677414422938 0.47963861227579 0.19087136258391 0.20541268593845 0.51567474664439 0.95431170767460 0.32371671246686 0.33279267076785 0.30295791045313 0.03821519990406 0.17164161248442 0.11898851909238 0.57844419523557 0.22811306819281 0.38083068495637 0.81340864672849 0.21888135362189 0.61048403290429 0.85786858939591 0.08883004220969 0.00106679623599 0.49039929195960 0.05855855144763 0.41977175211449 0.49965430475121 0.99142929159109 0.94999498965095 0.02369002619932 0.53999974995493 0.38908035447222 0.48443316400107 0.39024507478306 0.57541395905049 0.16135648463238 0.06126696804034 0.10273474540621 0.28619915106039 0.32982170092273 0.79741580354703 0.64870394763008 0.43552688561858 0.51094272041228 0.40111121042852 0.94049002477535 0.90712320299034 0.58181725423189 0.67764551052440 0.36281857650686 0.76653385749614 0.59897107887209 0.69309190738324 0.55391774522870 0.14691600627964 0.03251393325570 0.57163479573921 0.05039553971417 0.54932529060123 0.20612008800147 0.17521660084581 0.96918970588864 0.87661236009352 0.54897659842218 0.07064152910045 0.21814146795903 0.52146535131545 0.80201889928885 0.36432379313299 0.53213325118502 0.93591049735629 0.65888773462310 0.09857366074826 0.22013047730890 0.52713810642394 0.47895571805409 0.21726882023708 0.25875750824609 0.06754755165332 0.50853003344366 0.53421290105068 0.29908716690507 0.08603773620003 0.10991753011191 0.77899155167563 0.20756586652156 0.14038516358772 0.08862912364653 0.25956930638975 0.03312911998894 0.29904228609281 0.19016590209656 0.35646918753466 0.20044132935954 0.80917534332315 0.52168013457684 0.59782875495495 0.39202125390041 0.42590613928651 0.47669168288109 0.83751525428934 0.29208032142706 0.85633198634992 0.00003366550605 0.36815139225134 0.57390530534837 0.82477813267243 0.63144984924486 0.32242567089270 0.57540152108684 0.62071213427110 0.50112882647899 0.43668752104006 0.64682439411624 0.46243821575209 0.05315343410538 0.12626398604672 0.38593577025746 0.48982430039965 0.01605270053091 0.34610458380567 0.87208425760847 0.77861736215005 0.49282708442293 0.20823211342646 0.55810833944755 0.83344547989332 0.44670490072835 0.39869332856812 0.79402907848298 0.07347080708930 0.64601158641604 0.54139412248658 0.87630124861580 0.94507325155926 0.39295046677525 0.53070316490968 0.48759578655500 0.27594964572033 0.70873892516751 0.65113633484816 0.71839550043891 0.95268012139638 0.22762966315796 0.54806564152455 0.13085080896439 0.09659220068355 0.35868294923713 0.27284488553759 0.76434046664485 0.81982099969261 0.35589851191504 0.02268463148683 0.86061853620223 0.20696223624188 0.05322027619838 0.43193229504858 0.20372112066997 0.22391926536543 0.53892128788442 0.56387359885913 0.49821865302276 0.17719651493670 0.69890864594582 0.63688100011966 0.67403707100465 0.28211818722671 0.64840095653029 0.43280134752100 0.86182376948844 0.51607748260921 0.41769669797630 0.90463341898063 0.03973259801058 0.27934017977473 0.99739901726471 0.71630505387296 0.07464871507667 0.28694021332212 0.07255878815566 0.30529011704221 0.16619451856809 0.88914417762273 0.37334914452304 0.50587074287812 0.77692493078371 0.94726221902486 0.51916202378490 0.17584053540091 0.62496343700602 0.44538947983445 0.55640725198867 0.81634552816545 0.69069146226347 0.98322292170858 0.47871542546311 0.10796787536642 0.21009182041492 0.39006785456059 0.75396765022754 0.60415674223015 0.05367868829256
0.24730129063556 0.37749522790957 0.99321911761487 0.80642316399193 0.42053869110022 0.52910612093732 0.27962898072476 0.94246678819678 0.92237336349456 0.80736698461231 0.70239069622761 0.22824691656091 0.74989449629656 0.19169167750683 0.31559610696095 0.09939659871219 0.16897812382753 0.21047189286346 0.83424835186005 0.79037680961867 0.16609896401413 0.22885715373905 0.49662036989427 0.71641221057576 0.00513799940407 0.28131512339481 0.96951658637361 0.92067658439957 0.99187956586497 0.25764427287088 0.35423858086191 0.76594310268994 0.19520505962753 0.97027831165840 0.00514100034394 0.71238051756847 0.05867939236367 0.34216607649640 0.20531366099745 0.61557451972787 0.32357071280449 0.54971040466336 0.59892784278396 0.03841075180365 0.19979465466068 0.96620202280301 0.33843693410457 0.21328393671924 0.83380257801367 0.79564731597479 0.99731813789525 0.87376812848391 0.48553897979259 0.44191847378074 0.84081047296909 0.93905943794526 0.10424857093344 0.12921653014881 0.05881706187544 0.18359508411838 0.73870840165875 0.12626910715338 0.69274913685795 0.80015283709913 0.27888113305779 0.27186645010569 0.64339162101455 0.74384698994528 0.18870089919013 0.97684365544696 0.78688368449515 0.50541928227879 0.97211527277565 0.10766053262059 0.10509724813282 0.06498253080383 0.25022744806902 0.45006677116319 0.68648619764645 0.88005070837282 0.54030215090925 0.83170689132132 0.28249934304092 0.04251519655309 0.90855150631898 0.76163711347810 0.42029026112097 0.98974225967729 0.20084259035994 0.59990212100191 0.55384368236355 0.16654282540231 0.16763627459044 0.01661463533853 0.79552714399519 0.81771405622715 0.03618723610231 0.86192035452393 0.88452436630716 0.66583705210810 0.06407160248722 0.24004812841519 0.64047135195850 0.27300917930943 0.08025655416196 0.88143444280472 0.69676694853668 0.59226503622512 0.74101320350856 0.45531228508183 0.91902941932649 0.36301220730165 0.54847543385163 0.82493450254963 0.75350102864781 0.71433943389995 0.62490096943823 0.05799752197772 0.38760316406057 0.54682532540664 0.25654167213593 0.18107168718778 0.28444500904802 0.39253401315859 0.99350954673076 0.86804118012367 0.52551620645185 0.56751351251354 0.09355102424810 0.72249732788950 0.11842523265844 0.47892325834699 0.66260486968642 0.78502796729010 0.76778506781068 0.81171059048918 0.47138106281749 0.86293451591557 0.08578159339932 0.15869931921877 0.51562122093874 0.55675846004888 0.24350947308607 0.55792141482876 0.91812113418250 0.87971503182879 0.04995813407857 0.80798958100093 0.05468702588678 0.53648721218725 0.22641302357638 0.95399452400644 0.89746932366790 0.92970969668182 0.18415541395745 0.21688620507273 0.87448697400391 0.09624074214836 0.64473014003031 0.52052957270990 0.49959398624852 0.14097370523505 0.90045271854654 0.60110756287507 0.30222978660931 0.72798348408593 0.10029020962538 0.63232802486323 0.59184224774978 0.00162686610792 0.21057769004207 0.33333428246768 0.06308891949633 0.17393053208387 0.31763768585909 0.19422952304503 0.76612184809221 0.87066818879719 0.27979245688594 0.73434752496883 0.70875908028849 0.48235757445640 0.49396295845048 0.63281676098264 0.16303879179190 0.89107138108740 0.92965332309367 0.38259280741686 0.16514582896660 0.41811642949844 0.58323987083980 0.09209074545211 0.68683341667648 0.25284930432450 0.57859068203779 0.85157908860243 0.08567556234351 0.25813425669511 0.37958455209682 0.33348637663007
0.73120984887524 0.45968203082835 0.42294191096898 0.52444878537218 0.07030178736969 0.31909032511393 0.47413769860659 0.99357613591978 0.26372651418920 0.54645477148364 0.71346735572765 0.09402342467498 0.11213489812037 0.42170785796197 0.66102564848300 0.81513000864943 0.19416844322900 0.98470333641010 0.82402198279968 0.47043723783589 0.59628547911820 0.45493948595334 0.17141712651133 0.85076556625390 0.16865771470762 0.50734704288201 0.22753409541314 0.99003591418495 0.80674274351602 0.09536714885268 0.47561673733523 0.33441605079410 0.30149232919801 0.61817297560423 0.83935197232040 0.02747382431578 0.89718261085369 0.06272703277117 0.73278633717225 0.80351855344179 0.65570711133079 0.51843336674773 0.97432425490144 0.55013998338098 0.42743590717135 0.07595702119710 0.79705028231365 0.22567145534319 0.25904418326034 0.12528597079066 0.79955299923477 0.45045704785325 0.04542092742774 0.40608357233250 0.22473861952743 0.48880468032026 0.67048269553605 0.22619528658978 0.69188528421235 0.29007802272660 0.26535964797671 0.45463466943601 0.11528612559545 0.08386027786039 0.73865870235982 0.04503399734313 0.47302970813379 0.65890604425250 0.17470960177790 0.00126067417670 0.01924649957546 0.62651226588421 0.63472229960198 0.97185261328413 0.56953076940443 0.21088363879287 0.97037434674732 0.45997915164421 0.43376354752106 0.82673079385295 0.19366569013975 0.60829343368577 0.47047362859854 0.45480408200360 0.33017067934283 0.66926467166037 0.23645315691388 0.81302356118185 0.03560834440923 0.86141158499553 0.80106874764605 0.03919646689004 0.37311726528309 0.99105383394389 0.56350042944673 0.36014175990438 0.85984242035221 0.45971702884624 0.46143723178941 0.50708428374471 0.26018163439455 0.86139789263443 0.01212046374888 0.19875221848355 0.46856602476955 0.18283951939686 0.29010650619910 0.67468199985151 0.65529497883280 0.56761299439917 0.46226605281405 0.09893774405338 0.64506241843819 0.57484944834625 0.28068792809616 0.59142090139108 0.50210799799675 0.00627922179564 0.42360012305344 0.18722183475817 0.27003247782326 0.05398049738696 0.17442371655534 0.09157017209047 0.16220990254836 0.37435314811971 0.40052319683390 0.20146380021425 0.26183008511336 0.97937185093530 0.12781218203603 0.60685851571501 0.67360278543130 0.80772382748185 0.09747928685897 0.74604962142360 0.88995832950595 0.64697281316189 0.71866084825735 0.74955950254237 0.33874354257827 0.03136292505682 0.59840925895413 0.60775517447610 0.87562569530104 0.07140742062159 0.33306724067528 0.51970200587383 0.45346919745204 0.49296377000772 0.14543927625023 0.56411883308551 0.92212852058172 0.30973231841536 0.84869162101060 0.90167987935961 0.32449551053491 0.78230281420335 0.10436351974405 0.10110191382551 0.67257751278336 0.52251804936277 0.87250454374118 0.54105174072197 0.82424660736794 0.01019592124641 0.48979738789917 0.85828589845968 0.52057075311460 0.76667978642296 0.12152193385836 0.04227302485822 0.02870652641174 0.87336960406275 0.80463245965157 0.68256221442392 0.73188847220205 0.87252404218457 0.97973949725602 0.81726833020271 0.02757556017066 0.76511124779732 0.08043905850898 0.82112717906676 0.65789873911661 0.09565760569542 0.77230810752579 0.99529111337609 0.51179711900466 0.66013999824516 0.37302687990628 0.36756275644233 0.54358479898614 0.50920581886304 0.33649037849002 0.05617879921017 0.00684041973810 0.98920454096501 0.96451953346444 0.83345758156698
0.80597439403899 0.90339860013830 0.34749468784718 0.06052058142456 0.45487267538814 0.67296435828456 0.29924059554218 0.18044352207197 0.38004507905599 0.26113575985899 0.24078166839559 0.93272680287611 0.39601444918043 0.04355241328884 0.53312689526155 0.15473114203855 0.99909805464294 0.49946418021977 0.69109139089729 0.42782566996876 0.56514198671507 0.10522404098866 0.66037617509248 0.72033013066337 0.41783810623853 0.52571400954777 0.00359708539206 0.38743575300308 0.15015595059953 0.39340203673397 0.13982048359458 0.21574662004537 0.96966345583997 0.79239295028707 0.07920400464636 0.06663421900271 0.54581243109640 0.91174117497870 0.83840893859198 0.24388756366088 0.62341325710810 0.53899658922933 0.14992708149666 0.07846332197244 0.60607056587441 0.67245862339460 0.55607170539291 0.97410533031804 0.41337037373625 0.84960005212849 0.60169124536144 0.02536992770709 0.63309256478856 0.76413652858360 0.78671906892487 0.95691582400506 0.85008889477741 0.72532598039852 0.96657703025664 0.98244465101862 0.79451811021966 0.85402682816190 0.45495734409907 0.44510790107764 0.76563392614502 0.63229343085083 0.22560039583185 0.97636324286286 0.36377863264347 0.15440231354953 0.87814489029534 0.39142315344343 0.56064690237326 0.38243628744967 0.24222861051375 0.45427312760290 0.92594722899411 0.48258336060217 0.72972004703054 0.53424417780891 0.15915445415613 0.73235196503050 0.12296124251240 0.71959590077162 0.51545691820267 0.70736004781170 0.57432808248162 0.14560311320347 0.51339449098669 0.64679079352626 0.12532631803492 0.29108757427420 0.88744464016893 0.25219603380857 0.25170848359163 0.48521746276601 0.44685727155478 0.08480300887476 0.22157761596350 0.40037072314921 0.79503434767333 0.35589914111900 0.19084326362029 0.03229473850113 0.78698267140093 0.34622252032359 0.14095357975702 0.05884678753391 0.45039618965687 0.83154485666652 0.25940724928347 0.78891214683996 0.77666490819060 0.40683087196354 0.18923566341044 0.37340527538141 0.57127525024658 0.31236153270981 0.05444535180210 0.23135032217944 0.74513993044854 0.20673694771179 0.39038042904557 0.74102834845160 0.74038918261531 0.58164548929240 0.64393624093490 0.86449563420592 0.40189068855559 0.73062365109192 0.98034227413164 0.02873310782653 0.49431093203372 0.44750244675687 0.80633106074091 0.21127105846379 0.36083424591608 0.77303032926337 0.40476405341312 0.38847278237164 0.01182170806402 0.92395419491228 0.47639191879689 0.35836030238738 0.67563780322000 0.15225438192645 0.78440671223033 0.94826620931245 0.24627924437917 0.74879856177954 0.06437620897860 0.30475467091343 0.45154964718720 0.69298795854303 0.82962973585842 0.14439454931961 0.59303403933797 0.01847893455951 0.66027913284347 0.34154869517022 0.04628739803186 0.15426761798591 0.28112594244812 0.76673033358214 0.49914233093455 0.45437677861804 0.98511442944262 0.90162807724808 0.46419534689436 0.72702827694593 0.83659737794815 0.40294671913012 0.20659701394524 0.98085704607278 0.27750955917298 0.16249517790825 0.93482286024274 0.87750165459717 0.50808730419766 0.85467807731273 0.31066333515974 0.11627479766313 0.54922772463784 0.91351232811601 0.05935630973594 0.82986951178953 0.75259137206332 0.05812191015630 0.35707703015253 0.13660982268252 0.73412077556296 0.74682995892711 0.54039437601508 0.57821509856418 0.12711477459620 0.60916746007158 0.56343095340602 0.02468722858762 0.14944716741366 0.66039415304953
0.14217852595207 0.15399595327025 0.99074217559703 0.43039726040664 0.51090031953664 0.65808602427407 0.26785976713319 0.51839335589534 0.06423710793250 0.69683733335728 0.94270079582832 0.62756030215741 0.91646261730686 0.63123149388663 0.29664016515399 0.32604017048131 0.68278071489198 0.05935683669745 0.96319965874123 0.19797507188410 0.91029077825222 0.21642146254617 0.07714249086227 0.30923948203124 0.17335627835759 0.46083937582262 0.47477210632871 0.57358272564196 0.42813203170547 0.20761983239041 0.77927410792723 0.13246426312280 0.26261453687013 0.87372310828055 0.24038447652143 0.44166063762446 0.16727706562803 0.37274105689948 0.52370394272243 0.70536441314753 0.20327805061879 0.05219140299603 0.42536053985063 0.65698545269902 0.46477705577530 0.04752754134009 0.60297311428818 0.12100894159473 0.49914867686990 0.87718402313658 0.47780943088901 0.54399867412502 0.39575486324640 0.76660190377409 0.49120487563006 0.30984433126266 0.23038368523576 0.87436378942078 0.76731452219608 0.50443946182432 0.68448821012625 0.49427627034022 0.34802983972532 0.38134930940789 0.27867693639207 0.88345951260795 0.53236778229993 0.80864928082213 0.00821848719887 0.78400450094448 0.06459905718032 0.95198759745444 0.37403050569004 0.14783913450393 0.91638126276534 0.45692652090356 0.79942361065732 0.48607392808002 0.86508359057096 0.45146886658671 0.70417998938185 0.56666199908868 0.84711386705736 0.79506371067163 0.85383446883546 0.07622436869758 0.02144192358659 0.29554175590425 0.57513192926751 0.02248399730388 0.64991527998727 0.67288552360587 0.37599969075144 0.61476532348465 0.19109121187300 0.41773506673731 0.82570176000405 0.19979501278932 0.38667627894778 0.17686222679704 0.41136863802231 0.10688501036630 0.21180657478174 0.30471950358911 0.66064534441063 0.82795394311259 0.17842619127930 0.47071022020657 0.08797380922889 0.62577138263270 0.93420551354388 0.41193502256052 0.33196576041675 0.52784902727628 0.68791893885259 0.51939191991323 0.38706235269891 0.17397045729294 0.16949853440754 0.90964786267707 0.64659319396117 0.14822737715061 0.18032349657601 0.98382778683337 0.75209630162205 0.94956726347202 0.33738868555095 0.36426169201579 0.72529809242490 0.01532482686498 0.84311883895564 0.69658956567748 0.46313134336612 0.35774583047154 0.33019738688420 0.45766984468253 0.15247893196794 0.55398891244709 0.39449958252892 0.35262057056477 0.33037175794232 0.40718261468381 0.71693380113574 0.03567892687240 0.17047121982793 0.33563534991918 0.14639823010557 0.84659323174033 0.07727065247691 0.63345803396070 0.32580253067695 0.54856116586813 0.15681655582921 0.42337368514928 0.22992382509301 0.05433290794949 0.47922115532893 0.15293025084976 0.91177232536088 0.83802103234111 0.13234028816539 0.33007003598498 0.56793715112283 0.71354635651407 0.28600088374015 0.38053469881759 0.92826718315198 0.19667124884147 0.01180967945421 0.45217562159502 0.07342948444114 0.57921091731919 0.71132078877679 0.63590582134618 0.03423727268407 0.82638533668294 0.01155727223292 0.13340443894958 0.29715140020285 0.91466401234430 0.12134244014129 0.00181782425360 0.44954831586346 0.83935642169133 0.91635157514295 0.73240782361950 0.61171855642668 0.09051554424718 0.05895791211980 0.46474810588920 0.46767568269367 0.84373978308154 0.20116714259376 0.44767909205618 0.63317647686144 0.85109346530815 0.73158246448098 0.22244527772048 0.53956100472215 0.72605321469804
0.71495032769078 0.99510482551288 0.62028440732850 0.23832702601519 0.34825774117557 0.77053974575995 0.66733083647424 0.32543748722833 0.14023571062044 0.35813044873167 0.14477869187455 0.12966677627239 0.31855530441080 0.21096771183875 0.35319666059712 0.61909156680477 0.74532108866710 0.78960314064699 0.14455128287142 0.52411246908637 0.70914279933941 0.72283019202999 0.34853028847611 0.27692920543532 0.24055563443038 0.21319758420782 0.44024233771574 0.85686456353094 0.34453844241853 0.76526374742997 0.78315230416270 0.21447431144157 0.84761136399979 0.66245215653518 0.49769971357503 0.70891674958643 0.76308377466208 0.94580730965756 0.12519750806326 0.80227683625454 0.56315763297828 0.62908106101737 0.00692991611230 0.77713363808993 0.36250176836053 0.74202665700950 0.44403895466572 0.35038199068727 0.10149269865258 0.91528372517252 0.02106838913780 0.66217076850919 0.23020930550529 0.71742815610431 0.37741423854856 0.26380757949739 0.81303515773029 0.56373519890070 0.07033663265051 0.16593609165499 0.36135143231581 0.43347926174297 0.60547704482359 0.38470457218569 0.31572946631826 0.81543164577151 0.27919804969623 0.22953823086625 0.05693550994003 0.23892590301857 0.38811105251338 0.95343318536083 0.66493027313306 0.67947838396964 0.29363613290685 0.90405909913306 0.63941444517956 0.72823726241842 0.52989044675521 0.78597913327101 0.03585582035945 0.75122739583527 0.58205394803525 0.05658883845570 0.20927813234590 0.73766951645568 0.91159126530547 0.28921526834843 0.31865145010207 0.02685138277789 0.33091439405021 0.19635249972518 0.41824229433523 0.09258115307227 0.44549191156732 0.01042691171942 0.74677427066111 0.41627475198586 0.45954199973056 0.92464942167214 0.78202638980251 0.99777510130532 0.01115934064528 0.26128214192097 0.26643505043995 0.12162933213633 0.69591154073068 0.44989197507407 0.70921538960489 0.04119233361654 0.27871600527627 0.98623759492583 0.85630071913527 0.64820325313741 0.59021460244011 0.95985995496759 0.53586579697476 0.64618273923250 0.78196663296280 0.79128297882956 0.60632893207933 0.10556717404166 0.77600576563938 0.59282883973798 0.61081500686776 0.93480054092558 0.48669967211830 0.57377483031238 0.64721696147334 0.61039742262166 0.53940369893583 0.94146449970541 0.84787418977138 0.21439813333613 0.01454312160839 0.63664607916687 0.65082727515518 0.60601925310634 0.01472245006464 0.01854283100982 0.86016755960335 0.22153146122110 0.91686948804083 0.25918190845607 0.66706226271503 0.87572731410531 0.19629016206791 0.40066418380853 0.48840453259716 0.41742031743087 0.93086831490665 0.99454010393569 0.84598180391440 0.37255132565647 0.63947906290984 0.01437043553425 0.80603833529215 0.85744438895288 0.40343910338237 0.69811862103614 0.87418096634073 0.23312488316191 0.39888038193192 0.93494813039250 0.28044545089038 0.68789092930369 0.79495743319575 0.26180473154535 0.14377815570600 0.39514010716657 0.05721008063427 0.36312298197989 0.73753549513213 0.31895364730474 0.80414761519217 0.14190217013889 0.69496823255777 0.31451341554811 0.33854892111892 0.65523653287977 0.79798846294064 0.02643559274935 0.93570840566657 0.24995662583234 0.14565842166772 0.36400744946696 0.07824161791094 0.90439661353862 0.23110844881946 0.11737815821891 0.96289610810080 0.82627089007058 0.19927452174767 0.16218965741577 0.35451217499501 0.42958066676868 0.70478307588732 0.86605345626924 0.19764895369726 0.91207261338158
0.95174926827834 0.31800517336926 0.81264052084650 0.58295909347997 0.69535275576594 0.08369722513503 0.94516959986815 0.04787603803282 0.33621427106023 0.92776961312332 0.43025786113530 0.41927334325238 0.57021682253102 0.12243764345500 0.44846573241936 0.65255190695973 0.81586551651778 0.34914790051812 0.55191315221979 0.49662693310382 0.93449126815405 0.11516991816610 0.68824047230555 0.50043715338236 0.60805977812796 0.90729859857221 0.73327786854469 0.93226646311619 0.96561744306611 0.70680900329228 0.87551365368069 0.09764615983484 0.01479014377682 0.33149156528507 0.59779618321080 0.50531445103685 0.67013644581465 0.59442204938937 0.85933958696489 0.23884471471647 0.64203204621655 0.03409367228358 0.05038972532210 0.50779373404509 0.82500477449345 0.32808473061120 0.06125979726199 0.48849542642852 0.86349368349076 0.52109947109203 0.80387268992887 0.00585087158310 0.29225853925263 0.41387832382846 0.66565283018270 0.12181214002553 0.37441161644804 0.58754156177301 0.33558239143337 0.16480981940139 0.13697753706061 0.56735442852122 0.06235722606952 0.98987180301700 0.62695447567967 0.59771171505340 0.89197681341846 0.67908608431512 0.61241411934090 0.08462251780306 0.22836204204057 0.19884933080957 0.71971717851158 0.74155791592769 0.28852608121458 0.17678742338257 0.72004398757344 0.13778896568398 0.06946105635928 0.43985647508781 0.16720342715866 0.75929594181909 0.75473104643403 0.07000509637665 0.76413013329882 0.45165037182687 0.03288482970329 0.81206937727225 0.97570300227635 0.31185994055530 0.47591424499204 0.55632318191233 0.82555080938928 0.55594999122019 0.88925860626413 0.94346278565930 0.27948746026704 0.65550173591129 0.70660307781394 0.90370459641107 0.91512890640667 0.05223253007798 0.75480494521463 0.34237444772108 0.90386992028756 0.84906241096786 0.38865299245970 0.79161482679451 0.19061585996155 0.10139634401292 0.71414923396646 0.89190789863073 0.10605756157582 0.93518165762445 0.98162945359802 0.31846370175062 0.40169551060343 0.00337573574233 0.60315442078255 0.86824148567557 0.38256886873078 0.28673617953702 0.22621025280592 0.77922495264902 0.00063924690424 0.08081059274424 0.49794675562182 0.26954846232997 0.90267020610883 0.00114759052148 0.47740240822332 0.24055145003968 0.51587876904233 0.11665508069134 0.70664963186704 0.14764628766327 0.25737420220972 0.42954350040100 0.53351336062605 0.68010348540535 0.80282371499783 0.81493139762264 0.47794951970442 0.87907410191699 0.94327179374140 0.36703350340779 0.20454623300665 0.62218537969020 0.09878556572437 0.83138305083569 0.06419617903566 0.08779756128791 0.72780363198562 0.37265377960605 0.64944363807492 0.77833248502319 0.84458870050659 0.39907506878828 0.16020610030044 0.52028142381155 0.86177822474419 0.28051366512114 0.31856118644476 0.04659428504900 0.04223995939131 0.33923936792729 0.73503033704204 0.47085513933241 0.76935065873545 0.09898747389497 0.20473276173939 0.13304828839333 0.16673025685088 0.20762144491254 0.87020207982046 0.03401862770645 0.71613325249111 0.25828372562829 0.91903920139159 0.75553686790043 0.82425984554066 0.31365301983801 0.20074293031856 0.34408864957667 0.92124783594043 0.32393849029521 0.75526423434815 0.49010546176631 0.45185207826640 0.80252383375320 0.64771426894236 0.29400584784471 0.50013694837136 0.71023742652741 0.45262979697356 0.97070932448628 0.77570410852226 0.08393766790838 0.91371723547378 0.93407519437930
0.12173881981312 0.25892205659222 0.94384477783204 0.01319802102094 0.33062641973177 0.07431656613580 0.81801552784215 0.86099251976552 0.67520633984135 0.25478030563646 0.12446468664552 0.84282156861810 0.26581500453192 0.51248202336587 0.54367147081726 0.19479332825447 0.38814977616624 0.24903240268296 0.90208645435779 0.53093852166074 0.59723066023465 0.29833341048848 0.61545379812084 0.58729973968864 0.68171204476331 0.36709612654267 0.35947518119413 0.40757568172539 0.51588633227698 0.78510271981035 0.13474180225791 0.41840312267072 0.07218656513414 0.97738420305809 0.58616357659248 0.64911283331752 0.36130900473943 0.14291408282916 0.34507345598359 0.92321913744253 0.88304454731334 0.53146777790170 0.62821904941373 0.56705010827693 0.38530497747726 0.51256294747061 0.71123689836401 0.89679851478304 0.97628092600863 0.70710736647679 0.15562538333198 0.63243163409343 0.17328200662041 0.79763328717915 0.90108975689027 0.57995263806061 0.97659536720914 0.64103463938076 0.70496158818425 0.62781187088131 0.71219601078252 0.98454203630502 0.68856739174205 0.68595971573716 0.62217359374388 0.17099155234622 0.34644991845718 0.37995894819159 0.28903442191288 0.32509254258851 0.80812500496756 0.27398109686032 0.23827828704000 0.61556057322441 0.43081818840692 0.15708633470565 0.43097663273234 0.61989546207176 0.35562951341050 0.10613598827769 0.28028805835088 0.64939274369607 0.07704134023508 0.07404801939302 0.32219880904905 0.13345636807663 0.01651996338220 0.16517883205668 0.95521827444894 0.83515662011434 0.76647352232242 0.04181074024325 0.10657704038978 0.50673586739465 0.95047438073428 0.63815286331380 0.79894640987206 0.93325670175860 0.53431567164568 0.38545249344633 0.04612500004272 0.12378417790668 0.59554729770351 0.04159485824880 0.61269702668896 0.88589196151795 0.34979949569689 0.97375956073519 0.28365386481320 0.47088976252400 0.15859181926255 0.79458433800008 0.25974216216472 0.91978373026491 0.10282099297528 0.98872869787080 0.23583275792374 0.24616750055015 0.86112776545279 0.83093039631802 0.10810710497718 0.36586089007733 0.57988191163763 0.20488315876437 0.48377165256358 0.74387499524697 0.14541425440714 0.61657987519731 0.10546327267817 0.23569261751087 0.66276550141265 0.57732198163496 0.00562551398924 0.90501781685623 0.36177151877892 0.43770004755326 0.42031244855471 0.45668585950615 0.39108437057309 0.69043734802282 0.88491877716107 0.84092736790801 0.71324188383383 0.03401294097810 0.43682744134694 0.61703844658919 0.09515675690401 0.35277727108887 0.37570506160878 0.90734961445356 0.36631205970302 0.17545280267770 0.13516361920199 0.66588530828279 0.09883152271692 0.44015325953789 0.02702974389575 0.03595991592880 0.09739303408272 0.72506871170369 0.94544846718921 0.73019175168260 0.39943547097867 0.03796875079449 0.65463208166923 0.66274503855235 0.86022277432195 0.75257183914803 0.26650512578722 0.85813996514800 0.98580727372609 0.87682518978889 0.50811062271603 0.36777910955648 0.89188748298134 0.01233812441900 0.42127810605837 0.66865929124123 0.75632834399954 0.82985333985519 0.96201467411088 0.16918860835749 0.59236846401535 0.03965470139135 0.40961137565309 0.00186216550111 0.12564356851136 0.12862123694219 0.16513145641378 0.04355766685115 0.48382682273676 0.58414752302375 0.18048613532287 0.58729158993500 0.78813707785883 0.89425621302573 0.48068759143289 0.60580235391406 0.16434642395611 0.95680579640252
0.16569258319591 0.18419214098811 0.77761922059414 0.93381670109900 0.92635349888151 0.36020191809416 0.91344616343817 0.70012901817081 0.52620309621636 0.46966270156649 0.19697168587966 0.12814212051949 0.78616264894822 0.26574954581974 0.85964061988205 0.37310234508194 0.09785909640262 0.49598428355176 0.44800056832999 0.20833102942211 0.10634094217640 0.18774620359117 0.64372369187672 0.38387381037717 0.19840134164719 0.93716720174405 0.02419319991278 0.23925830611404 0.32765402482455 0.83105487810541 0.78154352794071 0.75187391113845 0.88108514666305 0.10205139451064 0.12511468208371 0.28654242366564 0.41298662508226 0.64709895126958 0.99413050239827 0.38604719641767 0.61681442575754 0.66194946230174 0.08629958277962 0.84249435002588 0.83416599555860 0.42070521569395 0.32197259524799 0.65766225497665 0.46128871287057 0.30796423693194 0.85320464080164 0.79841360204133 0.21291826664082 0.39348945995111 0.79998750879478 0.85810798706642 0.13404877135162 0.82829325854881 0.76506019459946 0.29064200392986 0.30333613114858 0.28817129074971 0.41649554528311 0.19686123754912 0.14796549658387 0.83654822031978 0.03445406432007 0.21305705605220 0.53988815131909 0.71493537746220 0.60737324580555 0.66284410714171 0.57194284698059 0.59013568336298 0.86950732939490 0.65160719090435 0.00668856401719 0.07392142083076 0.66926776047430 0.73618079021377 0.89955225675717 0.05316692587518 0.92137527277133 0.71822007112156 0.19987781066256 0.39775595411435 0.65799193476595 0.86529290985908 0.64929518220939 0.12940072854228 0.42098096626802 0.98900644964537 0.12762530035778 0.69460044759157 0.57904956874375 0.31681120965292 0.95625158275697 0.16175164379222 0.47915198551973 0.47871007757376 0.38123614496449 0.19820242781396 0.43306574748360 0.18678404504601 0.60866015708824 0.38362555658809 0.18478463230797 0.28525920753079 0.87848976258781 0.72881120519621 0.84966242726227 0.31483146547364 0.26917311335422 0.76549344839355 0.11028104260405 0.52270590476183 0.12040911822714 0.85782229025422 0.12746534032557 0.42282930031170 0.10879727238850 0.45323945314670 0.27020170024598 0.55770359478133 0.35394387302441 0.66168565795096 0.66453867911134 0.95205171671357 0.27850092307707 0.97136043842536 0.95223724792865 0.05225046063122 0.49460644015286 0.96946999615932 0.92819999480560 0.49492878669164 0.15662020326654 0.94337845513022 0.83655388122837 0.33472205640878 0.43779168553187 0.71311073880894 0.95460119217154 0.50705169242542 0.01888830546065 0.76964332437521 0.70649298180326 0.82616087742828 0.35877032535865 0.29335534830427 0.19286014669104 0.22093484718818 0.21041853572179 0.19804491551859 0.60512307524634 0.05006647103064 0.64937362614800 0.51151904602807 0.75223621009451 0.93199888254574 0.79130829820893 0.97894313463608 0.50844510608292 0.69935395208843 0.76121405288542 0.99500440978215 0.64810902306045 0.45595332584245 0.75679686382479 0.89112637046588 0.92354202862984 0.73214034833195 0.40469489647531 0.24861091505077 0.43821121636377 0.91489597567426 0.23993835099790 0.77208140080714 0.51489954094530 0.73447859015969 0.72651633316285 0.92662563602067 0.24511883463450 0.65439739574939 0.03337063305842 0.36890671420636 0.30295586217004 0.26777314824338 0.34343343643393 0.50298874217362 0.19990910964081 0.01031050515911 0.40296862377392 0.18301753553840 0.62182968014061 0.38348004705548 0.56291506784184 0.70957544071108 0.54731740323496 0.42809975604799
0.15831689498880 0.89970771475759 0.09785828704194 0.52453833707055 0.45192635985958 0.86254898431905 0.65536915659944 0.87872178126544 0.37078630351371 0.77264445750373 0.12707135812256 0.49923593158274 0.03667600753449 0.07067388789332 0.47488860580280 0.00781917274582 0.73922966529154 0.70279896953817 0.90869660910827 0.30096259937988 0.70635250464761 0.80598492150588 0.93775648173004 0.12713933432219 0.39856428680506 0.22591832782899 0.27030775276459 0.30554905227946 0.57310223298160 0.74199232609680 0.42593149178022 0.29949099122881 0.17335510219708 0.77276615167634 0.00020771704757 0.48294362876387 0.11801927584631 0.43517873065804 0.99290795760124 0.06027138281105 0.91015218729429 0.22397803117280 0.61371491428498 0.06510794962574 0.14316009670028 0.22213090711458 0.13518582647185 0.68191815486950 0.00599057078376 0.50582575886766 0.20251487834058 0.73349586756435 0.86219674249635 0.67804376266217 0.71575089729161 0.17849558941964 0.09703937840661 0.82053717586435 0.53389429413525 0.56828422597020 0.28239188486856 0.21834477287251 0.41039269981415 0.75083333124759 0.09907147060359 0.62616101581180 0.77373458177374 0.99180485386885 0.43109870621176 0.25482328583195 0.46136217501670 0.21907042080572 0.48620455541270 0.27210595559207 0.66001686004890 0.75086575167398 0.39448194026351 0.62699919074532 0.62313631651627 0.83276337060070 0.57301355891668 0.39677015804393 0.08892032683097 0.78611776969320 0.81412997449765 0.14447978873591 0.63931538002928 0.74109302339576 0.07269262846292 0.24714804019284 0.98065390203432 0.57577876499467 0.38975712863866 0.10890253951112 0.50481009313481 0.68942714190817 0.34320491693769 0.03038433549496 0.21875673144256 0.60908466491895 0.06754338804759 0.71701991539530 0.61097623015409 0.70660935610766 0.85047518773740 0.75057163106122 0.52707221333267 0.15812219377283 0.80199745710816 0.85058038488502 0.37673689574521 0.12459635168413 0.33687655362775 0.23447338451917 0.19034419719096 0.80479650463593 0.55984720085245 0.65749149100307 0.15952385146371 0.42476843631946 0.55218024994613 0.87599944590109 0.43588422340827 0.30785742844992 0.43620392119888 0.00621210509912 0.40832183580496 0.25461508730481 0.36930439509636 0.58521981841544 0.44976922453492 0.38127541479149 0.23392267365693 0.88673994283366 0.49883477010876 0.57085872654193 0.61299320070865 0.53218387834077 0.35815330902213 0.06778151434872 0.66129241130015 0.63982488670485 0.16424079271244 0.16713556116441 0.15343716640932 0.38521529361117 0.27009310327485 0.76145064924306 0.74448685721567 0.79793650002006 0.02927203955215 0.07304780112069 0.56290649383861 0.80811603396503 0.78755972628775 0.09745365442123 0.51803304176035 0.39576810513781 0.80494158134028 0.87240563791848 0.90094171125575 0.66775285116735 0.23145177693170 0.09854319703790 0.65814231954194 0.72901916684750 0.41389470415261 0.70862942570849 0.37658225040285 0.13859187916136 0.70471623367497 0.34934651736265 0.62943475999913 0.05430266449583 0.36199357374774 0.87354857756713 0.88191495398588 0.52994323901678 0.96176463990153 0.51803940051450 0.31349475680677 0.29033150107378 0.02416064768680 0.63913452773178 0.01506633274008 0.40507469062149 0.15751917182774 0.45090566851883 0.54911843332144 0.64529908635689 0.21288733128207 0.27570516175125 0.32620982230612 0.44812520899861 0.16004679268441 0.87255632337241 0.80961923379476 0.70390614827603 0.92840249658954 0.40653826894128
0.67351081609548 0.73310007438572 0.08859657481805 0.60791569347391 0.53893348584040 0.22144599967856 0.05882855687634 0.36184626118854 0.38792543461683 0.00387048357702 0.11344259548924 0.60387661358171 0.43400180472175 0.12699699454115 0.10242372212831 0.23416449690027 0.29400836589560 0.33094558807460 0.53674842206450 0.90156037393361 0.24699121080058 0.28193365017070 0.36670401173178 0.20647843286114 0.89663317986889 0.82019440436447 0.73571353073961 0.89282814277988 0.97825073438011 0.94138036805380 0.98863170170827 0.61895502014566 0.54327556631417 0.25397594784521 0.28685426305374 0.47177168193094 0.17416354916783 0.67360324195653 0.77216713916409 0.69206714225304 0.79717241557312 0.56434116350638 0.03754123533780 0.22840567013843 0.83367997719706 0.85424528213320 0.21868127936674 0.40047182592007 0.38931896338548 0.95799611670430 0.93659153872087 0.20429766125164 0.94978174522253 0.43092617629844 0.01460109459266 0.51316384718204 0.10372036733353 0.59360581897160 0.38735470704110 0.23063455458583 0.67130054659718 0.92118095524224 0.91337633561143 0.76757253993111 0.29603732509975 0.68290720460844 0.82848064816610 0.85513985335614 0.13966403894263 0.08239243386740 0.27174145468050 0.20435522695082 0.74423706502886 0.64510240434332 0.14344928250447 0.92883584175753 0.30384616100656 0.98522994620726 0.02974147438790 0.98113970016053 0.83230079940790 0.57718571637262 0.34675468391549 0.51065653220513 0.30145155447693 0.13044103157495 0.83362684422818 0.50915939327515 0.20099604040170 0.70060956191898 0.41826778916493 0.01131631467888 0.59744649423496 0.04939725882926 0.47960551734386 0.87879517794543 0.21516438249228 0.87186352689924 0.94285815988151 0.29215078325445 0.67620203717746 0.71338878613935 0.62543669866957 0.70928626384668 0.34981696935292 0.14403621679318 0.44156155858227 0.50759322887766 0.48073434354251 0.88487439201379 0.55831152609895 0.51358165632037 0.01507215136771 0.92896408465092 0.65054008380970 0.87593791768777 0.28051942493735 0.09465818974472 0.09116350249316 0.02013742784838 0.88154222124906 0.87312354373723 0.34281380970325 0.64843497001311 0.19593980776119 0.99073985671291 0.53581763938591 0.19984416037399 0.02716550162692 0.97288883819756 0.84426186095895 0.40910277307589 0.27130557379416 0.33397787413594 0.23316193881262 0.52322689316038 0.95938510100584 0.99815197125436 0.14668759955623 0.73477219584167 0.58014251998281 0.72918242131687 0.39737634573883 0.47941148264087 0.04081211903205 0.82331389060732 0.81431503896011 0.65072877569384 0.61822590061843 0.87061403916509 0.89254390931594 0.56284854670341 0.96605125213940 0.22893371461980 0.21653339429851 0.14646653317146 0.33321028420959 0.31744836578590 0.61661750995308 0.48660117283048 0.02480762560306 0.48692294921920 0.75390238200748 0.54763169465475 0.57577395452627 0.19631496940057 0.61920652851903 0.23434797079403 0.63195183002410 0.67553462659207 0.45301479047651 0.21363054985003 0.18677089372166 0.34460334354412 0.02382402565444 0.13999603395030 0.73523342896685 0.56167894632140 0.06451320806856 0.78144718794240 0.30768556446512 0.23415044978657 0.64445893973023 0.81564955074160 0.22060647995255 0.19908550053075 0.17555043019513 0.59024786688918 0.16225447439405 0.10472219577574 0.69679897490668 0.00001965142673 0.20249911774966 0.77192410405869 0.57028638966457 0.65433034713560 0.02079237423497 0.70439143832766 0.96033162428145 0.52082144586974
0.00000485821527 0.46480870343733 0.27566662886657 0.50224104223556 0.12683159803991 0.03102668508217 0.18608667069494 0.22322066530629 0.13675294842180 0.01889377036414 0.33665675990662 0.44780641145353 0.26455327593237 0.83571689199031 0.03807788518890 0.29554685208375 0.24917276916933 0.00477245289315 0.12296125782507 0.88951251105702 0.11297588221888 0.58831102046903 0.68513555841812 0.29390613918110 0.32632110979731 0.60374468708842 0.60316384105290 0.49893471138385 0.53909584433107 0.39834552834672 0.69395384903071 0.94991019942478 0.51513507365378 0.49742998672231 0.02736030322597 0.02006893948398 0.97178340083450 0.51053133158445 0.48826215583288 0.88769687658637 0.77662110710382 0.02719830310103 0.74904359192103 0.41667366222669 0.96162006336678 0.60044584141313 0.40888424538283 0.61188406607107 0.35337501195429 0.87277716741107 0.73779160904765 0.35425832282964 0.76493631948543 0.23272062061786 0.52193895065881 0.99651751216189 0.64156052670353 0.51936398716778 0.21737372403132 0.62930711098384 0.00515512677647 0.49889030274094 0.09040689291944 0.24747929232967 0.96766146442525 0.26130972900280 0.99260620361049 0.72347342199189 0.21065245598377 0.54083323769506 0.29942247476246 0.05393521960749 0.03538535394242 0.38656322841759 0.66349555102715 0.18279763098461 0.38919385936187 0.08228643128581 0.02106735064107 0.40877549382889 0.36520195227707 0.19474191495055 0.34578539389870 0.68839670879956 0.44432903580423 0.01885558799387 0.91925360809485 0.76987938117330 0.73581453621280 0.68210077343523 0.32981849123288 0.11151260875224 0.94167382508894 0.62823762616304 0.95856024822131 0.00304634379287 0.71379484466534 0.25905628640006 0.99462163821587 0.11054120151206 0.00786833997747 0.80546925455918 0.74059663107158 0.15913873129836 0.81696475534341 0.53755648923687 0.37668642310065 0.76724217450844 0.63961612759985 0.18744616669501 0.87785112176750 0.59595215775875 0.45642237442845 0.03475452466301 0.29237831278186 0.37236371148543 0.11069939286028 0.54038772605423 0.86907419711395 0.79742011656390 0.51906746896739 0.08753688910100 0.30123410810528 0.48818022152157 0.49620891345740 0.66593377925856 0.36325751631768 0.79519453396004 0.83767154358744 0.11030192119199 0.02577332627030 0.25204302530670 0.39467009066380 0.21305730253047 0.15408315877752 0.22195995990222 0.79761735190274 0.96369962867121 0.58299656177947 0.61963192115105 0.40586828838873 0.33766655811743 0.20580267967313 0.26313153721897 0.39253989379486 0.09815654662940 0.68439787085495 0.49251464005467 0.82439122260419 0.14549124556047 0.60001245368279 0.86318209069045 0.81413925415040 0.90663100804774 0.15485741857439 0.21704066341041 0.86940291915452 0.17268773737894 0.84574397655139 0.48076009887284 0.47439615467195 0.85057806414292 0.46712152012410 0.70089401220446 0.94733722348699 0.57950626342054 0.73819541079253 0.37705445777705 0.38025015256930 0.64038060380128 0.38444873058337 0.85390985384274 0.04474017530689 0.71593056339483 0.61956232686341 0.47165025755092 0.45215497754436 0.11923939732792 0.75634073841491 0.89005972193255 0.39665228016822 0.69308408384848 0.53029215812496 0.34844733014701 0.56910641616666 0.49456595670615 0.67438436937321 0.15218172061384 0.73283713531168 0.18386874003164 0.90313127106386 0.43599031526743 0.16227492927666 0.98660790539459 0.66260423946556 0.54356120550396 0.94191662101773 0.27072380746119 0.22301870952924 0.06926002275311
0.32375173322940 0.47175643254300 0.06349109180725 0.15779226609277 0.59805253242960 0.60111631265572 0.02985750757857 0.17306932241918 0.19893485169620 0.27082895641283 0.83860844071640 0.87762177341986 0.80095354308811 0.55102500461476 0.13701078096012 0.85281469671608 0.50066317546648 0.48619178214107 0.47272093006459 0.21284778495871 0.86413823794922 0.93668695217194 0.19089720477390 0.29858996671806 0.84186401200975 0.66798897639556 0.71937959178769 0.86057522232967 0.88561048764755 0.84197908743602 0.86033871260851 0.49423163424947 0.05038488187089 0.87814570110846 0.78097511889805 0.20218720701462 0.80522115903629 0.84014641976866 0.01045893398441 0.40339390917173 0.09709698324450 0.70258837189577 0.58493403517575 0.74397410050591 0.70986936949812 0.02290493170702 0.10633076993764 0.53741579086546 0.27119486071229 0.62984027644766 0.34500730771278 0.01624609762598 0.47590118675815 0.15721013387071 0.36513878808401 0.69445596286656 0.59211086154541 0.41139826853433 0.67698789465201 0.21885527742352 0.26554454107894 0.70690890746283 0.88305482452894 0.66437842582612 0.45764502717316 0.81313352018877 0.38393175770648 0.44886027073919 0.25786740842474 0.25745087517968 0.79579256322813 0.14916097783361 0.99051903698179 0.58405407269705 0.56809525248714 0.53269988587962 0.73230859053436 0.52134160587189 0.07793831916905 0.97315566656179 0.64901459538828 0.05978646983085 0.14455407239984 0.70104792604376 0.34801056631248 0.24227534830188 0.95846838731429 0.42651259336775 0.90844175631093 0.98611535601829 0.85064719892054 0.63188089598538 0.37499210080985 0.22756031713813 0.84866962436181 0.19998892703541 0.29526232655799 0.49198915018261 0.98509044117475 0.27360768441082 0.44990555151241 0.85736420433902 0.96180417229174 0.25834103508050 0.46456634008527 0.21918317194101 0.99564357556023 0.45803132570195 0.95726913856590 0.32718905663211 0.64467404269493 0.09870896956732 0.62298599421880 0.22141053468419 0.53193850195821 0.65920319549066 0.71538137645681 0.31983451842633 0.24492063561220 0.46470620846014 0.28673966451630 0.03861246080792 0.30808031047644 0.81720616417855 0.06092297919153 0.70531813232766 0.52295445477829 0.04576603204443 0.98228053705606 0.51147053180666 0.22433434005506 0.36358018758271 0.94455661328232 0.73730587976009 0.04425357220553 0.30581193882753 0.90463280494776 0.47167121473424 0.98029455873524 0.20454092887293 0.64367070923458 0.18701484681961 0.06778899938517 0.75266817815486 0.02435986434697 0.45294708779495 0.97523606661399 0.34831983750730 0.76233559168512 0.08376458473633 0.17816874833126 0.34080853876691 0.10349594902650 0.34824231295389 0.63908189986881 0.36259904081240 0.54122554948006 0.56498772162946 0.40151378245477 0.27164507663781 0.04631647122106 0.71715071525035 0.25936561151905 0.05341814327511 0.63103398882814 0.07298716988091 0.91736036914745 0.82940214142196 0.53993478940849 0.35871525393904 0.09974444651219 0.61499632549375 0.70309932623731 0.44645873960304 0.40864779540319 0.13738275288249 0.59014351491279 0.43248255722379 0.51758006173476 0.47161048523448 0.60015376483981 0.55363828248823 0.39174371718028 0.91074944317598 0.63703221571523 0.16101873801698 0.07249122769844 0.99914505441929 0.81926960111556 0.73414868025939 0.77148034360952 0.31583641184641 0.29871873661458 0.78630607436201 0.66199432321314 0.08026398470889 0.99248174754015 0.39557411270903 0.87569327274468 0.91369860196382
0.50396323243384 0.07660048332052 0.71096024820704 0.62103679030173 0.43182681557597 0.39050225215842 0.95378001973163 0.97251367648180 0.94413869271388 0.78576927421821 0.42355227227813 0.88944143068861 0.62069984045257 0.43628624413939 0.26490108305060 0.85587961304789 0.23545552608001 0.14555115825295 0.86695194103182 0.35015552564696 0.78571384995939 0.16248306151924 0.97149895681882 0.36293098180827 0.80229232838792 0.71150434335545 0.36288101402585 0.63339486021384 0.73320487162910 0.37703660096806 0.72023783142876 0.53482043483801 0.56484984156880 0.82046465202418 0.98245271315724 0.34829109134058 0.03396044571664 0.82386156507024 0.22081253579398 0.11443703809491 0.71864360902984 0.67736861928953 0.27780985804796 0.78821299821360 0.65052132982369 0.11531655402997 0.81272322045393 0.11282724437522 0.03145657540884 0.15335219518063 0.87215135679094 0.88124587192364 0.68548987212490 0.63689396695585 0.76401565916530 0.46417928217881 0.90005291545786 0.85193856660346 0.05367992312294 0.25398168786854 0.85165704217130 0.82880103963582 0.11683014993288 0.17302728609413 0.80776586375696 0.50900678679008 0.16469118291488 0.77023653552453 0.29314986925751 0.82828127619619 0.29613075446881 0.41885146784232 0.33616765554877 0.20098402208845 0.20979816841725 0.56573151211239 0.54680626835300 0.20658933881571 0.73071887661560 0.21459785944375 0.05558902076972 0.51652361928316 0.02049350921256 0.07871969705361 0.08929457600788 0.71263228596535 0.74183555164316 0.14335458207490 0.26673639455980 0.59195657110129 0.80417485713448 0.93122591989789 0.81137753818531 0.20761858889861 0.30387419627388 0.00922918403119 0.64055561607128 0.86683365723058 0.32567821488462 0.87755768717337 0.38121988887202 0.20906251576272 0.65068286644888 0.94994263352922 0.12779013311892 0.40825127478283 0.41669973389463 0.40713536285422 0.04481201239367 0.00202368118154 0.75532368131381 0.70646011241106 0.92373178934703 0.74588123356537 0.40830799421435 0.40366883607993 0.25218426190076 0.98712547020564 0.60905247751510 0.99121971938523 0.13276907139460 0.51872536521068 0.99177257258587 0.14736057378549 0.18083016338490 0.56944056816725 0.29362544227883 0.40855392931823 0.64819508621476 0.78365486569274 0.27757001843774 0.24728429973353 0.05590042912152 0.77772641547343 0.71340829078418 0.37447432195896 0.47609893877291 0.16234219514679 0.98138898687875 0.75055453684835 0.12834136368395 0.47075191693769 0.67156510663826 0.18217048014049 0.28933563211773 0.04588173330381 0.22068904929547 0.34085580960760 0.62399245105490 0.69690210737979 0.08903397292235 0.11555383041444 0.58294138837221 0.22884444331733 0.06588936874242 0.18251150969679 0.31664599529306 0.01468664335603 0.50511854865610 0.77284499383706 0.45758849418594 0.36986018578072 0.93307220371093 0.73688696631344 0.78468988377325 0.96560816818782 0.85104136514271 0.42758942399790 0.32691681732236 0.44119837684536 0.07755144066177 0.14107384777257 0.58788763673839 0.17519076096156 0.40874880834553 0.64041430188790 0.73316557962463 0.11091706212164 0.40202032378460 0.73219357620752 0.48544621982376 0.71069600460773 0.02575955296237 0.85506687384256 0.18835203044333 0.70265362513357 0.94004490813830 0.77113631535823 0.63841025541469 0.20867636513170 0.60001221403180 0.97826801422459 0.00193647305453 0.11238019321296 0.04468680876345 0.49675751383318 0.95228279892830 0.05818285760132 0.04658033488273 0.43103768471159
0.75409591327054 0.41252297887882 0.98177386080683 0.54564561684889 0.64792636945212 0.29610923957612 0.14941615446278 0.10820636052856 0.83826274217073 0.37939436960858 0.28973569245222 0.96248554508452 0.15815091843130 0.94962661920913 0.65261061384443 0.79093349217406 0.16007518282812 0.84918142859258 0.57134429840104 0.51143385959949 0.49942402857006 0.58340747191716 0.88496366905728 0.26293804851453 0.93474258639952 0.34092497636433 0.41998255062605 0.65869720693781 0.50375734454228 0.06440816892292 0.45874933373177 0.94693528029163 0.39828070760021 0.09294965081879 0.18280089663642 0.36969894207179 0.81125786489383 0.30766209808828 0.57418619316108 0.20423409959581 0.88301327183599 0.92061849535224 0.49779287066424 0.16798704693760 0.94493530031154 0.94964304003907 0.30442476781290 0.57397695599482 0.88784595218538 0.17070229330303 0.86403267448714 0.83726889086572 0.24076677868218 0.58861288705501 0.12120991992088 0.63834689990208 0.88895312814291 0.51217837110979 0.68431366731010 0.24214163080981 0.44548604235726 0.59888049368136 0.37506526624938 0.44498537976334 0.57130888882683 0.53857160068281 0.25021269003284 0.37961229379725 0.83576806120242 0.96438261253051 0.25422938027549 0.06314131042047 0.18327996188305 0.03969440721671 0.64598833086966 0.72083729457494 0.35079167234533 0.52043734783114 0.32569599479195 0.44570119020037 0.56098829732419 0.16782505434292 0.78743525911077 0.95381101637961 0.94025706342404 0.61451630553093 0.06071120418602 0.46784507122741 0.80465101065231 0.54082053209160 0.44728744323579 0.17467297653007 0.72350019369192 0.31483973537546 0.96338803613022 0.45976695884269 0.02715522975053 0.44114860980534 0.22950306177624 0.22137499204421 0.26806415950140 0.84374722623708 0.90333170041776 0.30163036847618 0.22484783999138 0.51186577343350 0.45100967390609 0.91812561864677 0.62454725307990 0.77980753181351 0.31195968217728 0.65866695175174 0.69807161128464 0.74379118673392 0.21237382234671 0.25581297877996 0.88112561217435 0.82319203379907 0.83825994574849 0.55045532080643 0.01290585407246 0.19841087636830 0.85547832005245 0.78681653591595 0.78191095815338 0.42411970405269 0.29346405015012 0.14391854511036 0.56554362486101 0.67413035992660 0.07133067173619 0.62798103934758 0.30416032615133 0.17320468094726 0.61605068210130 0.43563235185880 0.58398861755700 0.00633642990832 0.58242146782722 0.89019837331778 0.96203985282773 0.62214348993458 0.42503260313519 0.94833669305786 0.41107663352166 0.92684898993456 0.97541940636526 0.54713280562471 0.06687414883364 0.47275097433173 0.63650331338882 0.59668978531220 0.86907065747407 0.29795151406022 0.52651496415329 0.22021070264220 0.52391286382622 0.91358337915261 0.31496229856271 0.83824087334389 0.84755882839336 0.41936250243285 0.63686565514088 0.17376963384865 0.15454220199258 0.46282827088156 0.66831530132039 0.43897208823081 0.83782075929426 0.51229520598638 0.06082070604349 0.79079442044245 0.87832485195058 0.49734922934822 0.25658300720721 0.01229580174289 0.51851304089478 0.63896078744569 0.05039352482668 0.72905172024583 0.46125170525507 0.69753922889811 0.35613752692875 0.07399643815613 0.51564389097961 0.37786151047338 0.77553728943313 0.41813930421460 0.58722285809331 0.42349971279037 0.75499227971874 0.70218897993816 0.72456283340446 0.20978092670088 0.55947625049246 0.04313667617853 0.20412769550087 0.59642789188888 0.82778953881687 0.63773001692744
0.96311943236645 0.97472572006751 0.48915364808945 0.31930245294345 0.34902878282644 0.36597116806363 0.02153781620713 0.05471973482061 0.30416063375285 0.91251001828448 0.17232262101551 0.90771093050642 0.88228237876397 0.72385399206646 0.84205619425966 0.79207962221847 0.79071763504939 0.13853980338520 0.84729247944447 0.58066600419134 0.71223083773286 0.36645048396942 0.17742658141069 0.12496863826395 0.18051246881486 0.56107267192512 0.72813195662088 0.49164094318871 0.59808459958493 0.37614139099174 0.30108777594419 0.04528644316940 0.49180756446866 0.28504377646366 0.86088880399654 0.52479160305979 0.62458368149895 0.51483019355582 0.14851132630611 0.90701915858246 0.61850180981184 0.65668761079253 0.24327440659105 0.80852935352496 0.09754817157040 0.20251908026547 0.94436271317880 0.72592465822826 0.01048382441603 0.89255339983139 0.63402524057757 0.34186039172266 0.95655152396951 0.70635399735601 0.40111461178658 0.18557445114367 0.41830834345136 0.58342081208328 0.50239091960633 0.33571341907835 0.80790415560803 0.66559129465662 0.91836599789705 0.75822161471797 0.46497050662236 0.63601447225841 0.55184641882489 0.87079794962173 0.16086264942717 0.05438687595907 0.55192347914428 0.43767136034272 0.51429371169776 0.43785104217110 0.03781707843290 0.02427388681853 0.55132867935405 0.35838526067335 0.81744690073312 0.89301555187888 0.12357581251882 0.28787789949774 0.65468623020535 0.94177015491311 0.51806948812952 0.03847482157816 0.83819470355989 0.42147876015789 0.45459641173425 0.23848127565373 0.56074307101346 0.57863067435530 0.78885001626686 0.46049024169864 0.45292796880101 0.47947914347550 0.15700264841397 0.29557836868861 0.08648081435916 0.61414931625225 0.57224472117520 0.65375592864982 0.60837512992826 0.77511496394943 0.35372713047874 0.23797246109467 0.66156233315955 0.48180792392219 0.04347059058703 0.38120100270849 0.57693539643266 0.17607746029205 0.26161754511900 0.65608871142375 0.40975324821748 0.83856697533608 0.46612193794705 0.80799646690491 0.87324504945052 0.91099246709924 0.26862044254077 0.46941844888311 0.80042568501722 0.62944059882317 0.73083325788913 0.55102908820642 0.75088901500387 0.67133377962338 0.04226680201421 0.65890865658499 0.65016834291260 0.44162384412138 0.59507920981783 0.96734963594402 0.71822563632993 0.86234049957805 0.78064677908508 0.86418759549434 0.07839917480305 0.50652837450611 0.44030048616869 0.09192970914453 0.18307208111097 0.49270215166631 0.14402688571846 0.22662772822347 0.74917810448563 0.89962794280678 0.09979514260229 0.54201802942045 0.88366743487090 0.96790991948858 0.29045445043402 0.89307598992102 0.51900168351244 0.31175406674584 0.20941844006109 0.93346078829133 0.60444457774735 0.28053126309256 0.88866580391857 0.26072627949233 0.13394054907840 0.40778861360681 0.83467816573915 0.90612698416893 0.64464507746770 0.89130623595572 0.75121007199023 0.97247006911976 0.32963335615342 0.13733300971323 0.31154569187120 0.84171367088825 0.88578361673750 0.63367446823901 0.22318214740120 0.55707334522474 0.01685737374665 0.59339612990428 0.67644487717207 0.49826721598794 0.64964181979154 0.84433725164698 0.20866241900851 0.90395038749973 0.38569618821254 0.97335585145451 0.43802390805123 0.86770080976117 0.99593335228644 0.23685457390462 0.70306681330493 0.79910291371736 0.07490519569616 0.85100821693080 0.71706454596973 0.22524247729130 0.72777551177797 0.99633192282283
0.99659253509997 0.87492925300093 0.27615124594875 0.79794125331704 0.70263186229484 0.63157928301137 0.55511982361462 0.18536750621799 0.69488919626586 0.49868726392308 0.61604910029533 0.88541415480017 0.41832759906608 0.61356211773181 0.05082845758562 0.86377405270145 0.60717428804582 0.90036611869318 0.78167590093444 0.57893971487087 0.06246391578887 0.52418139502573 0.10887997719667 0.61804864361701 0.29200831089397 0.27128587736539 0.49015282696343 0.59533961425108 0.81193020395822 0.16917434274269 0.64358644725124 0.11928808716598 0.64915388860807 0.05962210046389 0.11276326512647 0.25749104606525 0.94231460570294 0.91010804181467 0.83227331244250 0.36063898893015 0.07089126610069 0.63659369348777 0.79024653136469 0.75732126866465 0.30648593162658 0.91057921392470 0.64613108348254 0.25192547838541 0.53348185282057 0.82455855579905 0.36719482674351 0.40987461256061 0.75935346233614 0.56147640443859 0.79340630682091 0.15306162527967 0.63037951172763 0.49316546418693 0.24742168104240 0.24536084904540 0.19796384130559 0.51971793975161 0.89647015183467 0.25444844186087 0.83779500068738 0.11857852135269 0.75636941426098 0.23493064085776 0.11613157859858 0.68940220867444 0.93812733779971 0.94942333648960 0.35083159814645 0.91481934853951 0.30194482386839 0.97565801112991 0.63741990239169 0.60883042697968 0.16231056782030 0.58974419356330 0.28717593876890 0.33405007317471 0.92296269865505 0.18742923920520 0.44089029502273 0.30290145119889 0.30215048077649 0.78750924924682 0.26312311283750 0.03910314040379 0.06487986982939 0.33559352450557 0.27238359099281 0.34025442636444 0.34552910245920 0.68606408600181 0.92326816289591 0.96309773424099 0.14035928114110 0.02010931707953 0.78698296401406 0.69987541913452 0.84296224221443 0.50513302510703 0.36269488382156 0.86125908468490 0.44479660488922 0.13952944795556 0.54942674779586 0.50492710146344 0.73570088846355 0.34855925860014 0.33315873167962 0.74223663412664 0.93095059939609 0.83601146768995 0.38776433996406 0.54402518415292 0.26045420237465 0.70409900992075 0.98513988757877 0.96606961570135 0.04507512924294 0.42250777155333 0.80804655833819 0.02391123595445 0.37919703240534 0.79391169605296 0.29133551617939 0.34728961235496 0.38714620921115 0.01448270121955 0.62967305872915 0.30891672107759 0.66425831821552 0.86365351401343 0.00751769657968 0.89848205137796 0.73997405541860 0.02182512639735 0.19402096770216 0.27860079028150 0.10663786058502 0.43111458288351 0.58851748908064 0.93109283540988 0.61335179157781 0.85987884418004 0.87373064620912 0.88614506782658 0.11934830436005 0.57949672858586 0.29295607329028 0.63554986417085 0.08240806640025 0.99900107356868 0.24181398968709 0.72848911260090 0.21998875001368 0.72435352864999 0.42484038350278 0.41049223205836 0.45593136555609 0.83659888674900 0.99480278439554 0.57230286798083 0.77861266490939 0.86191598063158 0.26422501190106 0.57351539114964 0.34540492730935 0.23989889914960 0.15106589131708 0.06540676949033 0.18549801102724 0.59431800331795 0.09458876437000 0.11184937619113 0.49136747382492 0.69047759018965 0.05357935393249 0.35177068833373 0.74567282475847 0.46954154293913 0.33117933181230 0.79497666193839 0.22990961706062 0.81066626691326 0.19750541520206 0.32385748027669 0.86308697556850 0.43456561055163 0.23379972110833 0.14992266412629 0.10470727510242 0.50018556232564 0.29703391812038 0.24629525618254 0.66120133398523 0.85440719240830
0.45942912415859 0.71656556561944 0.69824465460189 0.12562501605832 0.92357026166388 0.30185450237075 0.59504563863366 0.73275850752914 0.85203265446948 0.87626720592690 0.88453512237968 0.47769972702516 0.09731048916957 0.62181150303928 0.06148685510619 0.88770393985141 0.45299724807005 0.54330997489142 0.04242998143004 0.93848167653254 0.66481578124709 0.80897059153127 0.68029766586499 0.77377331281166 0.73222075813580 0.17517444433873 0.52029505694859 0.37607791752469 0.24980550374204 0.33162690703232 0.48159554579353 0.84530460763439 0.63132255490084 0.43498951774711 0.36870441786507 0.62132850992245 0.43013940002013 0.50278437391051 0.77595350454329 0.82551593268482 0.82493275954860 0.80632502036847 0.03635759140253 0.43767402520399 0.42922604648276 0.07894420415552 0.29367279326997 0.89483449399793 0.95827315403473 0.41865910748205 0.83521588184640 0.96337047939093 0.79903909140459 0.01345842452810 0.88546986105225 0.84969757954553 0.63223726135758 0.92102088983081 0.48354911037590 0.58645264423825 0.99141282471809 0.65187623621791 0.50817836518446 0.87449433047876 0.95829209577957 0.80087071885822 0.16326588201458 0.91665781638198 0.00002442582432 0.75270021211028 0.72616749557912 0.71337143860695 0.94755141089035 0.58939379582445 0.29755214346939 0.28173828427313 0.10066962513563 0.12209323121365 0.80467412922441 0.65776698759921 0.56760994439395 0.65214892127987 0.07127349465057 0.96578772253807 0.61579891697679 0.95402789262270 0.69777928975545 0.27171818896491 0.67607948893952 0.10801853997176 0.54991051349527 0.03471582994509 0.09619675939920 0.48824854976160 0.83880406481585 0.33482461571538 0.47031142821799 0.35909247111130 0.04008678743096 0.81655767487747 0.37397623934456 0.96666065707454 0.60190168130878 0.51088766604867 0.84397023815020 0.09427991229050 0.50750125033741 0.92123130648267 0.08121408537898 0.49664338218815 0.89583320212568 0.85313615825733 0.25134936076858 0.54751669747248 0.75667009250427 0.86907467781200 0.96619512679789 0.64622807230140 0.42294519702139 0.63794547897690 0.94209430824933 0.17340325596887 0.95711823997230 0.16730242573701 0.63201518960079 0.55618472172393 0.46794534642882 0.04454303229471 0.98827683723823 0.87925883126718 0.20774477645281 0.89715840086445 0.57960087864925 0.27725699587464 0.34696108593304 0.08061111085575 0.33345515487538 0.95261742771306 0.55749104445232 0.30136854219974 0.30273818253156 0.44241152863821 0.16842711454206 0.30451839541189 0.54875111425097 0.51974391062921 0.71138688494045 0.99545097959764 0.32493426078935 0.82742168872888 0.95272752299871 0.91596218749190 0.08893849028485 0.43828580396552 0.11286414036518 0.65440878803950 0.40864782192209 0.95165553868938 0.39421094534550 0.81524066735413 0.24701607285645 0.64293242294944 0.20495703562620 0.33825578927469 0.96965486568471 0.34411053240129 0.20868697706990 0.76454879523007 0.21451331461581 0.92467351112232 0.49558930503042 0.12946798547986 0.64206839911603 0.33498493465568 0.09740082530430 0.51594948745346 0.81073035054928 0.27331385071906 0.91338427667637 0.64169808703739 0.80312428701292 0.77427816706734 0.81005449197386 0.22519252087383 0.20207882026206 0.60610505893673 0.51669673000952 0.92814234283994 0.41859784459261 0.89166175112117 0.12409497484419 0.75615289483096 0.26570754891575 0.77078405483920 0.29345705053310 0.58867726455802 0.68636930551403 0.93572671739161 0.81289806769527 0.82876823323513
0.52551197536224 0.75699720562330 0.58405627350492 0.23207588992216 0.88001115795167 0.21579170289623 0.73523661747116 0.43498904905808 0.87046365428256 0.35555982703098 0.00131229977875 0.71062853813847 0.28502175225582 0.16645822639213 0.34707793390370 0.92597921157101 0.62867320131206 0.82089169030968 0.20770491707471 0.99904356320359 0.96455348467396 0.74175179933699 0.07658386651761 0.26913088879121 0.86365876887566 0.10378318353206 0.05299322171073 0.92494920084876 0.91315460442934 0.41536938398871 0.05023077784017 0.86676929420079 0.02349163985195 0.52418418759959 0.01691147772069 0.61343399636731 0.94444723345906 0.22859475604198 0.62417666371708 0.97083193431124 0.31955232819778 0.71594088428312 0.12430598325979 0.54587816765170 0.03691620476422 0.95257455930998 0.36656970271853 0.94872374794168 0.43766884996043 0.76922624583569 0.33751593099965 0.53802521349469 0.73555296406292 0.08740230295055 0.70177307782110 0.29254200128029 0.11112973750311 0.00527748878159 0.26789422794758 0.47217738264319 0.12104160349648 0.92574676231644 0.59692959123608 0.49348844559383 0.50439843400985 0.58933913697617 0.08279807381218 0.67801254279271 0.93693724292848 0.16303714148088 0.84161181203278 0.24471450528623 0.24048609138166 0.86514462602276 0.35363309736329 0.59180219073613 0.50118550114847 0.49262289958544 0.03697563483803 0.05126083917317 0.66674713668886 0.04961212206614 0.33328599125327 0.28227282936588 0.28256857659887 0.98516065850410 0.26971117339114 0.56098924604499 0.17647938407215 0.87642836496497 0.80250074723003 0.31414497958379 0.23686207786199 0.19855416657129 0.14477128415406 0.88186278739849 0.36024493032622 0.48302011058543 0.64884170125041 0.45981517152830 0.69882619894364 0.85844157990436 0.78938481403784 0.15406054576435 0.61534729993527 0.35220390474964 0.29761879421877 0.15951255198642 0.37172089379334 0.75621996835248 0.27507753862959 0.34650868571548 0.08937140679502 0.95950501745742 0.29826030722209 0.16579327809515 0.24833512162988 0.34508589125658 0.49194595956837 0.12903374528290 0.55458006098751 0.58285749791174 0.55427682329959 0.10850810574435 0.08366173280768 0.63231387593820 0.18196735500868 0.23219060497682 0.93860588806298 0.24283655513589 0.17825476734122 0.28711303084572 0.56305806389760 0.77556767796394 0.05812748251039 0.92425981427003 0.68245585840768 0.49548470097865 0.53372401940876 0.74947590778058 0.71893656243706 0.11148313637175 0.22434842777611 0.39233728254953 0.09536213821866 0.56824781483466 0.52945326303391 0.31724249411324 0.23488612513337 0.83942247932749 0.38112986861566 0.06841211138292 0.86031484063469 0.76928912765323 0.49930943637252 0.19484829544866 0.32636221618232 0.72220324159332 0.94885172339151 0.74488412593233 0.25681354734582 0.34908684495458 0.92708866268074 0.33058516947715 0.63809622523254 0.44023336824243 0.74355604739837 0.72829652203040 0.96852943512714 0.79756023184693 0.35269856481177 0.53700206139693 0.62807546831622 0.93908572490770 0.05927940466919 0.71409679429290 0.21394296031083 0.80450274985307 0.08614429453859 0.51299688271388 0.22495129810665 0.00582687016401 0.26188838768651 0.09673863149741 0.90523161566786 0.75529539171044 0.70912361156318 0.07715150648992 0.56047061552282 0.79589391961312 0.23072548165615 0.64946034062000 0.53636421580634 0.46390462522974 0.73321419535757 0.94454816020634 0.37302377026527 0.30377247931393 0.55390896676616 0.87436308727128
0.00585957754033 0.33000126385735 0.14395586126525 0.69640733352573 0.64233126416925 0.08535387472028 0.82099566481844 0.91038731050291 0.27741601576906 0.36539073824036 0.97342176731924 0.42323510845864 0.86428862230317 0.68229965305310 0.30182838797951 0.82626492586119 0.80551102879234 0.28956226595101 0.81876557820929 0.52039171480610 0.52848142394861 0.21840326908096 0.47207046038189 0.72425625450540 0.04413848786712 0.69530020139289 0.63528525433480 0.35169507290210 0.65265063957976 0.36373686487303 0.18582684129228 0.93318405607296 0.69977453325150 0.18434227223782 0.42237905084836 0.48157320863500 0.30619708566789 0.04793281044055 0.18444794334343 0.74252569963248 0.83869543950833 0.53359386483757 0.32067147890429 0.86445695312265 0.22294561414950 0.09711199938637 0.00670161875249 0.88299498589290 0.37311425294707 0.10283550570836 0.37999534267967 0.40147982875671 0.20544586906692 0.25564861515533 0.04742798942310 0.72311977020076 0.95949566460307 0.77650946529363 0.42343321930854 0.68780608181347 0.27938453602213 0.75624251584750 0.89530079526573 0.46110725004727 0.70038575129451 0.58434644281539 0.06786940427940 0.69983545218282 0.14685335012716 0.53720201112268 0.31515259128000 0.10053744013200 0.64678416800490 0.64275995912739 0.07682208834269 0.24299462573614 0.03983816242997 0.46291017485938 0.62678659642000 0.63495735387667 0.25413760615323 0.77613404518804 0.92424804132582 0.60939722538372 0.44131514646920 0.94892232514632 0.90037256149977 0.17136279604214 0.53496868894424 0.34003511819398 0.60518962608374 0.74216459432038 0.49015745417934 0.37893797331964 0.84429458222649 0.23432836021647 0.31346094155325 0.89091292759974 0.13402499284929 0.23602404171723 0.45962799544033 0.18641570492083 0.08708537059680 0.31943656499756 0.55646860124517 0.47616074796597 0.78289863802292 0.70802887910889 0.99949869931470 0.69271777795763 0.72962150491199 0.58408860350644 0.60920464725138 0.52105057305482 0.47250495479146 0.20731680430459 0.97680618324189 0.22887614743731 0.71135895358904 0.45286546802483 0.48278542240041 0.05631017704792 0.14173953482708 0.27105940163667 0.04142352483202 0.44326444201993 0.61396919019504 0.27025354617980 0.68039490024368 0.36920530742503 0.67707012436923 0.54060348948879 0.71465080445527 0.97678326505162 0.62104788188257 0.11572851009352 0.96490357804785 0.70849156624392 0.09181540489046 0.39592358863982 0.94935374619080 0.12551917416208 0.54397103418766 0.14197816758688 0.62833642327977 0.82543728420448 0.20986607425170 0.24932924310418 0.44579102613448 0.62607266160929 0.44799858683120 0.77300345979528 0.04693733896527 0.37317643869182 0.16596352808810 0.70154097670905 0.10708328416304 0.81805562641968 0.20733200900953 0.97643625066285 0.48442590720623 0.01916312247944 0.99205911903858 0.31326744773271 0.37718662072307 0.97821197517013 0.97629353266995 0.49273365269736 0.34202048913531 0.67062279719597 0.33783606199535 0.58523071628674 0.44144934717272 0.76521488743373 0.90065867421879 0.17873712701102 0.95645896555113 0.85700817495838 0.59533897817711 0.32598630652159 0.65044351168882 0.95012022630497 0.43843565599211 0.59219058679422 0.55412095563967 0.53775507236290 0.55307214392532 0.52452795833823 0.83740812287168 0.51429608545906 0.74752740356135 0.31639818030872 0.81813748776163 0.06193985987635 0.56572672382946 0.40205223116738 0.33288613851630 0.79867882825757 0.78305378089170 0.57831563536828
0.59649199816102 0.35007043858030 0.24618478482471 0.17526093856731 0.08271332094382 0.34529240750501 0.44634709034527 0.68730287290805 0.08089429319030 0.07989561044937 0.36251656608663 0.32773741814247 0.53238015437498 0.85233606594422 0.91086871577141 0.67740370299691 0.74437945679627 0.50511759048762 0.66238828916873 0.32021458958874 0.54838368752929 0.27095840267694 0.59755944891026 0.77565911427077 0.07478680886408 0.98081892038470 0.27763145616661 0.77281506557787 0.89530985357767 0.46482810581164 0.49288772101907 0.68679002154398 0.86520637448684 0.43657793995459 0.39068502916083 0.67268090393725 0.36875081321621 0.14213769529307 0.78391219331250 0.16829058409033 0.43661913840266 0.77241794018811 0.61934351498550 0.42301186015650 0.54845237272645 0.25262856034305 0.81766382890704 0.38519015171544 0.76021908046968 0.97593654072539 0.90441797030408 0.33313954835154 0.36336784870722 0.92579541593379 0.71676546511571 0.18198279646596 0.73051383177813 0.66597292856815 0.51509672143052 0.37880257324926 0.40530584820245 0.48648799377969 0.11583209891249 0.78873820083923 0.39452789771582 0.14473475214573 0.87461795377615 0.94140626439525 0.82135375514993 0.18555605958001 0.10341675945888 0.51216628914654 0.70594618497761 0.25377746946312 0.48451013582247 0.28183456122185 0.29419605495730 0.18987360477115 0.29765451795844 0.69691811197648 0.45574557147799 0.55907715398004 0.86224519588213 0.59317781847666 0.70495250877874 0.28569316843228 0.33388259308335 0.74957896527131 0.14930530311766 0.93996124045274 0.16963700963636 0.76920402254680 0.60937923333731 0.91728658902084 0.80134989235443 0.37604242684763 0.45241233998568 0.86748763345668 0.41923634401438 0.50077800630185 0.30987463728152 0.33995224440520 0.45846781917485 0.86796676061926 0.08966575802788 0.33919226121617 0.35419857370145 0.13635291176151 0.70025522324867 0.31676584070876 0.49628170869934 0.10198798347112 0.67706452976911 0.84155477230400 0.03040658182531 0.47011294258997 0.26393113856663 0.38906314947965 0.90104972783074 0.94475223434210 0.60204955789018 0.46758318128955 0.36907983033539 0.26163225709996 0.72405000670263 0.59808402797625 0.19281207765837 0.68855332776967 0.72067983922327 0.61909385627562 0.00040750940457 0.84937128664612 0.91969369096697 0.51909331694887 0.36897686744889 0.28261309680112 0.87840612443092 0.00276299458969 0.13288988386552 0.98211151734259 0.28570153257353 0.04953059383897 0.42187036515486 0.00457023910850 0.41425186196731 0.37951069415474 0.53060282807463 0.93236267060401 0.92894686502659 0.51008192850782 0.38304754744744 0.45009799651649 0.87147509185327 0.22247838422272 0.34978953757245 0.82792122675280 0.36916697392833 0.19212058485051 0.85564106156457 0.96372344290112 0.72840611187107 0.77212309084513 0.43126514136845 0.85140849531719 0.84331699750016 0.82811160364955 0.89648020436798 0.13579329983934 0.61372153392042 0.32725534537230 0.30396807272908 0.90976436069852 0.25296463838942 0.50948106284821 0.08981434400642 0.22027838614015 0.49139336939992 0.69900536992844 0.98551980310761 0.94844344736791 0.24944802344658 0.49964323868013 0.07656705540785 0.69153104843742 0.48164720120282 0.25897542588340 0.03222220471603 0.66891005879153 0.17702836677674 0.86284472614043 0.35466402343251 0.78292333819993 0.67559506405825 0.51224400141249 0.38289463646316 0.81484531626295 0.58525227008964 0.76798640646895 0.37415885476501 0.56790785941067
0.44249845863245 0.48853424525733 0.30025778551427 0.78143865900004 0.70593564770953 0.86142084656076 0.82911889864310 0.43878732812862 0.40230573348147 0.60898402547936 0.78656269818397 0.02279618052223 0.72736951220011 0.99833015485242 0.63050698571995 0.10430613962008 0.26826920007678 0.99406331291313 0.84267726020822 0.51565661457577 0.15370432131256 0.01348887987612 0.73124836946299 0.45407840128920 0.94744661203940 0.22507036334840 0.28955878910721 0.78056948970588 0.58381040897491 0.27211674139683 0.80880793399459 0.48666096102973 0.08636835048994 0.44248291371342 0.72999113884293 0.23097176731710 0.09862629024994 0.01696719327139 0.88372902776141 0.94156108573196 0.26273337394289 0.43903376198075 0.06950659101776 0.90957389942724 0.47082181762379 0.67325694941576 0.69961308148526 0.62016243323187 0.48349761272757 0.50300642830144 0.35097065050358 0.62230895278394 0.41963779828557 0.21336207136132 0.33635528445277 0.79741185766961 0.78188178292359 0.15410913549315 0.18599881431395 0.33869717984387 0.73369429994640 0.82930559179623 0.40940848244759 0.92600250794673 0.14400934465658 0.11593130834923 0.51965783937358 0.92586738540937 0.05795545261061 0.09874883213531 0.97109252262539 0.11417980913411 0.16677497449772 0.29891665056952 0.86446208278635 0.64945975234066 0.04524438911525 0.64647103486889 0.53842723810018 0.30091601013183 0.31526154802648 0.87474132979625 0.13177992495314 0.63232194036995 0.26688611619326 0.59370733858979 0.42326707418893 0.46245962280129 0.29994646747562 0.49513603045491 0.53848938214288 0.94213402375779 0.26107652989326 0.73549391054658 0.38410335777535 0.41845792599999 0.89890259305125 0.78609249343998 0.13024790714950 0.72560306413791 0.61552601822120 0.83292370584319 0.36428884548330 0.50236371393015 0.51645857838483 0.71494642973594 0.46453491105169 0.46847471558977 0.44897465861828 0.52021362876211 0.57350816356012 0.05298355365054 0.28834984948967 0.96775166243723 0.53614463538952 0.74102049664135 0.06635140346529 0.78368889669907 0.06123853324905 0.92387800867716 0.99972977331511 0.16694884531480 0.12677129799322 0.31795585117732 0.20952529976200 0.06400737466469 0.27260033568599 0.39818050580849 0.98271017549920 0.28857439079468 0.33671601406870 0.99627257915790 0.48445486510788 0.43020329066957 0.27746120130948 0.40103543047285 0.75509251024378 0.35893178630592 0.16959268370991 0.51980890143030 0.45299084884935 0.70602872406761 0.75281009094923 0.29418664710698 0.92051034852029 0.93443557055091 0.25466504510037 0.88046396641434 0.64819157648820 0.34913301521481 0.13298764910427 0.95400377820672 0.56567760246767 0.53408476062851 0.13832015454375 0.24835942505203 0.80458240318588 0.17598667030153 0.32106490874381 0.76649502893822 0.23212697037563 0.73670415328471 0.50227396852629 0.40672410624432 0.94325551836256 0.94034983086911 0.82628859496655 0.48995670276404 0.30375215657309 0.99544249875941 0.35351136970452 0.27122492574991 0.58314796291625 0.86224292531145 0.54933555204805 0.36880347517970 0.74337763530030 0.21038524793811 0.33171462373849 0.02357602118081 0.30193498350256 0.11861768429633 0.61804642648256 0.54703428482892 0.82343024396441 0.36220186568315 0.18793447448326 0.06820874889633 0.71043049955606 0.13529316117037 0.99316531756813 0.50278699683436 0.24716983689282 0.90693227813131 0.09597682952463 0.01884552259640 0.91032931565691 0.20035150982273 0.64807240813869 0.07507635681596
0.80956117577496 0.57009683631326 0.41212135816986 0.20187634127141 0.24388671669767 0.99612113590749 0.54442687269206 0.54847915869999 0.90566988745420 0.87857519879445 0.17164296304487 0.13518367331025 0.75462302243092 0.28471043605054 0.09022218924351 0.97103898690513 0.51621879004625 0.91391469097599 0.45919283605525 0.59188920514934 0.43294700378975 0.97589800851926 0.26642325363176 0.56981793000952 0.76604411599931 0.66788481788026 0.16312395791557 0.04417622949099 0.73805241712869 0.72010666249069 0.99446963534018 0.07545304917381 0.87265541353780 0.63795792092164 0.40549869654979 0.50619072144898 0.57001484742335 0.05211247121506 0.97329460960987 0.04336006054492 0.52494369858341 0.39085640506025 0.71313301953973 0.32820118837387 0.97657765256175 0.14854362085271 0.70435610661393 0.38803507803646 0.17473362354841 0.57745059917123 0.98202432542933 0.82271717134434 0.80501105046527 0.26614187662323 0.46950998137256 0.08304128539556 0.43671727498759 0.32722841402086 0.49517581572222 0.16021849132853 0.51713861794549 0.94930677900322 0.56739113921372 0.74446871044802 0.84824260377182 0.51703910863169 0.45528071182686 0.83930818879779 0.73170783418116 0.54292098042727 0.08332609289341 0.65426195061378 0.89896521468924 0.12382828092490 0.49599527477036 0.71694984564022 0.98271677011539 0.29878140590775 0.23279715866669 0.52750343292444 0.03768148894925 0.52708455162421 0.17915779838827 0.92503781962313 0.85516079422203 0.78287812816180 0.68910104133409 0.90163778349460 0.72583669765936 0.93971951241147 0.27210059500710 0.44048317607915 0.83345078865434 0.75739545938624 0.96183017124612 0.03684336712189 0.67420000176178 0.78044714965230 0.57204720004873 0.13696232109388 0.87048198774678 0.51714590509000 0.81344368814088 0.39902765888446 0.48455003098224 0.56484937118182 0.57559523913097 0.44309824022744 0.81180397529708 0.80464717942426 0.31451263716858 0.27672289520364 0.77621645600823 0.13098544698805 0.55721951433900 0.66296486407903 0.23580139489966 0.77982728010664 0.48215067592540 0.73781858296308 0.81183110708864 0.67136662317182 0.51436978543507 0.47742908709651 0.32945793487776 0.43074632319748 0.99328823259841 0.62652473490868 0.64082500960761 0.97821314148898 0.10248628214969 0.51628330856187 0.71976546846867 0.56026454943113 0.41539135636667 0.33397505411683 0.58649850118019 0.31997417467246 0.70454171803052 0.93711964427541 0.51710436640310 0.28092592604756 0.77962771210790 0.43485052118719 0.00550681651022 0.46404763572577 0.50626442102783 0.24134207931125 0.63753004098751 0.58339124450624 0.06150989263930 0.73986835892949 0.87517788576245 0.46761647964118 0.18850115797938 0.24077675279653 0.38743233557939 0.38963690124837 0.40028445779668 0.06254289761966 0.09093428355646 0.47100807622370 0.01056463999837 0.03826076073996 0.30318830662124 0.60603279156666 0.53048334348685 0.17762757453831 0.44872347769530 0.88092451193541 0.30508147416453 0.84901883309613 0.32992999667312 0.78654204003426 0.46489776574789 0.81801497297937 0.27275871130736 0.27977561274080 0.77587921173546 0.32645408999845 0.67674423223980 0.70491607048901 0.09009603870410 0.02716424338424 0.28532570363661 0.21787246699399 0.54059750148726 0.38880051154375 0.10907027777225 0.57346118778951 0.79900884975031 0.98101145159780 0.30558795266066 0.63430310934138 0.35018015037357 0.33119379889927 0.19289396323478 0.94964149060487 0.23891212881167 0.29511708123654
0.91535634508322 0.94465737152101 0.70605398719473 0.93398272194805 0.77832615206584 0.17734752589768 0.05411405276018 0.59930884486347 0.09648127258250 0.45024732628555 0.78919812403031 0.52171511280909 0.74053261297996 0.83463950376952 0.07811321493298 0.72852446456821 0.88486408311310 0.04312438602383 0.36317758290532 0.29063084676230 0.43078002950005 0.99311994863888 0.43703598434682 0.61092648513571 0.98534825543737 0.34125627922874 0.93963067221980 0.35787515377756 0.12077313168680 0.63290559257261 0.55242568940639 0.70190740771655 0.23491868137968 0.65818754503942 0.65680372789688 0.62074888528776 0.40917682645798 0.44276799511314 0.45518423135598 0.75533749213018 0.21518423602299 0.25057673692910 0.90906446833586 0.66099990385759 0.57871856993066 0.74885843711477 0.44486415292547 0.52461535621389 0.19426597967119 0.21365201147256 0.76652614225707 0.35155603928523 0.51363379501521 0.46954363445667 0.08322905678280 0.16686901624029 0.69571799250500 0.33777018322937 0.42458440684143 0.13416544891041 0.39114399910661 0.39753012412658 0.56983451113035 0.29900429949616 0.79820657485917 0.29513512186902 0.59174984890494 0.99750332905732 0.34710220375299 0.35583263713806 0.84676718695889 0.86641393749078 0.04883977415275 0.65814630860883 0.63222262405244 0.91157177960548 0.81405930662674 0.48231385457977 0.61904946083031 0.98897677196426 0.33443869413969 0.36600502027515 0.99512121076303 0.18811738616907 0.28477833399128 0.73553794770715 0.47122464011112 0.24770230252474 0.94085733064391 0.17808548489269 0.48461404589217 0.34730271120993 0.90712148216881 0.04684778858105 0.11524700162089 0.77374393285766 0.99536800554315 0.37768144461194 0.49479064684571 0.10377767472006 0.43369709843399 0.37038954027602 0.15419000064834 0.96034897895239 0.25344958791981 0.92807636337792 0.79246290033984 0.36569015337677 0.53790366019471 0.90102305423919 0.63386195982928 0.78449980091393 0.03743397427471 0.96139395322498 0.19216808016208 0.60680369764109 0.57627862788676 0.97019746077068 0.82015570299028 0.86269187606290 0.90857358925826 0.10103506741279 0.95002892705925 0.85184416663720 0.30648587575086 0.80320253212457 0.82716513243500 0.12495573880026 0.04472114360914 0.05003112611082 0.24528840881895 0.69353828132578 0.99435929742190 0.35638204738062 0.67712294991769 0.97333796109432 0.56952083966062 0.59765585828259 0.28510731890197 0.39692058009993 0.94857953567661 0.49197170788227 0.82958390951917 0.92073368736416 0.35254030249339 0.14296706709423 0.84222634873362 0.62405225957051 0.63344942275028 0.84633223155602 0.23898361087387 0.24950953627563 0.14643527991110 0.76981371340662 0.99983032114798 0.60860528745024 0.61973127804122 0.66342162581316 0.66942075737266 0.94007180361452 0.79943762491013 0.05775933014588 0.43356004888702 0.56362427138289 0.13333638429862 0.71394195698898 0.48829426094560 0.51833696827504 0.47564650508436 0.06520793998851 0.26638160307995 0.80148761414106 0.43483329740406 0.10543418718602 0.17022302517852 0.61250090181365 0.61376885768247 0.93813837056785 0.01686143527512 0.31306793208790 0.35974919655825 0.89020475354211 0.25598814429186 0.19711564192871 0.76942403894953 0.69549837763893 0.34040298463661 0.34468923819380 0.56498108341657 0.94402701090149 0.17614660068001 0.00101920584397 0.22521348658155 0.93744576878790 0.10888804919670 0.52338360145202 0.77935447408248 0.74251171799425 0.98390323056334 0.76771184201841
0.07649546071282 0.71897457473329 0.29115721652106 0.44553264302806 0.72694901560250 0.16011090222648 0.39952332871918 0.98878980359111 0.94627644739579 0.33290681156781 0.89606366877487 0.02539311232589 0.71695364094574 0.39094825896598 0.31183384025739 0.17035963915352 0.02249500275571 0.22647434448644 0.45729942760100 0.13835911247422 0.11649910420506 0.27857015806523 0.93800729554243 0.33330563902985 0.72206550572795 0.71621882046352 0.65830921964394 0.80199463408485 0.10356109448074 0.18790497574182 0.49728418781123 0.90821582737006 0.30339250805287 0.56550275961334 0.74084020026896 0.73647906515295 0.64289301027034 0.98467735527809 0.37337963840782 0.41247485473054 0.99375702090758 0.51101938367236 0.41618295198704 0.31225376889044 0.18366186773505 0.37328653892849 0.70655711653415 0.63185525838561 0.76204828074240 0.27341804499541 0.25825196020867 0.40340569728942 0.09222182340526 0.28935627060578 0.69805511331580 0.12773751053643 0.40724958438082 0.21114100951968 0.56752031848141 0.39440599665625 0.00841426803846 0.17214856665380 0.22897394676248 0.29343527744081 0.56955155636953 0.76224543170415 0.17472934340282 0.90290107189557 0.93936232256227 0.51220400382018 0.80988910967655 0.51208693102808 0.66112798499867 0.00942792873258 0.59616544718112 0.67966502056209 0.59762850994689 0.14772412287511 0.46166027266609 0.91072170753850 0.53675110260765 0.00565890017581 0.11425459422176 0.96355160455119 0.44380363553645 0.80420772679969 0.23478460507514 0.18659554763528 0.10825727373681 0.22448916271046 0.40351856857627 0.90050191457024 0.18931217524374 0.00411916711622 0.42135619908309 0.12727761668670 0.19889404019991 0.47024260149999 0.51342355440998 0.26460017167938 0.00289499610978 0.59531819220181 0.46197577578035 0.65707787226353 0.30072315312202 0.89234298300143 0.13890636933363 0.43709035243934 0.37851375016651 0.06857663710287 0.49771546226325 0.26985907391656 0.63336154662871 0.19763564529959 0.83801566361556 0.03632790464139 0.76707764612195 0.85280431631482 0.89210054180106 0.36104478011761 0.76191758940762 0.73421639009417 0.25265084703722 0.17718926194818 0.29000051178374 0.63949421379583 0.91551488204303 0.97607580392107 0.29835405865585 0.27709630549452 0.07088662299312 0.63995639910873 0.71535194216994 0.60135685553314 0.68249477229658 0.52740939449434 0.70246507700113 0.75839875587647 0.59488097263122 0.43904577377567 0.11920077916173 0.24272750225202 0.92194600815019 0.08685007793042 0.11935383886763 0.89847473981808 0.07777821597349 0.29408104810680 0.03043499516112 0.78054966678455 0.56974646583807 0.44561595209788 0.29578089258357 0.79875349979764 0.33633275346365 0.88766317530576 0.65142171402052 0.16473476185277 0.35472875539121 0.32261311608186 0.84185536330047 0.29903053770832 0.82014735777498 0.18676204720286 0.53242752127497 0.55449166721596 0.66946156410894 0.53398412344332 0.67500560007846 0.84324913618720 0.87737209513172 0.79579564502660 0.06829125777744 0.87895166671284 0.04191542695652 0.57581908113094 0.78294175965743 0.08022600419366 0.38503324704959 0.41715652652147 0.27009118087562 0.32820550022978 0.68275607231790 0.37385524678764 0.77625723542892 0.30739347671276 0.08877930695183 0.59792953938753 0.93404150421389 0.40698980666167 0.92940620425628 0.83019660516924 0.96370644504672 0.30716583058423 0.09025434575986 0.30686157703676 0.96468218984247 0.67601364452745 0.75969970052984 0.32861125688429
0.60318961163861 0.95329405639418 0.22472279531261 0.40253329082954 0.97112850316627 0.61633891991875 0.24100848493038 0.78893105410710 0.14697826662100 0.76942981440105 0.31441843987923 0.56709448707409 0.74975259998722 0.66228536123909 0.22782068677144 0.88665227251261 0.84176889501447 0.93746459780276 0.60330138632660 0.24401180541927 0.05785540156981 0.78556648989166 0.91427967223543 0.61169150571633 0.19792886546339 0.56554989711168 0.34979959923403 0.92762400910728 0.24838939335456 0.43674317471645 0.14845223818827 0.72804132575947 0.56736321533580 0.87834434040558 0.78167089348099 0.38463043507076 0.92969484303134 0.99796450583974 0.98745856010423 0.91049085752316 0.60627916280392 0.46709004923059 0.69644963292039 0.52680871882841 0.24617997050197 0.05037737855415 0.84045442040275 0.84507840095101 0.46922411506307 0.00518137990994 0.67441396160140 0.67103257463128 0.58801261100181 0.06698467212918 0.24383706543901 0.90232904921042 0.38348777831362 0.27942510424007 0.39287748075052 0.68978181425529 0.21162996397907 0.44258411771187 0.43086513834603 0.02617465226048 0.67972366070489 0.36680096089866 0.23923679599387 0.36169989698469 0.01439980425804 0.02073791948318 0.92137041081072 0.75017633310967 0.44626734229595 0.00615527275235 0.48815231893302 0.43129222409452 0.46276916895936 0.05840175035608 0.65189343712893 0.01329374939542 0.03804089749124 0.60334128781153 0.16580413741524 0.68982242932664 0.12933940652166 0.29468226170008 0.18650431572149 0.76635463665756 0.94142843072335 0.31688748471614 0.73286519012677 0.59530494112074 0.18818718498536 0.01974860032970 0.07563889070728 0.27654680817913 0.16380527809815 0.88259921161593 0.51528072469216 0.18576822316240 0.12501098720902 0.65409757778610 0.12600957964386 0.81843450613857 0.45435161970858 0.39978131650290 0.66647874809831 0.69528958100402 0.48111317896574 0.97032695513616 0.73071189114800 0.83168789766854 0.15669172992225 0.69644838791231 0.08210544232775 0.69847566280113 0.30891287320838 0.48542495812701 0.53891694799263 0.05249838824327 0.55754992160596 0.82090358784463 0.67026280766523 0.42264698207370 0.26500610165800 0.01582534360377 0.38398996278099 0.71951445016381 0.86005673593733 0.78403286396563 0.49923357469143 0.05600321593622 0.51590819049480 0.19552837629654 0.88175298610094 0.83498700051910 0.39985115909528 0.12689566645433 0.43863510263510 0.49241321366333 0.70159736095495 0.03439798829196 0.64997265951146 0.45105441352477 0.73199226133353 0.00596182887548 0.79686980900312 0.85928515244510 0.42983995913500 0.62785825544087 0.42987304318958 0.06293805858834 0.54725131408318 0.08843488292612 0.87374902356809 0.80264573243935 0.27013818528175 0.15420846027268 0.04346551824917 0.02010847778193 0.13451888041591 0.63272651102289 0.43520607208562 0.40217354416829 0.08128198529706 0.74961761044239 0.17639602246626 0.66365360175859 0.63292586479870 0.80129685899671 0.10483019231288 0.53804439172501 0.95916678708549 0.58758131856326 0.92957098280759 0.94128953990602 0.80121480110929 0.05224587114891 0.33364212746239 0.08734753209805 0.79544553362554 0.81615220163568 0.06021814966997 0.92966960499811 0.55077044781213 0.83438821557426 0.00914005731139 0.06200471365223 0.00816332177638 0.23981739906230 0.48135269162752 0.61909600592963 0.83622675676482 0.06433532209569 0.30642016885555 0.91807104487716 0.14868847997140 0.68197752489943 0.16784950913076 0.13523445628624
0.40499974338383 0.48973063051080 0.17067480323553 0.79624740737505 0.32208542115698 0.63232055373753 0.03490496442233 0.52213743862361 0.54933062906317 0.28718327075951 0.14233724995408 0.21227232138811 0.24537016954848 0.43940377847636 0.79553315049038 0.05021914712156 0.04004002932878 0.33101600732730 0.19240532365194 0.54625220767238 0.03210074713378 0.84279024954775 0.64346210898781 0.53989910500349 0.01423278941776 0.36114357573594 0.82044414161200 0.27570883678564 0.91751687070835 0.35453234504682 0.41682655131957 0.41245606913292 0.67282774634721 0.36669173575385 0.98662529134887 0.64626050660986 0.16760400569246 0.48788326303283 0.32170914693595 0.34759838578040 0.28636845405623 0.08461586362552 0.87315105842679 0.83558758162474 0.33962354133757 0.02080021080689 0.78805598445319 0.10788178908115 0.48277594137085 0.02298219989774 0.29721141699475 0.83991988970506 0.96528595515287 0.36643220509446 0.51639310672114 0.86874700076126 0.59240277866660 0.03782263332289 0.84668924207293 0.18801795758330 0.71100482023636 0.47910006237052 0.70007176290403 0.39894253754372 0.64518298181827 0.98560138310296 0.87973355272178 0.12616098679908 0.54392732778614 0.74610738498357 0.34932376302626 0.25109689562517 0.74002135607834 0.64894882797284 0.00800446953003 0.10880093859808 0.43635184553001 0.42632361109648 0.67326723319371 0.70390091966513 0.65303834127574 0.71392970068810 0.80956255087279 0.99967393409471 0.80579187445751 0.00241449845107 0.43567822040037 0.60587018461882 0.32326653749905 0.72170503490597 0.77655059443887 0.37259772474084 0.87974489762296 0.48036903356666 0.39608390172322 0.49649505569685 0.33767061458573 0.77046174531990 0.46851078337817 0.13910842265364 0.43305662007199 0.99542542243345 0.13677399920490 0.43791562526307 0.37994777432388 0.94655808560320 0.93269389869932 0.63043789436514 0.38606487051998 0.78118533991971 0.99796254411073 0.16691853713060 0.81930361512191 0.13668092381230 0.78163854164486 0.51404881785043 0.81881931758654 0.05791618133724 0.11442967393046 0.96269965452472 0.96708526788461 0.07477026050583 0.36857277652356 0.86176508397464 0.18567341909825 0.24433850583242 0.72018291303289 0.17365240404929 0.88305602164318 0.72931623564610 0.76183821043332 0.28121058839337 0.03447864842084 0.52968524133023 0.26744334439279 0.15682131898370 0.55689879221121 0.79139115229877 0.13383489652768 0.06645258156755 0.96659869818340 0.62133817191794 0.44549394952914 0.07748607695406 0.20486873689673 0.83869087947326 0.42570279440808 0.22447997377178 0.78850280482190 0.41878826091554 0.09662336807280 0.08866938968847 0.45610086615261 0.74768861487387 0.65835530629555 0.75929950280196 0.17232768127581 0.72106984151598 0.43041339824683 0.38846100135339 0.81037421609749 0.19668367294545 0.24365929301128 0.54440692954672 0.88482589108721 0.93590828653671 0.01339083215905 0.07807578439824 0.07618461401909 0.66050132896053 0.01407908138360 0.71346261811643 0.70909193377233 0.55373194826460 0.46329272845240 0.32238078396434 0.24919668308908 0.66063131185694 0.96854766233771 0.81957769278984 0.81770663939323 0.99948583036432 0.95001643043305 0.73269387125932 0.21470127715559 0.94493932897175 0.63539610157128 0.55280676549011 0.63693813977997 0.44013620228067 0.62365465181915 0.98543856982252 0.79067228122849 0.36447343029661 0.65083971113090 0.30860318927389 0.15881154143587 0.27339280183796 0.56237624555000 0.26465578971001
0.89742770414934 0.43544238109561 0.12403865526686 0.86908364866590 0.68180952656487 0.81313994825603 0.61860365136778 0.06978744297460 0.11590439709230 0.42937177577220 0.70818685101475 0.31555625536170 0.11169252565011 0.91045816324330 0.76084614916859 0.97394935121528 0.25060465148544 0.94926246809665 0.30398102062840 0.87181534833810 0.31553754986803 0.30519169697851 0.00073469812782 0.91705094329495 0.32613149263881 0.26372475391624 0.38835475020286 0.54347875690839 0.27878170054826 0.03274639595989 0.62643621182899 0.11795683167523 0.94905539283651 0.91940173037069 0.19204237158244 0.59347772395227 0.94647863449299 0.09276810844996 0.53414820516179 0.18106103703220 0.78789884075585 0.64082281918878 0.14930472404254 0.89093807491683 0.16904274769874 0.52711260348441 0.59568160773851 0.93367664730131 0.04305597282763 0.67851714612420 0.99851551247110 0.24349430562254 0.63313866301895 0.98944027927788 0.55361606672656 0.01942203352418 0.29058492521649 0.57853313336459 0.55044027849517 0.61731372925770 0.42500244642138 0.22495498982914 0.74930558149395 0.56355362038938 0.72421780622208 0.67995971314572 0.69679114603583 0.07480594585804 0.71643788820322 0.14515746955477 0.10311024981597 0.43977279658573 0.16021390168370 0.66593770250151 0.31718595886662 0.31905480252034 0.29087648713487 0.60855902767238 0.66703745068734 0.81795248152710 0.65862148840908 0.14439677795475 0.81032998186026 0.39032092904974 0.28028119887143 0.25792809772147 0.90709301626599 0.52013274143877 0.92731974094453 0.77346245433819 0.17695149530593 0.98112377634912 0.58662643431375 0.88856197165054 0.35351239958971 0.28070980113833 0.95832140912650 0.80332848140993 0.51022997435359 0.32089593577378 0.01317094516086 0.60061590656691 0.28392380496877 0.14365721091885 0.35356780317923 0.92477824247377 0.28991950454955 0.52820590665542 0.43861038907173 0.15309392009354 0.34998939544562 0.47826742916600 0.19213816552411 0.28252256277725 0.99378323413480 0.08242991507450 0.04693041256696 0.52373060600394 0.14120670941962 0.16006771841955 0.50332853812319 0.67570633001568 0.87565383956197 0.21820387788129 0.39054027637074 0.69015810737250 0.10934882979750 0.50839977919882 0.86980097406446 0.79989855609594 0.00735306041442 0.90931980848724 0.92681876145506 0.99203187717735 0.49738404734785 0.15385603087914 0.82485380830510 0.97844134101237 0.27299681429265 0.66527550715546 0.09130663511228 0.96661892133718 0.21609211773906 0.55919572002442 0.31339164619272 0.93465567908538 0.55796351945775 0.36816531021083 0.96890210832854 0.46028573896434 0.79805203697005 0.42973188477037 0.94574983435449 0.36842657980070 0.50715681417665 0.32751090556075 0.83318743578526 0.44770179782223 0.18882951801302 0.39883320362492 0.13421391721758 0.14927269749942 0.35193945470964 0.75456028589334 0.22965943521574 0.57168373872174 0.08850309474102 0.36474734865326 0.70066494469420 0.74446289077439 0.24622892825698 0.89381105377441 0.49466357192225 0.60344075670052 0.68228322925789 0.64853728014583 0.35481944073082 0.57489065280390 0.27939591609164 0.51702973642175 0.69159121425871 0.91279615888217 0.73374309438984 0.70866275801414 0.96342588921023 0.58001253507025 0.67954954559049 0.76222194976807 0.89529798258761 0.45758596303214 0.57130860161216 0.82272630460805 0.29285176081149 0.10076142194916 0.29316021499639 0.59402603532324 0.86248269883343 0.94022339415574 0.07146287960592 0.70668612926910
0.59319861347376 0.59448276656619 0.53007507760930 0.43228376088372 0.85830145151430 0.03078101155198 0.72057242261195 0.68180468448528 0.95869112550804 0.77321807001682 0.49253957345847 0.41355766213251 0.31917015944454 0.07643529155724 0.33383845939592 0.60843529949380 0.10638196054456 0.15378330906981 0.93380999664797 0.85573400929184 0.33405973229111 0.76003297858164 0.10109542612255 0.89774724380887 0.90661118936569 0.38898165387438 0.51753781293812 0.69058485557021 0.79181779536085 0.33951187134950 0.62944947148936 0.77932156061900 0.42180421441797 0.58357073719270 0.36547580156731 0.19983441367002 0.06132882842934 0.93420406203183 0.84690255831686 0.17229686772227 0.13125645283511 0.70713707790010 0.78053708361917 0.24259728293148 0.98034583737405 0.86247788127584 0.09633700678101 0.68089279494858 0.04063291170194 0.20052203454554 0.72683578235978 0.11940477239061 0.43720519522331 0.66134572884312 0.13785146416986 0.35170845806578 0.76375939681111 0.32014565873567 0.13757311712457 0.24595254728266 0.71379992098894 0.01953096681510 0.11381375041887 0.86910490938485 0.05077662889999 0.91129111737623 0.88183769702733 0.84928923983838 0.38097250250178 0.51892844948972 0.04546202516570 0.78445195722151 0.59217010144448 0.22952214308970 0.35885562639515 0.60708848423692 0.13880922011289 0.78969118867100 0.08287398110148 0.27540723120488 0.92000025418499 0.90226999554271 0.06321610742360 0.65529860606035 0.16698593923743 0.90856388500357 0.78418794000470 0.33843070351712 0.23186937348837 0.77374309026904 0.08307116865883 0.11546393807703 0.60589783438570 0.44521986183375 0.15942463349878 0.17251436762556 0.30457856135487 0.71646836666945 0.46306978778471 0.97557644094136 0.88979986731583 0.71353102235564 0.31264300052311 0.00344693161362 0.74235877665783 0.49459939671218 0.83773907046617 0.40981795265624 0.32517503377894 0.05914014153901 0.23474360575848 0.00581102921445 0.59563990290445 0.49857126361706 0.02442361015489 0.17024135516594 0.48365562611978 0.58193283926093 0.00972222683731 0.54902574716852 0.40445225376554 0.54619136404212 0.92821943782517 0.92421556652052 0.96916961740962 0.87573122367967 0.61617226451644 0.81465922080061 0.22067744992429 0.37340811128273 0.40315096152750 0.06267794125861 0.96321269807172 0.82656023558527 0.27777062781708 0.87779664723722 0.14404594438054 0.70726682010371 0.53394810588906 0.80542967920577 0.43977804697754 0.65167343082796 0.06168810027516 0.35694634853977 0.11244805530146 0.17838289769460 0.42891079514812 0.79307813951188 0.92553834898322 0.56327163904365 0.41597248502896 0.58884031580738 0.90432576584424 0.53278509228171 0.46784686280032 0.17192143324606 0.83310228968876 0.51637496027197 0.81619042976951 0.61705411489333 0.85659130003185 0.21565641667938 0.73510459487782 0.95504617553417 0.35477541466541 0.20825516110415 0.49752910971310 0.40714635582842 0.50581622021841 0.58088790538781 0.72134754279662 0.89508003387252 0.96355577989028 0.11727267769553 0.65076125186723 0.60651551687273 0.34966915654822 0.57512478001382 0.16895490088983 0.91558082680738 0.94949131346870 0.62069280874551 0.05140956486042 0.40834464028049 0.56608068268890 0.07865586768042 0.20175589835533 0.31920853192437 0.18259619998099 0.49865294960011 0.30881459311318 0.34792960294757 0.49729233489128 0.67170513895418 0.75232229594384 0.97935330951712 0.46733211900699 0.50756041487846 0.35428441878433 0.38963058092204
0.32226567577934 0.17195622839398 0.56097546971979 0.42429197863293 0.72158190621823 0.90055874448725 0.97049954816486 0.93762665578249 0.29552660035751 0.33515865169760 0.63048277633826 0.43344127246147 0.30071472081378 0.21367083916448 0.61416902836797 0.71768191727183 0.98624275051342 0.57736551389508 0.94253693221687 0.58297192334851 0.51186747522974 0.77595507445705 0.98941738917090 0.21261011442511 0.21389233256382 0.40080914606069 0.67512308150380 0.53146466726349 0.30139710622003 0.34115756600747 0.16083298842325 0.61987797445677 0.32667086664871 0.49034147508919 0.60083492637759 0.15840151422092 0.77353207560360 0.32570793812903 0.08422075017005 0.55326105836858 0.56688644462157 0.46503779681551 0.98194414636247 0.11911646698340 0.53238268690214 0.78002552634377 0.50414300587600 0.93676965616728 0.13464751722625 0.77582166205595 0.73899699609127 0.80617077734633 0.30388893906492 0.04290738639749 0.88121487471614 0.46805450934581 0.98135511725759 0.10846948766838 0.30532357278934 0.09962113208319 0.26638608458364 0.34434845349638 0.45317934366191 0.62329187479165 0.65079057129710 0.19120499407119 0.24939329998769 0.87069343930885 0.03512759691355 0.40822913015293 0.09412518509024 0.87787489467537 0.60461889185323 0.88404302935057 0.36545037566635 0.95410766640836 0.23686359310926 0.49398531864523 0.90060423673946 0.65273857246596 0.41424465808635 0.11471606275205 0.97933383422030 0.36398348087700 0.14862836450058 0.50058584090797 0.94330224175970 0.12240003893579 0.19198890832213 0.25746902945138 0.72765634096076 0.57926092168098 0.74002357443297 0.75363278687173 0.13619328036130 0.83231493125719 0.57201948667801 0.24768913443538 0.04246057729932 0.21906122273031 0.68763226062891 0.70213770330421 0.53247109891319 0.29895378371588 0.05940333717533 0.10565935431396 0.06287762486891 0.92542593515650 0.01251329878457 0.69119894411202 0.63782103901511 0.17800113028461 0.36965423535863 0.17238595805213 0.58709159572548 0.91767143368381 0.74557276348481 0.57018582704774 0.16779752011041 0.37762603437824 0.66381449474831 0.97906780707062 0.53984752553519 0.73401280781753 0.24814770571662 0.56580241412261 0.59064402198148 0.17152457662185 0.92588534648585 0.13176738137859 0.94703472025045 0.16055356631672 0.95081727192152 0.04679820459028 0.86310874118377 0.73888378001878 0.70716107962152 0.97948633563087 0.80719910763970 0.34300897387724 0.08142403204264 0.71834613325268 0.49566115602083 0.15374645375403 0.66711091783945 0.27441039168742 0.11836082523625 0.91467344248619 0.12314461274367 0.53018507229162 0.99912122334255 0.74479957135133 0.04156549670335 0.95416773954263 0.20330678237461 0.17415907358887 0.94539685109769 0.01842796328912 0.06617707614459 0.73111308745641 0.66851842799439 0.76465244329456 0.66754927185226 0.48291310430459 0.26975429869184 0.04808126113493 0.31508379858417 0.96698713366716 0.51545369364953 0.15903706797898 0.62249945994485 0.08977004505559 0.60974289412251 0.67940346722625 0.61637877150493 0.33243926808122 0.93491723449102 0.45339771884885 0.99714162436758 0.72190185929171 0.16989828710819 0.69714840091369 0.21349488373155 0.19000951418340 0.23323287045555 0.11665940034977 0.30891249557934 0.10836908710169 0.99118445397796 0.88230328990280 0.28778408084976 0.93043228864739 0.27988922498377 0.44732568268050 0.30079473987272 0.89656409712825 0.33619610211358 0.68445108144974 0.48817761351654 0.80483403354284
0.45237485047528 0.72052285579315 0.89528148781962 0.41673893841967 0.21099211966703 0.18959012959164 0.49363864914558 0.06410671664679 0.23219913719172 0.76967240263994 0.96565046489877 0.35990577523154 0.07695694267375 0.88147859586790 0.85543050825981 0.13057025032569 0.87414658337688 0.84188469019703 0.13676912814920 0.41306287544187 0.94499704349641 0.59160768458238 0.19289162662622 0.84737176416837 0.72806068499217 0.34747352598339 0.88554287688345 0.21472322435240 0.25389063194803 0.63206770982627 0.91187602034724 0.60726772405867 0.37547224869759 0.74923381344936 0.42813487723275 0.64892171139973 0.08683918320095 0.43203807691485 0.03020058205129 0.07630243025278 0.51238913754987 0.60482473594934 0.85075943030246 0.42272728959136 0.40894317995877 0.33743489754877 0.58697693496039 0.16677192257005 0.50016222971039 0.38891300175667 0.09520369103164 0.13541012025797 0.25955898005251 0.69854059806064 0.64446796869680 0.42231170318722 0.31944627811641 0.44149595133666 0.40385757247885 0.44271675524438 0.81489633146643 0.00750757497076 0.04577434878937 0.98813692993745 0.21673091461973 0.17159842097854 0.62254980290926 0.91006014499599 0.01969663947267 0.09164045037482 0.33393742096237 0.61187545818410 0.47188395097679 0.10375719415532 0.30769546959826 0.35628131046272 0.02054054791178 0.54904363479119 0.54905052665552 0.18216352006747 0.48918153112617 0.80819317392246 0.20731935654493 0.00618463166289 0.32140031486016 0.24394213669105 0.46983420574310 0.43771353362640 0.03990965143996 0.43674779014215 0.29625680004046 0.20564715639107 0.96304998937520 0.92117112029496 0.29525487247066 0.72081838228378 0.51085901434472 0.50205460636880 0.52030627969755 0.76504885284971 0.24278537501760 0.11703563590306 0.73965348386177 0.46261598714646 0.99477653142895 0.27365795592215 0.02697044211804 0.33440490103529 0.48382026122371 0.58866149908839 0.36474680991174 0.78379972930862 0.69194491552121 0.86165857448242 0.37370939777597 0.30459514648686 0.95355047615130 0.61241184131737 0.99752092514179 0.37917685498198 0.17807842595018 0.65519271341957 0.91308703971121 0.21533839281121 0.90083711043967 0.84708913608347 0.55279764045961 0.69193092147116 0.80991851614241 0.45526073291270 0.81634355927588 0.12026975409015 0.79227520473228 0.21985681196628 0.87479498359514 0.88352340293629 0.59121194330499 0.26893899756400 0.37187085201203 0.98108515544702 0.81010206933436 0.99225611090006 0.82640085308340 0.65196705691181 0.99885082864933 0.39483235967778 0.07314406984728 0.31844037346553 0.74361789452499 0.53368317406780 0.00578204726230 0.78716854462841 0.38370599469615 0.97269090892518 0.98268439804776 0.80074166600073 0.44391509155987 0.08894877812718 0.55150839182231 0.17805552390994 0.44467367268745 0.34033754390493 0.97940277276992 0.13639553056000 0.30919885297204 0.89667490176807 0.35971263384139 0.42448617263132 0.54997580238590 0.58293035641408 0.17833597817627 0.89023067693555 0.62053203285466 0.23304350659848 0.21064157002073 0.29925612038378 0.40375700439865 0.04603683847032 0.96894523888321 0.31026439476080 0.62935580037592 0.55922839502634 0.90792769839258 0.94216412164682 0.27932437917928 0.34962624528765 0.70018786716429 0.60036018128162 0.21781665916409 0.22825170629185 0.60465645950951 0.44383074494686 0.52307722612047 0.05532385626912 0.37787442764130 0.80319236830916 0.93008562586320 0.71756065616886 0.07540910428305 0.27690495029962
0.53870591777387 0.90323519813321 0.70059284347491 0.67355288172958 0.02074214040587 0.83845198233490 0.88728694096661 0.74819333047343 0.14630561841890 0.73050380706240 0.76416299062974 0.57209542932076 0.86345438949069 0.45227363674248 0.10979184460106 0.55404034394664 0.06925112003598 0.34483122318109 0.99880776484391 0.85632890767356 0.56010187566594 0.84032156353394 0.40231369709853 0.18188124282555 0.42525105411564 0.28173675428101 0.73719134482274 0.03029144314523 0.12448664384500 0.31197147021762 0.88588245310468 0.15379266115249 0.32732488253504 0.83619596611448 0.85221189426364 0.45712475652357 0.91795873964622 0.87918655346423 0.18984345084000 0.48008904428209 0.38619966924115 0.73495827732890 0.48966302218193 0.75140725938317 0.74070634502559 0.24899329106018 0.35409299085378 0.00090841470983 0.14122983614937 0.29962283706050 0.76430192459967 0.34731593167618 0.16190049050103 0.84656945307066 0.27237905590066 0.92721706184495 0.91302585650274 0.91739298716388 0.92001227446769 0.84983934815458 0.60969029203083 0.61061854219484 0.07687356364884 0.30493255687482 0.21219119865323 0.51832233743069 0.65281417449202 0.77666184326555 0.14855437460634 0.30196845036418 0.80343738436129 0.91783535880762 0.07305515913553 0.79348725712415 0.99786709753401 0.05188582618747 0.79058884568468 0.17454941142968 0.87287030581386 0.62688040585089 0.92059842192329 0.30509212350135 0.12420105832058 0.03376861447746 0.25558268627094 0.84939388725385 0.46809497552963 0.42634640891133 0.08033074672653 0.30149577545337 0.57230401525363 0.86565202241774 0.92881597653263 0.00048879318406 0.17624239329934 0.08653301675171 0.68815872000257 0.64833689630890 0.03418296740294 0.44977842229223 0.63513849911700 0.04559245052899 0.68402858607954 0.82948685123612 0.62991510188028 0.51545558763113 0.53787244598812 0.45044240704059 0.12846703017623 0.17042214216582 0.92589508646453 0.23606046733365 0.52402977273307 0.07762261524672 0.26026029152143 0.32965518476878 0.76761969357877 0.73781680417816 0.17932341703436 0.99396291592529 0.99482059043161 0.05273795722186 0.22542390404402 0.30079988271680 0.93067216866617 0.87672445057298 0.70303873211877 0.05982125675721 0.72819438138076 0.81988833962606 0.99967616122031 0.21185284507929 0.38155853213217 0.00077141012591 0.75829104267044 0.65716363421787 0.77902295721095 0.59380842663243 0.92027892704756 0.37176582154150 0.45759948513016 0.97672678842821 0.78089522497794 0.32135112712832 0.84320092576899 0.20111497059526 0.38930486902086 0.89191122230693 0.08597897144256 0.01258768561662 0.87240588299072 0.29815979021920 0.02998883062860 0.96446640870446 0.95960007872212 0.28528183554474 0.61715766612500 0.53137388448436 0.30071573647920 0.19706339299238 0.01778521892072 0.83605081239999 0.26032404699515 0.58804233446383 0.21435917169132 0.50753274463613 0.35410228819681 0.19281992413216 0.98140056152228 0.79600247153682 0.94585557075121 0.90608596021002 0.67002475075926 0.69439148598081 0.43061871677427 0.32107456976565 0.25397866039581 0.56351466524709 0.13966762577201 0.47712775685070 0.33583266205238 0.05901706655281 0.23082865535598 0.77411922538745 0.22658672011338 0.68905279386354 0.48844384047398 0.59735325485292 0.88944102026910 0.01342953393922 0.06328783222683 0.38905158969968 0.52260206852302 0.60709856681623 0.75208631856776 0.84518881844113 0.44467017004985 0.56658299880588 0.54782150470545 0.62600508318961
0.90527103110161 0.40267544493086 0.04933159613654 0.46344305944669 0.17342223509589 0.26895723007148 0.76878856235073 0.41416847085201 0.18721142779062 0.27411310093717 0.01069984247691 0.44330903895265 0.97987382654165 0.45065541491545 0.77452921586366 0.00614396437344 0.55115434552170 0.13230756003243 0.88009926738662 0.84205211443935 0.36969327479908 0.66114506845274 0.11968274291347 0.54676491169178 0.72832192821304 0.04964482706741 0.35457215268755 0.98579129759413 0.64663156987627 0.35730428161275 0.97583994687419 0.48516836825175 0.41452205295708 0.00142799013139 0.37085573852545 0.33374755450321 0.50609277175123 0.16396862032156 0.61118050807308 0.39376650095621 0.12716201879360 0.08345422396030 0.66284428849668 0.98927628556740 0.07642696134768 0.82409763414933 0.03967807859058 0.92138664847007 0.76424836346116 0.06181908401260 0.91700295821108 0.20621173029155 0.45459353467176 0.16670959454144 0.15395168346788 0.00543932222801 0.47139117658003 0.56548144813515 0.73827423082856 0.46733632964107 0.42452488312649 0.88858982725310 0.86229610125700 0.53540544611488 0.40991686248455 0.81602633237618 0.59573990518956 0.63366081715254 0.15326594497877 0.78415734414172 0.80609389437856 0.92358250496439 0.14844654295448 0.67995912895288 0.82798982594766 0.96055923469529 0.82230377227048 0.08813748602636 0.39417924072478 0.79201424901764 0.50007149446987 0.61388330712983 0.49738387380795 0.67714237709210 0.38839691087637 0.66498716673343 0.79208050035821 0.28102257105749 0.95845817297356 0.31014991805199 0.79240829392468 0.37644476314871 0.98175688814273 0.14785418123819 0.02162078685106 0.71359799535486 0.69107592829069 0.39987882735328 0.18613793163132 0.60741515261099 0.96552302348044 0.13470745121105 0.79327603168547 0.03853318253610 0.43285370744008 0.98296482074388 0.53468525486904 0.31457233356816 0.36169460828090 0.65249813034871 0.54495798320891 0.65068408925776 0.09338025757171 0.04140060816084 0.82122274979609 0.19307898382538 0.25669487592572 0.77808338349680 0.75600285118238 0.27662995566381 0.16651496323007 0.65720312375625 0.43468485602137 0.10467796578055 0.80592209123958 0.82349949392704 0.12905365718760 0.59077024475568 0.98986488157623 0.57782053117870 0.87089891490684 0.94487003100791 0.92478066938695 0.30767642104504 0.58119590407708 0.90584480264026 0.31652168206449 0.72972235643425 0.26865819724396 0.54025580347887 0.70932575173798 0.38113201766229 0.61723657828866 0.55137021340913 0.50499090549908 0.44860787515415 0.68066556760834 0.32814039451204 0.63745672538850 0.35155694900814 0.02202460650995 0.28994768014284 0.19887622538864 0.72052198328518 0.38161826783064 0.64600547980878 0.55068367442148 0.83277722699742 0.01774968393828 0.21675307976823 0.94826973750765 0.66856343974704 0.13010813068464 0.62652741451129 0.72977033004394 0.99574804842509 0.39119937241619 0.40369818792992 0.35414261466830 0.31225885213873 0.25868682598402 0.85861310649987 0.82364156100392 0.55723953875709 0.82539796529599 0.64848402054595 0.72493466401116 0.31159555961452 0.66470635677497 0.59022582202795 0.24145521352394 0.41987232345227 0.19246987895869 0.60795598390827 0.77376200549694 0.97619992899089 0.24944639410592 0.93442715523512 0.16679042429135 0.54185455078273 0.88370364669594 0.78267867475211 0.61088212641338 0.46725362967349 0.22182036709802 0.83365033874601 0.10484284087375 0.93152485133939 0.99672726028247 0.92507942701058
0.64396832570454 0.08139797566025 0.50740712730636 0.57761011384135 0.16906858202011 0.94472546588784 0.94339945525670 0.64214452321404 0.27157418592394 0.76970689777477 0.74199107290538 0.62329821849562 0.70880003326548 0.72132596285731 0.01181715075221 0.46366342921175 0.80662604874039 0.38426991859473 0.21906478184315 0.21260708273167 0.66063385219056 0.74661465985940 0.47166863652510 0.60188869045483 0.96435179335266 0.95985462252694 0.57455963080322 0.22585349519816 0.27589095143052 0.63086773035755 0.14663153082948 0.05747800864608 0.50527654308162 0.34009302830422 0.69225983489124 0.87593290171322 0.34032701433730 0.36055288703003 0.00154380407384 0.32482411079853 0.17110527223681 0.46715860203787 0.36374529809843 0.56298380315062 0.24581917329583 0.64585795507399 0.17496135247981 0.85824348694177 0.24909022481350 0.90705212281022 0.63555210290747 0.97053745916735 0.73739565687100 0.80417522797521 0.31454147680093 0.02137196505240 0.40184308684261 0.21078667761413 0.48451693946763 0.94679903137600 0.54625551880778 0.42903118918712 0.50964946770690 0.58603167011084 0.97358788632769 0.12193940038568 0.21775538865837 0.47616591082733 0.18137502406850 0.95961253375084 0.45427239414423 0.88276667271994 0.83936670870225 0.33188415989369 0.03230313907831 0.37802823886291 0.49629217241297 0.76041913248960 0.60226959383104 0.82180894410837 0.91689563343094 0.91179029158714 0.57989775455195 0.86441268055497 0.91398197672632 0.57870049565083 0.87881507738152 0.40660994632629 0.66787290372935 0.36811899354965 0.25136751095085 0.98331946934272 0.30841885957504 0.88717374205007 0.35078965994743 0.92762388500894 0.57921833370487 0.07037398675423 0.74094754797707 0.56102311234104 0.31082481054643 0.17090799949503 0.27134492119050 0.39240103142196 0.72963636683104 0.92584583777288 0.69126328261707 0.09562873771537 0.40849571640940 0.56279286946460 0.37674296847291 0.84192600772345 0.25127904447274 0.16673201302990 0.61323088116412 0.36015675633899 0.76909933867326 0.38088658929488 0.78697560948005 0.00411048828274 0.57073255845651 0.80856279605452 0.54832932467858 0.68186659047543 0.67144561166412 0.54037079421540 0.66222873827446 0.63421061973903 0.96986061935140 0.28204277580930 0.77110794337223 0.24148110548546 0.68892192348135 0.90174467890908 0.23760721313740 0.38181354804418 0.26528571725855 0.99727687310108 0.96878211623839 0.78711124601302 0.27607624656550 0.68293466929766 0.52776737550629 0.72345146887997 0.32631186705991 0.36486239755842 0.12304253514208 0.93494429391579 0.24362409932680 0.61671826910327 0.75004366387859 0.47505427128614 0.15009699570282 0.89374894432581 0.84375840764867 0.53566567438164 0.56473785225793 0.49651166759368 0.38322831739982 0.81934816362420 0.65875697455217 0.93817504774879 0.33925032626450 0.71556147663720 0.79731524932837 0.16441845294023 0.75896280154465 0.70958939094726 0.65089842498367 0.44908888831111 0.85169731423946 0.92436144940788 0.24770656348214 0.28016031842421 0.08468867379699 0.76767316473343 0.03471231015130 0.64297244867220 0.04473160098560 0.06536939729970 0.43401093563478 0.17932138420733 0.93133329966521 0.93472758024970 0.89000195094365 0.13574196356456 0.91791355748624 0.04146311453265 0.23414321334982 0.05355845698296 0.60355535563960 0.38695180258555 0.66714722676434 0.27049075199235 0.95571071676049 0.60031036600808 0.61248689531564 0.02935749387486 0.65361466201109 0.21693374269295
0.49875200931194 0.62786325032965 0.83711034010434 0.53435928349336 0.01153284540612 0.27593506548594 0.83363718050807 0.73422399125270 0.84941425947657 0.67350331136850 0.83237238976284 0.06053168124112 0.22554342949352 0.88977403272991 0.43986540781254 0.89813471518898 0.25001135405079 0.00021745392371 0.75694987236914 0.34334427053124 0.70566271598583 0.81212298623284 0.49840432030231 0.95080464850281 0.59178818526893 0.75206000237261 0.68936060123128 0.46268360714323 0.85112637995686 0.61085053081451 0.66434801369624 0.70483229458603 0.80070295446699 0.75554957410708 0.60426938109904 0.54488851147197 0.28760408067599 0.60136650575606 0.43103701056142 0.57848216729933 0.18935850586925 0.24814649424851 0.99724767025006 0.67230877579065 0.57158955268420 0.60419535792535 0.78819507050423 0.81116610181414 0.86791026235351 0.13067237151890 0.26579393851914 0.23851264630014 0.53864087795808 0.16479826469853 0.24861079885776 0.07086551737077 0.62847378309407 0.14081223859464 0.95551343723167 0.20121276138741 0.36943593657614 0.32047975052350 0.96686389703823 0.00933177184724 0.10433574342599 0.66954323896301 0.43296373767328 0.44727945692138 0.65703659359166 0.95465837373255 0.29640787938297 0.11412332030064 0.72874406216672 0.12211993292944 0.02202647558150 0.91680948051542 0.33349764304828 0.10611898339965 0.29594551075618 0.29671615997206 0.75382151119632 0.66655502012828 0.11532793255355 0.74516915725827 0.40015911667602 0.54647070550820 0.79273038260948 0.66364274881730 0.01040829169166 0.24836584880609 0.09990451403176 0.68271627381464 0.24197472935946 0.15923735349364 0.06087191725789 0.00437022868755 0.82978096846431 0.35369765296268 0.11628100933476 0.84514917897614 0.08208200285024 0.30769859322514 0.10565068675832 0.05591637404998 0.39370435773371 0.95688483441229 0.45510446727374 0.62952964772499 0.78292373328725 0.72359716705690 0.81601267782899 0.39599892668171 0.23274922738992 0.04840163072034 0.54195615437846 0.04794996005514 0.71438520194439 0.54001563972414 0.05018205757975 0.94723356791595 0.22889685515797 0.83737876951419 0.70493141140232 0.73262400880155 0.23773480662292 0.97051581080961 0.86841450141019 0.09323431979416 0.68136596126151 0.28909693891040 0.47633597066143 0.36745624536696 0.00696779514744 0.02904176129426 0.23340328343900 0.17323079478626 0.82176567318502 0.63622820182491 0.99943452780997 0.21093252645868 0.51917191121422 0.51058797022313 0.13566130154545 0.12322106864713 0.40392852039410 0.59033035615503 0.45900547592174 0.80651771283855 0.46511212489422 0.36869664321385 0.85807890939746 0.58559641271636 0.73224520515700 0.66747552177376 0.57738142967099 0.02540638236172 0.22848580106090 0.57625734927318 0.48355639003370 0.93786873818254 0.93970284157005 0.73498137884856 0.25274005230746 0.39186999184660 0.65433819784426 0.13182921688867 0.53772062333792 0.55935314426202 0.95783667272577 0.98077942812223 0.17161027115682 0.49022317160391 0.97272147960491 0.07493379283575 0.03151941046565 0.09892919844620 0.95333302854796 0.00085780623713 0.89958231347090 0.01781209464494 0.77741240135188 0.36390338584492 0.03039061529679 0.12973984279889 0.74111292835251 0.07745205609732 0.48766435711038 0.74405021122065 0.23778462953426 0.56127000262639 0.11251895520916 0.83781980667379 0.44637538858365 0.03335850479567 0.54985267521600 0.61038529076243 0.17078131957415 0.42075720595326 0.58974203375651 0.29950061889168
0.87779466093729 0.32900916349666 0.38377473765423 0.72325634699555 0.03293658391463 0.35169546592533 0.01024826093761 0.98734368064590 0.76767896546005 0.57631148214782 0.78009136282496 0.99745490338853 0.50765326227557 0.73094282985514 0.04515670277035 0.31606712038642 0.88383879778081 0.51394115184156 0.04679498585419 0.78898317672097 0.89837483577914 0.09551644413367 0.40708420587247 0.22355936410246 0.47078410434537 0.97524978868744 0.65260053260959 0.79833753911467 0.61583683970350 0.80175489219834 0.82137587806335 0.35917357028244 0.61115281684654 0.30109037377503 0.60801626587045 0.15610613826169 0.76026882004263 0.97122564958659 0.64559567346320 0.16532389414654 0.59109608637924 0.72553928933373 0.08272752207019 0.22243869892270 0.83082734142021 0.32962033004861 0.97152606553130 0.34575545234375 0.13414054561215 0.39461096191199 0.10213370569599 0.17661987553263 0.14275691147778 0.36274972709980 0.15060188675858 0.44844903640889 0.62975783188082 0.53154693220221 0.04733659100634 0.14120331394314 0.92698789244257 0.03551582352749 0.90794961442332 0.78464880433994 0.25248415546955 0.41765833809853 0.43309108447990 0.01209963873692 0.00968309275444 0.08828730714875 0.22072944115127 0.80230022816280 0.14578529146236 0.61853094978385 0.61618470007989 0.49064550623230 0.25115134348966 0.41570741148213 0.77865403626777 0.99654773175476 0.16186897278091 0.83108442334220 0.91905692930014 0.42635552764783 0.48301275520869 0.09483965438447 0.50596288953425 0.51009326790981 0.24656147680415 0.18630671835203 0.31383756558216 0.80521808104530 0.16857727882068 0.39369809402952 0.08233059794403 0.69176804345613 0.52334603854191 0.78862802225097 0.07028470837483 0.98849558336753 0.19563374160587 0.25773859605883 0.92323010445927 0.44212214706404 0.50438621832279 0.86998495388445 0.72429866382456 0.99266916893752 0.95662583505397 0.65884241103602 0.65920608978573 0.16053675022281 0.22370992185502 0.99541003869410 0.25744485106239 0.56540509069706 0.79646533281276 0.49892030665329 0.57434018115650 0.09166847281712 0.57245552516445 0.15320045645134 0.75276050803264 0.12224670679591 0.44501423561500 0.32985327662128 0.85004780655421 0.12312965402772 0.46346881944739 0.61818857880399 0.26178690612065 0.97403989413144 0.25000414232974 0.40769132859383 0.12723085924242 0.06925864975329 0.42720473158873 0.54280517691916 0.57549258619356 0.40153130030260 0.06126831926926 0.49390908054055 0.92341373874195 0.57600791321753 0.41563177900943 0.20385776523456 0.05032031562284 0.10644321277089 0.16168896816745 0.34547339515745 0.56344334364670 0.38905871232375 0.16725990473922 0.88041555864219 0.85635856979356 0.84697154580712 0.05589647461455 0.87650067513272 0.12318603231950 0.80221836651350 0.64200037566157 0.51597771924206 0.05658814585456 0.83761929963797 0.97264713890080 0.56194152705121 0.89884842032156 0.88819030427931 0.34034946582079 0.17228163305146 0.87112978306659 0.82940951413521 0.76307462693079 0.05403372787708 0.14457331178553 0.20764465394042 0.42277123894672 0.98130007754083 0.62973824254655 0.04333374970233 0.70075336031820 0.33657810034908 0.67938855995346 0.48995885299395 0.83529517215066 0.81180977871732 0.29965258876703 0.53749633804347 0.35005626601401 0.76537761600688 0.84502945189904 0.84764348206660 0.66802850116333 0.14822767531052 0.44059236888969 0.17630316934903 0.31084669610732 0.21882922068045 0.65644650876687 0.94296811266874
0.41987988219901 0.19028296596370 0.98910241940637 0.06883770246999 0.12387566037676 0.12221988054151 0.05021354562809 0.03448208658502 0.54524470440732 0.50709051062036 0.67037945421899 0.70777484745898 0.16314803947572 0.90378767971787 0.23764966822834 0.11712321351900 0.63493533702089 0.29226797140534 0.36541737442748 0.36961780409224 0.38785486039795 0.92946429059912 0.97144898497689 0.93701511283675 0.07833474345554 0.65317210575751 0.59681620670975 0.41728374151403 0.80058990195130 0.74649988734421 0.45131832974789 0.99909378608482 0.40027707068646 0.66502450389828 0.90601465653437 0.53136777058736 0.42259579266247 0.63892436481085 0.27329199050028 0.08340032974257 0.62785591370117 0.26479363035096 0.77235770124233 0.59766451338749 0.89133302514242 0.31061359932458 0.54968781266034 0.81461354750565 0.02913041497227 0.92215747786493 0.06910354671166 0.06079011486671 0.18049109948866 0.69831674249884 0.77931161154604 0.37547976431532 0.76137959359908 0.99613973216433 0.95778088733447 0.26729714796439 0.62485862774343 0.85361751692957 0.06391381944101 0.08720610790710 0.42218253636871 0.16924908062230 0.04175685801068 0.46655264457743 0.12120325506246 0.09070878355861 0.64752532048242 0.71338805771591 0.96382055536915 0.32398114952626 0.24983816728694 0.56322575774946 0.14698779264555 0.06619736255971 0.40335927542642 0.48210776638213 0.64934272255251 0.40329038284775 0.44766775902070 0.47267823297451 0.24917536506203 0.13241660439504 0.14173120571757 0.44261019141249 0.57378346818809 0.56188655576549 0.30717235537734 0.66123758751888 0.12428955052945 0.55874228544185 0.39617586000692 0.94271882531570 0.20213566464186 0.64635515457818 0.36024768168158 0.44252269899231 0.51074485389787 0.02788382576741 0.94678619377551 0.83053141742644 0.94453644226509 0.85498566009354 0.43862908591574 0.17295102988123 0.85522483218253 0.58596896245752 0.21596546153076 0.79581706936411 0.42846602690103 0.51709965615451 0.01331283129599 0.47149682113176 0.63866049238152 0.34527094604674 0.24398209058117 0.92894978653992 0.68494560111829 0.12853065285561 0.12634021901075 0.94091494797180 0.10036210676921 0.45588363013984 0.20078881068963 0.86864404462599 0.71492477921453 0.24384694964443 0.62905128328852 0.39811092488906 0.98139274620329 0.67029141888936 0.73774761887880 0.96394529548861 0.97146628984149 0.61252693007720 0.69336846092863 0.96239912954313 0.68972032778207 0.49744645849213 0.39920109208082 0.01895375472321 0.67766500714333 0.32494904389750 0.80992207003910 0.22091530656005 0.20536097972813 0.63399648573144 0.59335870229573 0.23798482502182 0.61236626653835 0.73659489302110 0.97006174193727 0.15773309212287 0.12498940688412 0.69173685546886 0.26447904501079 0.92417547106027 0.31917589286026 0.05447759001369 0.49075195159228 0.57634139504513 0.21471135834304 0.54891000818064 0.45256155932864 0.18521128683331 0.70513540114693 0.50876515519424 0.56794937968421 0.09342699451701 0.86098763822890 0.87919714153269 0.58873279111926 0.84862898117383 0.32561159006504 0.02475510676264 0.66271928053261 0.52105333196558 0.45846657598670 0.44953499738862 0.30986288002679 0.95625333618775 0.69910820555771 0.08928025847398 0.82792986799052 0.33186576986500 0.15108769450606 0.55208091300250 0.56436223430136 0.05082465671996 0.19042318250466 0.80479528136597 0.18133142469621 0.06373612990905 0.27985029613629 0.85802531443362 0.15790228533827 0.29497658152318
0.94040554228631 0.92859335215357 0.36354060514537 0.97514462134683 0.62025391534784 0.28039962426920 0.30133654288059 0.81963108374887 0.58051580885389 0.74793956528147 0.09921098482601 0.92904811424342 0.17904207306761 0.81991665619442 0.47855191147152 0.46854938208273 0.28270052014625 0.20985652442554 0.32395927808050 0.86239782979804 0.03717519529767 0.93382014692988 0.48664120849809 0.03010086734496 0.61320770373855 0.58527065665382 0.66546956413865 0.52497475262556 0.98753342441121 0.02297535700691 0.46198286302845 0.43680266134230 0.93015836678132 0.52151717113958 0.19777346082395 0.12168669626630 0.02833331235232 0.96860696960736 0.87333554793361 0.96724471940187 0.60994913003951 0.33904440343733 0.11954138855335 0.91178896628319 0.31354629033317 0.85197153939405 0.25731994850937 0.06848482691398 0.47196127182449 0.09172305255675 0.07732845986093 0.31660410679685 0.26158527229464 0.84347582473731 0.42541117951688 0.11855630760142 0.17522186419196 0.16044729516194 0.06374863322274 0.90559376804073 0.81137898485734 0.97832956318888 0.51652766667942 0.03851717479756 0.49311525011072 0.84703712983946 0.83264560015302 0.63796353562381 0.28452594791083 0.27534659040787 0.75385240304218 0.71787887236026 0.31810309774673 0.44598383454719 0.45746934809254 0.35078233026491 0.34321540694679 0.40702679288045 0.65461094832145 0.43527748433689 0.52028945580593 0.75954519164231 0.47645979780533 0.32628177560242 0.04361385979377 0.01927249863059 0.87955259339243 0.27405548085617 0.92804544036676 0.89901350015417 0.15147848452638 0.09534568334081 0.80085513319366 0.24015197799752 0.38048924800292 0.33411144092565 0.24870284161930 0.90389049643844 0.00615573677631 0.97579174916916 0.22325196552876 0.63054820367972 0.30595514217724 0.19105002644575 0.12567627886925 0.86161720916229 0.44938973672984 0.60528903630339 0.31059642806324 0.14536748726564 0.21191721476429 0.38813386521104 0.12216461645068 0.92458107805986 0.48216128066969 0.32059214399017 0.77629061307598 0.82513691455784 0.58291658133394 0.44501981374536 0.32512096753847 0.99211951652723 0.01353149039751 0.82408318979079 0.80870210813002 0.89961839106185 0.11858409570858 0.44952228394429 0.80273841913126 0.15375625667360 0.61847016928019 0.78464523280454 0.89460704968081 0.70755466850725 0.20856230830151 0.19281628543207 0.13244062304042 0.04587056001029 0.84891039360816 0.86075071896649 0.97392162922243 0.20615473739727 0.92779163037873 0.35587850748579 0.39450824207714 0.37541737639603 0.58025287089659 0.66406386299419 0.67012680986652 0.59982948659630 0.92544226237664 0.18978873285305 0.17937506437899 0.86351422828851 0.93395396532571 0.51810442875820 0.91067743893689 0.69031699771014 0.63018218494096 0.29923462504850 0.22365897842104 0.76343384545142 0.82761304693978 0.60873961064053 0.85907999034981 0.48297913442023 0.97559042726502 0.46400960398670 0.03850277502741 0.50152033660541 0.21479107796654 0.29902477407257 0.45819397109326 0.81135318351297 0.51452473789694 0.10338253402107 0.35806336805334 0.54440103893386 0.69363707024341 0.92560323851183 0.43862003648674 0.82368786360552 0.82194955150195 0.32614996413861 0.06360887769214 0.94228620192130 0.03971638182246 0.56649922646774 0.65784027443855 0.00276047363960 0.21639008273296 0.24694641880078 0.36017851458002 0.55613761835859 0.94063069818584 0.94127287505912 0.74566793362572 0.21920738868454 0.21359048862604 0.36761327935931
0.85262730947058 0.21259432139431 0.16202287150375 0.11196197341364 0.57701901606842 0.60558418430820 0.29066480131891 0.29617924164525 0.09114195255883 0.57995496423117 0.25806332881553 0.83699832791110 0.73689904603173 0.06436565533207 0.30633743814918 0.91995165249922 0.30056003566904 0.29125826394812 0.56536050982582 0.08470624415060 0.19552412877672 0.47434929672934 0.81920614661983 0.51699312167898 0.93715998717353 0.26424917610132 0.65590263461430 0.06973646508196 0.31362937740849 0.25834392188158 0.10327949547227 0.47080476832491 0.73240491391830 0.02857195296170 0.01425072082189 0.63274013634729 0.26208303046165 0.87408530622432 0.08163892209662 0.08288783992397 0.86111661590532 0.00827873169193 0.23018197574714 0.64929207813267 0.17934842802948 0.63665719799979 0.32585904254511 0.06396941633444 0.68094073356516 0.50672256169535 0.20485748019082 0.03097343207710 0.07985797455692 0.50837115271275 0.24735099125806 0.01300666411939 0.12396501036005 0.86505693893118 0.95749372148145 0.08749904960277 0.24136386584160 0.96564499874599 0.41969965901665 0.59705220183413 0.68635187356752 0.97358112226969 0.83800124504183 0.41225210260273 0.85246703761769 0.06170570810067 0.53328428926285 0.53138610436876 0.26050399199140 0.62781649744097 0.89292873897100 0.51298428588658 0.73977298370971 0.10951175578239 0.53520040754287 0.92619755301803 0.08210956353601 0.52391827508102 0.19855541111605 0.94462965514712 0.20522950731064 0.80987063355118 0.14105052759138 0.19014111558706 0.23159957550562 0.08219958091412 0.21502976577991 0.59414389478109 0.80305876221435 0.26153290062377 0.47324505857499 0.03927107351941 0.36283533656908 0.63612641798122 0.14875316194147 0.57592107531222 0.69721506337507 0.69019991976828 0.12610241602184 0.64457820887464 0.03359620225286 0.30985214616873 0.59497942006559 0.01176643857791 0.38426899196152 0.18802585841296 0.12145439369473 0.73183225641710 0.20735498700604 0.27842124229636 0.87036394299666 0.79459048933393 0.55737266409168 0.02117523595346 0.89212978634196 0.86921713112902 0.31957835032802 0.02349412519286 0.10992814576178 0.38205255616602 0.55357811828779 0.72016763619985 0.48820471715608 0.82105627513065 0.82639413193331 0.53872084539646 0.81342219038273 0.31340033939857 0.88845903271868 0.59539708512182 0.01659646936185 0.79043254559799 0.83797069213835 0.96095471139580 0.11927249273786 0.80621443847493 0.62869649594967 0.57065958890290 0.55342867307656 0.98792969233350 0.80662471116510 0.25222068766314 0.71965482562972 0.29470047151972 0.33016400210299 0.81520154419097 0.30568254776351 0.04570512136911 0.58020856396160 0.03354400785316 0.05691940770018 0.16078845958318 0.98627344638414 0.26022547718969 0.47690712301143 0.49581967016507 0.86355685575747 0.77753290124803 0.19881885190292 0.46146607516141 0.96883667776982 0.32644532443938 0.41984217594213 0.96367294219522 0.58821715398938 0.74924072637315 0.56939810958628 0.06810628195925 0.43828055620174 0.69489009417967 0.71298343765253 0.88238582629710 0.47698109281943 0.11237275160899 0.17147746616983 0.45700186308717 0.34410705388632 0.95036819999058 0.36809173253403 0.32429541830592 0.75280772441358 0.35026695277355 0.58469854379767 0.28882965741541 0.21993043756068 0.35328204409490 0.31064593525985 0.11987057738867 0.57289968021507 0.26744714550472 0.92165949961333 0.16405050900969 0.54619814534258 0.96915074012594 0.12343860235789 0.57071582636086
0.30916209154599 0.19347347549085 0.10488728379359 0.75928124849081 0.15100175845717 0.01968911185625 0.11282523849592 0.50987888058930 0.71476048274365 0.34905818514749 0.25960216457513 0.16187193062853 0.72188598660878 0.62217897543573 0.75058403416234 0.72746778568673 0.64552453328214 0.03378504183749 0.60460011217726 0.93850219149781 0.57948312459561 0.63518585308886 0.38674402768646 0.40757982106393 0.52534565902389 0.51069695953004 0.72161917283254 0.00235353080752 0.00265408327786 0.42563528220443 0.11719007245194 0.70978705934133 0.64736008820293 0.63587309678537 0.70652754923464 0.15255038280136 0.26731353515244 0.83420922812743 0.99396371687398 0.76529639524963 0.98546211305051 0.33672443974167 0.19410890434242 0.97315912199552 0.93950696139268 0.90013172689160 0.47611631971200 0.02259688555212 0.42470537075849 0.99815754979322 0.15387479765314 0.91867280108798 0.98205311368135 0.26508554116243 0.50442486887119 0.60028457779114 0.77184235922281 0.67594529126707 0.15941693011079 0.34739037120906 0.74927088441704 0.79629963895391 0.12064510581479 0.26179952996930 0.94675789192153 0.14660326593009 0.83278157176888 0.61544644601275 0.46869397843223 0.32855446879720 0.52429417858666 0.19463841374653 0.31143774030554 0.89264255529953 0.61029994401816 0.42062335468536 0.64130693130363 0.82307896331370 0.30032093982326 0.73492990960469 0.20943441816688 0.15425753142192 0.52564615567720 0.66919683845938 0.46502373623751 0.57306271487665 0.77806705768141 0.82285289987826 0.41773263695943 0.64222235008918 0.02284189450226 0.87396010935743 0.87615028389404 0.82080040722539 0.64131575148076 0.48350957061787 0.91559370596079 0.58656850490325 0.85955111628577 0.75832964762381 0.43777838494279 0.75657742833675 0.71972470520673 0.62651195096288 0.84552084720837 0.26380337623707 0.50580767173563 0.73746829189690 0.18482846877788 0.08751734308939 0.75846119164650 0.31554396832672 0.35378515372639 0.00966278087127 0.77031472784824 0.95067841989419 0.38061120573726 0.01705587449197 0.76753792113616 0.75813026351374 0.47989988589401 0.54746982560123 0.04920839090529 0.75290644830916 0.28766640060000 0.19254442412938 0.74163774527225 0.41486785742758 0.47373323096864 0.07550838727209 0.70800604188435 0.31939855648499 0.43094608269632 0.26884635228765 0.16192018811349 0.86206416748890 0.08501621921303 0.24254559349320 0.30101665165973 0.80646188381520 0.90195211497358 0.82557751257406 0.38921464830022 0.49012971637890 0.14870645458900 0.60063508186214 0.11065051489374 0.44630290062760 0.71277810765268 0.82836588784646 0.82054675285523 0.91325814876079 0.36729761450160 0.91612586960359 0.76966228010378 0.53391865343942 0.10383932408985 0.62393018424048 0.05350157241265 0.41389021509567 0.18366101189370 0.91149513807499 0.45348125685310 0.20885794560060 0.02770483585637 0.29133957842568 0.19421001442831 0.08301750026032 0.49626425610773 0.05925946622119 0.79332359790254 0.46383599194944 0.36812097557520 0.53886451277300 0.44022499414948 0.45334517665776 0.12056192679508 0.74988000338750 0.96275969484831 0.44005418576693 0.00230748074684 0.31193008756980 0.68438330729100 0.90013942980187 0.56572810033985 0.47809453476824 0.02729562471103 0.72965765572637 0.97312112775000 0.66332130413435 0.06628019455554 0.67812877633850 0.29151062686730 0.53345023508079 0.21091967612718 0.06921589115651 0.39505005407760 0.91732846772161 0.30054663565813 0.14151687853025
0.73420755162768 0.43220675810663 0.46299133631287 0.29556588165883 0.88695100381010 0.66959187573284 0.80026916709215 0.13664021555753 0.44338477101294 0.88791871053560 0.82969206077616 0.21913267253757 0.46575971755660 0.43947083252449 0.80855104187068 0.25500415279894 0.54083410664904 0.88158233691233 0.75953177041494 0.40596990237914 0.77227700284411 0.51690584595742 0.68533226590199 0.21801872981338 0.06439824546796 0.51913818294176 0.99398294275925 0.26697589766278 0.41841449448550 0.47362713385898 0.31184657396289 0.22932286029299 0.08440639466729 0.88511814901972 0.75758324094353 0.87388606699534 0.49161529083442 0.67378553108049 0.86233814069532 0.40372294100908 0.80644740552991 0.11160730215409 0.67761008329404 0.82298773232440 0.99247206501567 0.24595681517043 0.73805028228579 0.65120078549966 0.82262577629082 0.09934979921678 0.10236040544082 0.75830672340095 0.29945903040533 0.24277885654338 0.46007085194132 0.09261087375691 0.91004262874546 0.04341866960261 0.11544092760015 0.74323656605248 0.07745039532919 0.42780905233480 0.42444375570806 0.38387843425047 0.00305808981968 0.31753208760973 0.56027840094400 0.82412345178033 0.46711344706429 0.82012708695766 0.22913393908172 0.04461216932424 0.99309611160558 0.01246992885233 0.70574559885636 0.84500176994270 0.41851338048807 0.95636103889660 0.27714369423296 0.18300912435432 0.90332142322490 0.82639488409011 0.42373423670978 0.21239779548906 0.27104228773038 0.48106396837252 0.53683744831476 0.60661750185387 0.54669692247304 0.20729464432067 0.13458128899033 0.00333361167279 0.57327632275906 0.29744860822635 0.16012388800904 0.41526176412447 0.10631947248852 0.48475186839052 0.77517881070761 0.22444706660035 0.32449333752130 0.85415987287999 0.37853539595844 0.81744792846634 0.67741389420187 0.38157335250248 0.30079527880472 0.06331157834373 0.86148086837720 0.90389613720509 0.14409721688057 0.76447166496986 0.35299571529105 0.37833140994770 0.00802187923822 0.24999610926139 0.23556848616620 0.85888509857612 0.19750138315553 0.11387181950669 0.99543627426682 0.19893619270984 0.06509549555340 0.12747491663711 0.53880159903435 0.26797434328843 0.51602283420638 0.52756522053574 0.89321082222740 0.73398432786174 0.15382376916582 0.42615741845416 0.04362032473515 0.81662403522775 0.06038661505200 0.61167647660539 0.81011951015375 0.16477256217339 0.21738757581940 0.00309890614499 0.24031165440527 0.59730259723855 0.74936344202245 0.53905909027572 0.42025981036108 0.27049025697740 0.28071162391909 0.46691116308729 0.01958980093454 0.73123811595615 0.59795022352852 0.72220114617427 0.46984425119897 0.44440857336079 0.52268261931762 0.35045945457539 0.41335806064062 0.17429088818801 0.03290339176736 0.36686825023529 0.15076464304674 0.39162118784454 0.36073066697430 0.19574242220860 0.48641305370536 0.43199942852513 0.20516259861076 0.78244047930484 0.55257101753801 0.12894210312251 0.09117755203869 0.95366460105407 0.59912486872413 0.03470570332876 0.68514135041655 0.23414498117909 0.39215411163886 0.66131402774165 0.33251451784954 0.35391471002028 0.80855282030656 0.61820548516735 0.55861450413161 0.52044273374520 0.00019901975681 0.86458913703836 0.74491931622683 0.68935273302208 0.68134040982885 0.09893086574385 0.23915325525614 0.54317117584742 0.76193967788801 0.94014705577462 0.72595567368067 0.80801835061036 0.26744124880739 0.83665809346868 0.10073384875274 0.44092132276970
0.00505843284226 0.48962821604754 0.45890749270387 0.25721706243832 0.04914173029648 0.78578833002350 0.32668774206886 0.38209255468626 0.94416748835995 0.43807962017722 0.14161119849635 0.05361384054697 0.03668617466211 0.68303150306051 0.92122168581675 0.12390078918406 0.83297174932092 0.94452825496666 0.70797812057877 0.36306581491005 0.71461952426104 0.47094985118362 0.61672426639003 0.81404663867849 0.20930986108679 0.62408369862251 0.96716532897495 0.13725070789977 0.65271493887017 0.86753047720807 0.75630234617856 0.43755491056672 0.90080902812030 0.67578101912175 0.93979772947040 0.50477696260624 0.14071655488535 0.88595057597630 0.80387620625495 0.17740598660015 0.90099199611985 0.57680126623326 0.16239749341724 0.42399619602769 0.06342225659931 0.99425492070552 0.63841968922224 0.28562913330093 0.89791893903267 0.36629491897845 0.83381258754977 0.93611263044073 0.18737279896032 0.19002802801834 0.19107366790901 0.76073726525065 0.44776137385604 0.07395571170230 0.41959235711981 0.50862727286989 0.83819719253092 0.31909307202787 0.88296444466944 0.39080796870812 0.33659227700012 0.44205255392201 0.47791640672328 0.96325146930849 0.51299287128411 0.23380900940016 0.28882506298924 0.14840506179043 0.52306783819439 0.50375590883467 0.79451303795906 0.36202669092112 0.19954801786458 0.42286319506673 0.61363116480601 0.34392671538201 0.73790244110508 0.70163360406257 0.76562330202400 0.46574309384504 0.68366170554602 0.36316863167781 0.35406794169347 0.97934794350964 0.32631824602908 0.17239427751159 0.37209429930462 0.27066642784558 0.62056393296881 0.14335317767919 0.06337518957313 0.47911728777940 0.17266128050582 0.83016712124844 0.23780916724273 0.17774993344056 0.38021638574717 0.56191794844903 0.31972828605049 0.76346645849787 0.75333602701506 0.97643551485516 0.07986645605172 0.15311437749513 0.18680609180261 0.92643450065402 0.27462250640260 0.33134891400492 0.96090636246119 0.68960838037801 0.16963728253944 0.14472895517842 0.62683495539062 0.77070876668084 0.05584820367415 0.45576349149712 0.71591485945384 0.59177633974073 0.87077858176741 0.26210614434688 0.96937806454510 0.67953156574142 0.74031355450853 0.49572941321626 0.63079363212839 0.52884587738438 0.36015964523083 0.18188660356403 0.41265619997877 0.66184436188763 0.85251299770233 0.33754239006156 0.36413803464878 0.65754175748091 0.79369180647370 0.11121849272368 0.94088381934513 0.40629602383968 0.09845305184892 0.79554177185304 0.20268116960142 0.01573884098530 0.88346569601498 0.65092078539151 0.12927785672302 0.91115757513650 0.66585839909339 0.90133825426494 0.07700055334221 0.31384640200358 0.26966419326713 0.43941612279751 0.84716860397734 0.21310213943570 0.83301489559315 0.02776962245768 0.51067517794158 0.45707057809487 0.75899179304599 0.04131329913954 0.39595788147522 0.13004447062479 0.89352862908658 0.65263091695694 0.09724812724219 0.21672367312106 0.03317638652003 0.40209266921230 0.40509980622897 0.89723662297880 0.98956096452701 0.31043441287161 0.24410806993832 0.26824015136971 0.85815754832797 0.04292922956850 0.55688778538249 0.84639653913309 0.12937117911487 0.68240589436863 0.43582555369285 0.69537406749696 0.55352516608612 0.82723356591082 0.27736119672430 0.03121889673800 0.83418340496641 0.21576803820673 0.90317828432610 0.11455998717777 0.26455234707402 0.81634173182382 0.64681475748838 0.11125092915243 0.17725212237619 0.10693112556259
0.37586123315030 0.01661124665313 0.62723256061693 0.43106061036584 0.22547712524302 0.41861341417351 0.47352967695171 0.57931634435529 0.22086893929194 0.63308266411764 0.60857181543776 0.25857632573856 0.33891977366203 0.64903797245746 0.77770252033043 0.74325921159506 0.75557612057921 0.15885663968802 0.53590429574751 0.52833623602391 0.26199144000474 0.72879967138114 0.32374496924104 0.49326331809302 0.06833669622678 0.43522793649150 0.15434495834227 0.20739869132392 0.07439447903027 0.05630062420285 0.34886069526592 0.96893444413347 0.83631901340994 0.10970787405828 0.87379728655612 0.61363323623165 0.15672225656824 0.56762048065916 0.42875893851583 0.45807715218599 0.19433707228170 0.44044541450235 0.48637422584851 0.57497606421422 0.79791517423083 0.70711712699716 0.25565642932880 0.63996631282736 0.59340821550273 0.78891953095353 0.11941101291237 0.55780126651672 0.85779028412134 0.23795345488436 0.04005759060135 0.19924035260677 0.34368451126912 0.75890992768798 0.15213226008770 0.20247897437611 0.92652220493436 0.76581649458988 0.54755544812366 0.30734634779872 0.81269880176268 0.09520981108290 0.82000937309265 0.66420111753050 0.76894249084209 0.98203488953873 0.61673522278654 0.29377245213169 0.50118100824278 0.08780832769656 0.50284623589134 0.37843459103462 0.87591633177810 0.79705515679174 0.72419781401132 0.60674829841733 0.37165955363529 0.34112684099647 0.69951432637648 0.93979338531941 0.01523375369343 0.81336495445802 0.94432794076830 0.11803533475582 0.89524569088525 0.27251599194053 0.91932576339266 0.17936551431709 0.26191714039027 0.84184059062543 0.48669725508901 0.00774689741638 0.91864436747738 0.18554402350520 0.25163128706017 0.75129604732443 0.78328684228284 0.68847440019257 0.60789414888160 0.51534196984765 0.95866254446410 0.05314842230429 0.17565331455325 0.06503539999439 0.02174674721626 0.61734971058150 0.96239095960040 0.37499518522864 0.69706843993136 0.81922847013487 0.68342437308014 0.33142944547285 0.50632664756067 0.68335996008749 0.48987496845745 0.45841210442190 0.70351667315546 0.31424630320945 0.21313531245811 0.74424668464357 0.49053114039252 0.28799408461399 0.17318440967006 0.74385757073619 0.41101578248283 0.09769242997908 0.86115524836677 0.13497106860109 0.54783691356037 0.33733807528410 0.87776409579110 0.81355438994250 0.59770341721462 0.94943680723892 0.20365861112232 0.69245985816873 0.74399591997583 0.70636204850237 0.35930368619425 0.74101188049345 0.76874592485050 0.73457767309584 0.79922499966920 0.08220663532526 0.46105551092226 0.60978569830226 0.49363336483291 0.94979544968016 0.32519921986768 0.70086830441971 0.50130403338577 0.80543373129105 0.07623441496686 0.20360631396318 0.09138169918963 0.99382400883026 0.97735450850195 0.90898915944481 0.51221509997266 0.81330913245228 0.01663980603900 0.49651656757239 0.24073547577813 0.42709888574295 0.10275835697749 0.84349638399217 0.89950643256601 0.59576614853346 0.14310085206693 0.75586389740033 0.95646613835850 0.47824890999539 0.84243869813271 0.49930092870231 0.78293946142906 0.88805622294898 0.11680264903048 0.43959729875148 0.63531643875710 0.20427698254899 0.85450168944877 0.21669034890147 0.34192688975492 0.71663141436655 0.09183195912881 0.34817512888537 0.56996305286894 0.68349606157109 0.96910214355935 0.82552459155597 0.96197434899787 0.76889768102264 0.58336447544996 0.18317161120880 0.28588540697122 0.90780079338798
0.77208739466538 0.26506041610497 0.14874640747817 0.96919454064054 0.25699365649094 0.54798195705600 0.66419499637899 0.32628972808276 0.16354780115304 0.63178835972688 0.62832404634962 0.63360413867986 0.96421225318946 0.96791288532384 0.59821207004743 0.13011154370256 0.06215959093275 0.95979660081897 0.73978765137733 0.66979596084519 0.66361556470402 0.17437783504138 0.39229019626387 0.19197559609876 0.79459939073018 0.06593814996201 0.86260159256812 0.02651577909597 0.21811534378425 0.91916319129160 0.99768419918049 0.35352544324781 0.24539268408885 0.78312169527172 0.61533436084649 0.33465269328892 0.75121574694343 0.73399819411967 0.90626628693211 0.12750513655926 0.61879134144243 0.21854910623034 0.64376986861418 0.76173576749042 0.82170282055434 0.56633238293251 0.52913451122384 0.47336629141231 0.76289917016656 0.73837091159721 0.49527226725975 0.60341864750063 0.83020872072161 0.85056067405669 0.49748475062502 0.27303659777324 0.21351464642854 0.99924026537722 0.87228209000710 0.23373765814698 0.47470990285591 0.68191364112837 0.39245442293161 0.08660002333042 0.34182354164295 0.22973779681812 0.93799455636971 0.97808193323027 0.20600650351272 0.65141301557191 0.93535973162126 0.92942472580189 0.12301186425507 0.60661471391746 0.52808051573647 0.42850008394926 0.61783261126770 0.29459609884781 0.33628836693096 0.83620127727688 0.45386986485870 0.57601158072773 0.09814597623114 0.33522597111701 0.74918544875685 0.32876090537696 0.18054230054622 0.79190556796026 0.91395496383613 0.89874705141675 0.80275145919556 0.97569133289335 0.03755344009430 0.95504186008313 0.86184153100877 0.17457188971557 0.39926171740838 0.52159099285579 0.02410773293515 0.15967436748967 0.88591353027828 0.39643571531236 0.86831474203131 0.98286944982571 0.24616333469812 0.35824729097336 0.42549950985709 0.02828770815138 0.97686316267671 0.35351811724700 0.62024428017792 0.30057305473709 0.14513856059665 0.50011556178313 0.33987488539761 0.15453247679231 0.91490270245534 0.14106228345059 0.59607926148424 0.05168861981949 0.47031835855755 0.76668325752334 0.46646063367338 0.17724735149612 0.67865627871925 0.69524750502356 0.59723489719371 0.85542815711682 0.35400013912904 0.77599475310852 0.60544915644226 0.57823086183049 0.90320150823704 0.13322308993742 0.10733267531185 0.55483982154125 0.87893190824046 0.50828044878153 0.94119095948044 0.33363938557517 0.57563957482518 0.55964206707852 0.42639879075712 0.09947288242065 0.86136970255337 0.00868587435499 0.67763175415790 0.03184326331844 0.65124066104151 0.95303541174918 0.55931558155819 0.58720537859816 0.91668724313513 0.07305075101581 0.67912414545020 0.45625173615211 0.94176682693368 0.02554442748374 0.17911324603518 0.38239802740739 0.67656405576152 0.80507368201857 0.13738195698867 0.49885428629306 0.33562659956847 0.78027020965057 0.31689956570472 0.98832833662800 0.03679212585089 0.76774769674605 0.59780112133668 0.85544906240037 0.48138806510577 0.28210036703770 0.56026603711376 0.33287973636289 0.37733806077528 0.05362138763090 0.10244764367339 0.94760137256722 0.63864249639499 0.22816937128159 0.65668325361616 0.03566209461404 0.12187205020206 0.43164055558527 0.31449856714854 0.98643153288604 0.28975460792454 0.46088866285886 0.15554311509548 0.55007001144347 0.66896898847845 0.50419553705130 0.20986314972861 0.23001504510588 0.27785198358705 0.22124387022399 0.26418259642252 0.26985283493605
0.66028499307395 0.51735795752719 0.33291372791996 0.83709055735864 0.31547694739135 0.71671255658767 0.60313151363414 0.19188021535812 0.27122920930105 0.59772553873942 0.08281190057614 0.79149736169503 0.63911839647833 0.82126519490305 0.47565854481286 0.47440767576280 0.95523652294532 0.68166520941012 0.77317862753454 0.28995471034444 0.15080570556159 0.62489054646777 0.61754092169462 0.96626916129749 0.45713045001300 0.00604191652518 0.05247007097953 0.60771408952335 0.14059282357016 0.95017478762353 0.75374715675926 0.86542648985627 0.50065903311899 0.80257896918204 0.06096444906246 0.12441640809424 0.48470380707852 0.76273788028379 0.62357017974795 0.32252929432032 0.06883228630095 0.73383280422146 0.81040124765114 0.85474062307042 0.90815662557180 0.86201555519416 0.29875682769103 0.96067400838197 0.20982555489127 0.80772112733490 0.57353988027978 0.99298639177950 0.03089193560813 0.86701100931917 0.75271426039312 0.98902260303763 0.24939521935241 0.96955221630971 0.53013287252483 0.47565938403109 0.81443470330918 0.00532942378550 0.92092498659477 0.99811765150672 0.70103187420215 0.40009342748925 0.22481732546638 0.30732962971952 0.47543845081624 0.51154013473177 0.60495631572918 0.59849559786144 0.42530046428881 0.63122812340309 0.32487554506601 0.63956400104815 0.75443405493640 0.06994118419526 0.81698677187713 0.38031722096591 0.93407728851506 0.52373925299831 0.80258362255149 0.75853153896463 0.32073650561845 0.69449410577535 0.49273409421646 0.19138164306979 0.11002804889034 0.64708327013220 0.42627446221326 0.62557081458847 0.09171917439316 0.72003387883893 0.80849814914847 0.80001177738385 0.37381270432810 0.31597958951097 0.58929374534457 0.03189931544337 0.02804974236137 0.04249960935208 0.59753776841763 0.18732304739109 0.55752582424380 0.38961131896922 0.64517115764834 0.40337389451225 0.19999259198136 0.20164653774136 0.78030026041428 0.02140070222108 0.06159183980458 0.77853123042687 0.79821019069459 0.15404212836674 0.05262012510902 0.39450720104351 0.38242141289538 0.99087560256827 0.76900776853406 0.72247188639238 0.55243306502438 0.60871297583930 0.02979596469880 0.83411277591266 0.57749800825691 0.59295021378788 0.03452224875251 0.80426904044734 0.79017201791450 0.76095314341726 0.26016515427525 0.04845648245470 0.97384966240911 0.47868258582050 0.29637088391666 0.00561503224607 0.16115927734103 0.53374405298756 0.11028202500248 0.69401815985303 0.88913336331700 0.40634348043123 0.66177601054308 0.45762744166456 0.64033891479339 0.78214962110274 0.46675496312692 0.38550524677857 0.13977173320344 0.06668371126160 0.88864012064211 0.63847205060011 0.17693923589237 0.01951204167782 0.59255877633418 0.82962319330892 0.78199256004090 0.60956097388212 0.78255694819463 0.33991939848228 0.56678797018130 0.65325165578931 0.72353944747435 0.58474260378546 0.31987453463210 0.24195875152194 0.26444047071963 0.39814037971387 0.24286218728730 0.11796984002679 0.91598105037800 0.91953643311257 0.07326441298707 0.58429576935585 0.60744461192287 0.24618205761210 0.39170886156330 0.34306656861940 0.83371710828306 0.05017024331347 0.03843459670271 0.52489141092056 0.84624193655880 0.82040657984791 0.67916283590689 0.34984058763974 0.87732254298655 0.44039153915304 0.35273842895628 0.88772554324453 0.12863012315176 0.15655561959584 0.95033869207738 0.65014257425378 0.16086480261317 0.32091102799927 0.49493331449066 0.16664544124185
0.91933981314816 0.31127844602044 0.34325865596276 0.22758856681163 0.96308973748095 0.06331805573086 0.11612971286092 0.63932984176993 0.40851014417578 0.19931663653577 0.25825612323645 0.52208685905970 0.72441757913726 0.43629023869226 0.80322085817344 0.71835057310675 0.62173521977291 0.49675409614403 0.04525596222264 0.03028556693437 0.22656892294197 0.78213350625322 0.09717107810061 0.69663237244978 0.18572672333420 0.34536328792355 0.32972277063540 0.39699803543612 0.31400507377116 0.93698879388021 0.60528310353299 0.65260045828066 0.57443250645008 0.60220863983953 0.61673633986530 0.45474686655678 0.30021880628783 0.14288888063906 0.29417390739249 0.34633099384987 0.86464845933929 0.77572890878769 0.72306737533204 0.42757623736647 0.58990077825631 0.37954092694627 0.75567225091978 0.24859631204665 0.35747464030116 0.17779564526789 0.38148943380238 0.05466833117073 0.39571839672769 0.57747205117957 0.27244966590190 0.47665325067015 0.97813893803114 0.37674703127480 0.90366140010305 0.16318748240525 0.27202787898591 0.44563437164632 0.87818233803112 0.72078296695707 0.50133249978485 0.69341072223515 0.81870682505170 0.56013901864825 0.10305241881238 0.43503382354438 0.89284478588179 0.89769020304024 0.33381704453193 0.81846018489169 0.09093599554138 0.06428853417718 0.41728319334032 0.34542834745607 0.99369969443078 0.93811973305249 0.10922222635556 0.92270562229102 0.02568056072510 0.21679548070742 0.88201110868855 0.60752046305572 0.50871871999781 0.32896656979599 0.98248698206275 0.51395768301080 0.76726112516530 0.91069463776837 0.84620028164185 0.32457588576762 0.74773301486546 0.58270501113357 0.56211440381663 0.24940085674551 0.95385904093735 0.61521544514922 0.86829823546529 0.12972437689032 0.76017443650405 0.34419232674411 0.23436706953280 0.26598197769069 0.40092318017125 0.99217507674818 0.61038584738528 0.39256920276547 0.91546502676335 0.66988832459189 0.27205430088850 0.62846401376329 0.14666042731846 0.00615389617058 0.53045047472061 0.50983704126181 0.10628803802983 0.33789686151474 0.18719847597313 0.49101212877091 0.64882624008220 0.30701685312633 0.46761702260699 0.45355879099655 0.14738523320319 0.77127927099603 0.10956737459861 0.67156225948385 0.21263794002728 0.56613604052135 0.27960534804488 0.50390173436539 0.71207199596267 0.85531360267123 0.67921519611339 0.73341258187322 0.00323811463509 0.44117453631220 0.77866994743096 0.93233586630293 0.92739866494778 0.20306347913030 0.10520045045808 0.17839063112607 0.35593190940380 0.82836847797556 0.00686867728168 0.92667651870021 0.71035166439124 0.04788843119335 0.76777923141193 0.44850108684990 0.68028448549056 0.01380061330461 0.76105730193999 0.61669533652721 0.02833047172815 0.03960395093936 0.59510830123877 0.59449119354299 0.28247411073677 0.74126336641911 0.29452409282384 0.44411822336454 0.79237143176175 0.18162952519795 0.80919134291681 0.29932906607782 0.13326230019833 0.27251384669058 0.67128383909631 0.49029629246408 0.59378457928137 0.49366457247260 0.00805214554789 0.32237738365214 0.94471550826235 0.06296339278635 0.38384068585296 0.62534973121585 0.70821020113810 0.91937816696811 0.38851378362969 0.37239368455130 0.97074372959357 0.47396722563240 0.39642741530123 0.50248927776402 0.40449735471507 0.93349038818195 0.31289752724478 0.25040606658567 0.86860857925391 0.82249692550140 0.86499350792289 0.68350547397439 0.63173053107016 0.07771377495450
0.91824259930654 0.39957607255075 0.80894238736723 0.18262753405828 0.02017695930055 0.52276980984900 0.78789285395907 0.15812291333920 0.26654308904033 0.68593374274654 0.65146014245299 0.14044131179235 0.68629691313734 0.12811912954170 0.56857649722822 0.64704061592420 0.67495665029415 0.28409491235558 0.88451219740430 0.76094456723521 0.26604875206121 0.01819540901266 0.38411165130591 0.35889917369546 0.52406514868070 0.64539825550523 0.40914325017935 0.28076368590121 0.52969969395132 0.84332663433024 0.78874583634069 0.33184646147512 0.34653721433921 0.76610431501322 0.74513849304853 0.41040010026415 0.05004444440740 0.80978280299734 0.37578789981574 0.11166000035342 0.88461457018980 0.12084444864310 0.94956584069678 0.64746830744021 0.51223259949687 0.63032241077565 0.80526239930616 0.23111385808203 0.73610200761653 0.54550672078641 0.31579063649451 0.75692228670559 0.83616302508020 0.07020104971090 0.05457423924127 0.52437975065098 0.13038249639727 0.15000333589434 0.42059449084071 0.82345101239328 0.89181560503596 0.20216503715164 0.73995134063907 0.38298014691636 0.76235690371863 0.31045037545788 0.02814383434252 0.09053385168436 0.19530573163021 0.94846559612050 0.83390409844490 0.61402797948423 0.79156876074418 0.88970539024975 0.25926207576297 0.46021079458403 0.03376502175012 0.86340202156253 0.24158118356847 0.25038759046677 0.05710769089401 0.61300358903111 0.41009848153221 0.84005636403448 0.91790583778871 0.00790839193291 0.12692251597110 0.96920790863495 0.09848881863789 0.53688829558810 0.30696369995564 0.53094708317049 0.43666352216959 0.67559643389469 0.01374519830667 0.40919276503594 0.32778096293392 0.79702985513731 0.64058048345395 0.22803177846718 0.21545923414512 0.39705565822112 0.81930663104898 0.73701230862954 0.53331059715568 0.86433117486385 0.84417080863762 0.22725371392011 0.08558646467325 0.26372264269991 0.67240672430879 0.15774346084779 0.67265690417241 0.73744416923822 0.72167046277014 0.68138586457870 0.40956405588244 0.63104681688266 0.03945640753245 0.01965621953621 0.18083283319021 0.99727058285457 0.30085016651817 0.05600749166448 0.58086744758084 0.27239613452991 0.41270044149882 0.96601796269277 0.96316134235489 0.93685823909918 0.85523897519488 0.77229948687418 0.65676292531960 0.38006794766182 0.95999894147928 0.73721865424239 0.72479168628241 0.38819973859517 0.84593366319055 0.57897167292205 0.69366817811237 0.57083624988139 0.88065213318014 0.80193687845999 0.11375846256295 0.43653568554804 0.56427409450916 0.54684103009176 0.60013821334688 0.93363887516122 0.51386645110929 0.01352068614839 0.64696027041456 0.67058726083463 0.35707591267020 0.96100569618089 0.05592917949973 0.73869021657680 0.98826080571525 0.80983592241958 0.41021558265839 0.85219533001108 0.67667018472203 0.62632838694419 0.37169646150468 0.72401503597665 0.76502853048674 0.11686705855241 0.80191171127818 0.09752420121491 0.81980845378843 0.38545637341332 0.45463352271804 0.48121687350712 0.58753083718044 0.72663544486300 0.95088902495163 0.20612222627426 0.83409077371267 0.00612154180857 0.72714395147208 0.41392082689856 0.28723545390366 0.04517488052482 0.24655954796037 0.58347497919569 0.78945800945805 0.32231926746575 0.08108530447340 0.77393383955281 0.93293238443435 0.58003750265407 0.82204940023003 0.39475999058751 0.22209054705209 0.86698392188536 0.85797620128062 0.25340736538716 0.39997660472282 0.89149095421795
0.35702279966836 0.94360526629829 0.66530432355116 0.13706949867723 0.08149025316257 0.19206401347240 0.60169483303035 0.76276511109947 0.30843584929132 0.35488589782395 0.15641502609197 0.24329233289617 0.07892311448083 0.34403466762273 0.27212806081019 0.18001018283400 0.65056800830570 0.42602183706096 0.30917814676688 0.82012004569587 0.73180006752541 0.84348883084126 0.00463663861492 0.30724105825565 0.23377530866056 0.56478116383368 0.80054656807704 0.80885269789942 0.34163737124456 0.97843541872913 0.73580986035837 0.48909767227814 0.59213362524362 0.80744621999687 0.21062583749403 0.01386856299970 0.80359399086337 0.93555815752257 0.63973202022462 0.98830719454279 0.46186162357383 0.88011849670871 0.43862534695269 0.67821778276526 0.13097523578364 0.18600207023772 0.21655501949710 0.77358705311433 0.34148850788479 0.94465507786288 0.70838396562255 0.08624563936889 0.97882288404648 0.64623356689490 0.83018766415332 0.44019375466658 0.36711580718289 0.51106588411046 0.03614838481242 0.75583517614756 0.89679893240998 0.42501163772801 0.14234804668596 0.43786784450141 0.22249656042960 0.90786432620378 0.48953841934076 0.12037789028523 0.40081729257893 0.34624199101298 0.83482766500417 0.10888762214447 0.35698781469334 0.53783937947929 0.95562325305740 0.85392153698543 0.99288357569987 0.99464752551227 0.12879011320144 0.16614103051885 0.19492441976206 0.80709601264886 0.20368996392640 0.13840486796619 0.87905864093100 0.98031042070157 0.63114623044525 0.29652125671435 0.80051435372507 0.39161879019083 0.48222323969226 0.53663672862836 0.34182336396065 0.76837940670414 0.81091110925530 0.39717944110761 0.12645392423408 0.35018693946718 0.87837928893673 0.51840542530381 0.20767838662498 0.69134293516132 0.27463579974608 0.51088129789526 0.37471249785107 0.34742460513489 0.28678452071784 0.11304040110068 0.81690225724799 0.87215337340678 0.93941347377118 0.17659731326216 0.55341161636239 0.51421524579720 0.27713636107506 0.63194388477409 0.43617180254520 0.08107516512724 0.59006303512834 0.40921326874912 0.52799950262368 0.33501369338235 0.98453624093166 0.60963076013464 0.54553443683508 0.73310544359327 0.98961579657818 0.69207293349086 0.34982351846641 0.62434197039819 0.71829843142859 0.42525923041313 0.42362499893966 0.40147490231453 0.91869092179530 0.20426921405508 0.85642758875473 0.76166873163409 0.05615180135163 0.79627295846276 0.73903212654965 0.29162630450518 0.04674145745329 0.78889401866239 0.59226418577873 0.13918443898075 0.68680766256186 0.25904293551732 0.81524369108451 0.77824525475292 0.09742592875621 0.15020556685091 0.85701880195760 0.24028043483047 0.79780325045561 0.29506037346096 0.96311253217781 0.71676249667533 0.72100457263556 0.97436015441305 0.80561641244003 0.63457529310397 0.98285454782957 0.22518236932606 0.92433133695460 0.26829767585802 0.31564424936017 0.02547893655789 0.10603252960804 0.40430624519630 0.51344741222619 0.49528562735711 0.37813642534355 0.75156876806251 0.09811266322392 0.09944777969862 0.04730825381362 0.77615352730248 0.47822449599001 0.59024940288047 0.10667676764527 0.73105702125069 0.12388341807710 0.54343416368175 0.79093003516728 0.35289059120911 0.15986456830921 0.08840190807049 0.64483283319613 0.47743918364717 0.98336114685145 0.49191648196954 0.96178702452541 0.36998826636289 0.20791998994720 0.40591160557733 0.85950637062086 0.67879806122992 0.27066078986327 0.25409032144371
0.72765850999758 0.21820253214802 0.29115138161957 0.14173920944167 0.59500459530467 0.77111167534326 0.37727315059438 0.87646220773734 0.78941105585298 0.01634057473106 0.59547037339382 0.04708167585866 0.51240924248211 0.80737682180821 0.04108262612603 0.00188054454639 0.85705714427466 0.06071121986719 0.50834854454850 0.49440690477793 0.50024107493356 0.20060733244844 0.86046531030314 0.35642372255545 0.32754440985020 0.07147037507723 0.77367817740955 0.77603401439342 0.43179365436605 0.56890221513809 0.49648136375347 0.70675101999781 0.81165604456321 0.16029135478336 0.09752892099901 0.56618957971750 0.98704676052405 0.29496249893717 0.43148045819852 0.80882182758792 0.19709692998340 0.72505048465084 0.80699090980504 0.40168727559832 0.12270699219403 0.95795389799485 0.40577713267457 0.98889184192868 0.52950341019840 0.89894111990155 0.39520515423742 0.10865160613982 0.34799987505517 0.76240051810676 0.64840115537348 0.60416716683287 0.29246522927433 0.74364615713084 0.09925975687857 0.79941599361166 0.47375788331144 0.98866361636938 0.13543994427887 0.07348048385436 0.36731112036458 0.36492010122625 0.00263182711918 0.21807860594746 0.42690520521759 0.30207275883802 0.44185711315875 0.01807887066312 0.61497458470916 0.96847176486381 0.99702774375814 0.82408183285689 0.05193880676098 0.33533505762166 0.65497879244682 0.11929017128851 0.78197506332122 0.91181839100362 0.68637222839880 0.99053983557070 0.69408753471882 0.55018276645235 0.38283953565449 0.96280477258536 0.48240083107047 0.47276398003258 0.32317783842626 0.97350880776079 0.25294858527335 0.74471449815116 0.66415679106423 0.00615553642422 0.73990256868184 0.34872582658387 0.61332531000430 0.28660629022389 0.72657367715122 0.74770177195514 0.00963243530834 0.46220174075283 0.45905698432667 0.81910818823900 0.79829723663813 0.59580517827556 0.94451672946417 0.51522407948017 0.19247116403045 0.98844776219674 0.24492437334306 0.68528522766015 0.59810972251995 0.28527621178119 0.47056903201438 0.60609461928894 0.89452533061747 0.21105706913120 0.72403961632332 0.68972066525958 0.96601913941871 0.26263379234080 0.22752996032086 0.45153759290776 0.58480946026767 0.52330542632680 0.22138460346063 0.66609662576123 0.69264223827420 0.69382946501969 0.50583543894544 0.36757776057701 0.56485682903582 0.02502740252476 0.26339747161163 0.18647220058153 0.66643588683039 0.27538606714698 0.30562729433593 0.05981141089690 0.46013227049961 0.55592852974490 0.29125497142706 0.99192537956917 0.50381834868266 0.22090763011768 0.64879732986440 0.55884253613868 0.58070327751131 0.43126189988762 0.72683242494513 0.79852665543535 0.35535996958715 0.30426904422457 0.80494344805463 0.07271643299406 0.34146366728813 0.45890725413634 0.27719469907352 0.21924535196380 0.46895701889093 0.43407840329565 0.52159517997020 0.24872392165469 0.61545902278013 0.84618578481140 0.98237079530734 0.73383858066291 0.06360886666513 0.76753921521704 0.00567940030098 0.59265212706593 0.18577092263347 0.51603500147892 0.49881863657300 0.65643028348395 0.47581271674016 0.49224556284468 0.90878056279970 0.66307443795910 0.75577822572870 0.28852665688474 0.28418700787105 0.82911731453238 0.01419873734251 0.95230523700337 0.17311552402122 0.38775437995362 0.23764222224588 0.98047597158400 0.27399220824913 0.57791331686311 0.10962688014426 0.36749614645350 0.19020208139665 0.27141399418802 0.56252318186013 0.81643812367214
0.37493036596677 0.94530017292783 0.26967077066896 0.06344963992584 0.86815292085629 0.32247883723636 0.28994948375075 0.92949876646279 0.56587759076590 0.18118167912603 0.40607877798116 0.71515991411478 0.25548707788842 0.57732478526005 0.82252374630575 0.02868965899128 0.81459647672922 0.26470034764896 0.01254569374183 0.53176860568204 0.99680913247448 0.53261997983094 0.99991557957153 0.38497233986010 0.93865746128028 0.44543294086393 0.01447172303620 0.37818372343241 0.59868910843949 0.36441692940553 0.81153141244483 0.42605630665070 0.80387969581162 0.58158925949476 0.06497371104459 0.03181332015052 0.68474587299585 0.87447727409518 0.75167779828146 0.03730865860530 0.92323897555085 0.34033813412787 0.16617181132931 0.61044669538545 0.18280125968300 0.01548776806899 0.60767299138973 0.63733339813064 0.74898642663100 0.16392818013693 0.12605777308119 0.48982923615950 0.66108747209077 0.26428130660572 0.45907801171769 0.84914087684726 0.93642814329645 0.51831166177789 0.44126507993711 0.69038787221669 0.17257122344227 0.35256724517689 0.63812462575598 0.37450761203755 0.16331633935236 0.51366936255986 0.92749744270648 0.23548151531907 0.13128631652301 0.61900049527964 0.57866793551440 0.19255815987149 0.93885403658135 0.50505583104072 0.78180964692317 0.51521577658201 0.92378567046000 0.51769968301287 0.18286461690258 0.61395418469747 0.18624754091627 0.45825182957039 0.28337788880613 0.60303313289724 0.84533379698663 0.35397819284417 0.89569750055563 0.20683071787764 0.38645668086292 0.71213914135061 0.78261828347360 0.27400500816405 0.39463509792974 0.31348431789240 0.15880356194971 0.90472883760610 0.71476624294050 0.66407561022923 0.20345466258707 0.06716885664768 0.87490706549418 0.15559506385141 0.71576383751038 0.30866984365041 0.42544925003352 0.68132227982507 0.05145138271421 0.13977857947323 0.79698465387527 0.65224309619594 0.49236657051204 0.00257037461049 0.23770302353172 0.64622395679309 0.79413704756980 0.87826856939568 0.74107877066116 0.64592459288546 0.76739447623382 0.87707973758413 0.98981228661786 0.36987756689079 0.69255456959477 0.28835921967284 0.05068341427073 0.10551568457861 0.35701600269328 0.15520106906843 0.40684798202863 0.49339550057623 0.47406887814951 0.50495164618636 0.75127063460986 0.66857625356353 0.58403053689610 0.58771187689400 0.72661783023125 0.48451329759698 0.37443562349400 0.07457007029124 0.98434923407696 0.57427994064152 0.70981103085026 0.73096653165164 0.54957296107777 0.70200666112742 0.82976536409876 0.23825423672973 0.10667127325951 0.21561873073679 0.11804640654524 0.48115171512269 0.44501180470552 0.29004068510058 0.13843752370447 0.94546407420669 0.89520818526424 0.13968244081343 0.18096736898467 0.61355327778568 0.05478060438359 0.58342275160737 0.22242981183238 0.93923516646210 0.90701340878545 0.91018796107409 0.13905750051210 0.14815191998304 0.91839687584664 0.73041214260942 0.69192012653845 0.07397928144402 0.24406534848024 0.21705626308611 0.95832622556298 0.83611685417881 0.64934519865094 0.12815908816153 0.83057203276915 0.21450845497815 0.91937654771710 0.04066024668224 0.32359021556734 0.57949727319297 0.61190628637299 0.41030424869907 0.39526283930618 0.54119522824102 0.20725627252571 0.63368706149401 0.30404563656004 0.33952560153635 0.68714794421949 0.12309888324692 0.29504424751079 0.65114359692897 0.75032560107899 0.86361756808051 0.79331264332365 0.33173613211761
0.40160994290578 0.62308371624974 0.42542098023220 0.29902402007274 0.09338537526766 0.43126439222525 0.62822065411885 0.37562634453248 0.10299904276613 0.71032118876704 0.54724391835340 0.11336841287183 0.52460706759964 0.82842039024920 0.96484829202368 0.93455168084104 0.15405542960286 0.83631956493881 0.85746132319041 0.40850503997063 0.97462393829105 0.27525192008782 0.23349486053973 0.99430587445092 0.01861891659317 0.01210765175804 0.83587499935334 0.76322397863893 0.41008858049887 0.99740087334359 0.63119094181650 0.08656696892090 0.46694351845607 0.47089027159451 0.15976367498183 0.52520840578613 0.28621387279414 0.86097208182809 0.35919635017138 0.34170762729245 0.71281031051001 0.05582081469783 0.59817927834460 0.50513405189104 0.22167594954404 0.68612554843345 0.57951211193398 0.48274493551526 0.25936770647101 0.76611753506387 0.64814916077055 0.24741115653970 0.77229541006196 0.99310334780699 0.21633154309657 0.04551481432356 0.42251008120872 0.43687488857627 0.50800054581387 0.77337019221351 0.38565149645649 0.59020085191762 0.84947490757563 0.51143629643883 0.56535583868636 0.01651257960849 0.18007536409305 0.11443542448680 0.20554143945224 0.08463622895481 0.31209776176559 0.60800281011368 0.31050370306000 0.42981565868664 0.00406213222229 0.57070334316175 0.20105062692891 0.69727180470102 0.99246100555436 0.85921634335367 0.09506941308180 0.06138064108982 0.97126020562563 0.43935531715075 0.39995682442370 0.42065441236084 0.48080744498643 0.74987332124451 0.26877796793347 0.85683641770039 0.15140729572371 0.68548976268196 0.03726566993157 0.12104418877131 0.12074417307817 0.62780683603353 0.84250549257547 0.87366403887270 0.67269817804419 0.38825468148353 0.42446089547603 0.65404023237543 0.32793810818291 0.52622408253701 0.57632856431904 0.25668928595216 0.49647616738979 0.43593276499497 0.83579622192511 0.29186711352913 0.89882673833859 0.65744330455996 0.04106624739865 0.13941877709681 0.24521350999721 0.05689437909357 0.62655134157893 0.45284522656080 0.64090175689697 0.45750951249800 0.00655286424725 0.77209464845482 0.22287224904943 0.86897918989833 0.81996508885668 0.27127276544886 0.36282715302310 0.12255486237991 0.38955561838013 0.75671196388957 0.03586145001600 0.93186786616099 0.56220193337654 0.34196352055458 0.67158862842916 0.05878920158006 0.68984612370387 0.27147603137490 0.12216077874088 0.05032560632823 0.70900563159322 0.23407650298544 0.82681132333949 0.21835073197849 0.17395658629372 0.45480579344984 0.16155813819525 0.96377704827327 0.61155336186829 0.65924917000635 0.47962695549934 0.59599879371442 0.08340015133108 0.68748205872756 0.25208861523220 0.27599523099865 0.66349118555749 0.21039718273181 0.34306749876236 0.26884249327406 0.93884515735779 0.85088986606893 0.53393106142667 0.99701641036235 0.20847040259020 0.70025151230236 0.49756175699998 0.60779907941462 0.51309929636969 0.97832927678388 0.21328775307617 0.44407835367166 0.68980623327437 0.22832244955033 0.09629875222159 0.64399790502397 0.32924748267944 0.75747782987836 0.82597569058270 0.39885226307596 0.29092650631198 0.39604591542014 0.36036262625332 0.80755130396792 0.30528812126871 0.14156293667700 0.02813849094924 0.62998590572016 0.52195174215519 0.80109462194343 0.04168591189732 0.85342737051066 0.26480962321049 0.25380354640278 0.61348610344110 0.13072329435180 0.16497477559216 0.04626778536593 0.16270188872370 0.11177582654535
0.28721338229019 0.10965869790882 0.37509558260151 0.56284920222215 0.91513890272973 0.35474432982004 0.04338804128338 0.50262464209660 0.34496178839766 0.81645672047695 0.30763906284330 0.93299149056072 0.63639146738740 0.93080439403750 0.92573297428383 0.18721046779636 0.77287879524146 0.37180925328243 0.90969023440453 0.76118901524413 0.93260566997559 0.30913941632685 0.05439211721656 0.76230167658079 0.71945588444839 0.42411611949059 0.19070342994693 0.11519618141679 0.17400193004681 0.22339402533030 0.21293179949005 0.11612211416259 0.62207480162766 0.32420153117706 0.96833535113774 0.27260049130231 0.52862716371957 0.19552634260977 0.54995079326619 0.52799054106177 0.14548130953018 0.43059068181515 0.57984303540452 0.87074963246823 0.94252550041962 0.54496809783868 0.38303606020839 0.37831720027863 0.33584614030689 0.61818099688475 0.51211249397216 0.76356907354743 0.57794501272758 0.01730471182805 0.72813044976541 0.38545142768382 0.46141683593102 0.68284409733806 0.05515582647496 0.12273937370008 0.60498126970859 0.36702723283716 0.78959483145013 0.95715446455009 0.48567504157459 0.12057796491457 0.52848653830789 0.53822880715768 0.19149927692337 0.53311328471377 0.93631179655581 0.45332548320336 0.36944007506126 0.38835922878415 0.19489421773463 0.84231134528113 0.28161019855570 0.92829382699965 0.64310538835165 0.48009269108807 0.78631841336123 0.61510410730626 0.01855023884093 0.01815191521919 0.96373570552097 0.28105104780377 0.65177148880790 0.84263115184681 0.82362216180040 0.75196336543936 0.22855574322099 0.80949134329536 0.62836389505845 0.14484538448316 0.34738967890360 0.80825900548408 0.50679599011348 0.67232212761441 0.53915150137356 0.82587320866396 0.46327705056643 0.35010700053755 0.00517390657792 0.35071539364068 0.55926629252528 0.91572031830355 0.16510679866004 0.04654070139077 0.63917432449344 0.64716920118476 0.53042480873853 0.90552196271634 0.49729228413172 0.98236715304826 0.04254756751567 0.86213775226316 0.45990734313709 0.09782725630218 0.43862866870176 0.18909688802582 0.55453716283835 0.42784327519898 0.60901159580474 0.63606833909463 0.89713934262479 0.48073653884287 0.84446998369338 0.85479246090690 0.70560417899726 0.91558405585130 0.64394295530936 0.45209537077689 0.38452927761939 0.55618286772497 0.03581218558772 0.87396222336205 0.87410366045942 0.17695764759961 0.22324692854695 0.62048194378145 0.28383603648156 0.16977937650627 0.80930698299899 0.22762632920945 0.82025025074375 0.68308452159634 0.38849564929235 0.44274791224505 0.93311812330613 0.69654898392718 0.79566932592245 0.95393827815900 0.52248796791680 0.63088414709156 0.86102361799195 0.82362905183332 0.78875886046523 0.83383562144230 0.64536179515205 0.99565012671264 0.40126161142159 0.77804233492099 0.27039659059888 0.01414491110860 0.33034600268961 0.31251874556665 0.04758678408256 0.03409885394596 0.86030886671450 0.77883524147313 0.90084344433607 0.97642883954981 0.04280789266572 0.77950693728831 0.34798293617399 0.01668325738649 0.38378139566409 0.13621007527801 0.40386192031790 0.67627561802853 0.68600299085444 0.90049081495111 0.68174029067574 0.79293237528414 0.05019097147071 0.03599411969844 0.89509217545751 0.50875412949994 0.33837685354682 0.08729446680561 0.21147894465318 0.41192059140663 0.25776647017467 0.00179758708402 0.25153155001114 0.38123018413294 0.27462211014576 0.90673221773029 0.12711915663867 0.29238790287531
0.42434148850381 0.48672801846590 0.71299697367515 0.57309126844038 0.82665661816803 0.44038635371171 0.62724969534764 0.07728504993859 0.66398982510197 0.98405445707350 0.94187411809594 0.78639420142372 0.76830528391070 0.66872364236432 0.60957441088682 0.17637418523472 0.55214429722060 0.19653468927216 0.32394824945579 0.79992189225594 0.73111715427768 0.24667311194926 0.90122954781716 0.02806265222866 0.59487210640941 0.01690353777122 0.89427820352844 0.54648850246744 0.67173525417729 0.59093070300567 0.28212224766700 0.52517712306528 0.20749498353551 0.31481183438330 0.84733199717888 0.17601534708422 0.90430055232326 0.39920084571951 0.69502809354851 0.53561048995483 0.90363590151370 0.38107957042564 0.92091110576899 0.44588047124871 0.52964648959643 0.67716925835696 0.96540422180799 0.53066439270510 0.09458015595042 0.75955291193753 0.18283750190402 0.59781225922809 0.24298568324218 0.78930618745559 0.02624048201897 0.72030301749980 0.01029687477323 0.37138258077441 0.36600993314135 0.22942906211866 0.32160183258029 0.19678937005151 0.71915959486940 0.76625529296660 0.10335292703500 0.27123228172399 0.09805679514606 0.04227588694933 0.62814349922638 0.90121531049324 0.35240623724652 0.94220615147653 0.36759943322946 0.48794000195345 0.45856426913667 0.58596743509202 0.69370995249496 0.96778655917462 0.22969704646182 0.34472538602485 0.81459257651103 0.42023586205076 0.73504428765556 0.58020738526224 0.87984064919034 0.69764380450513 0.91846930473801 0.68950290039528 0.84083516570219 0.63303255423172 0.53421223513878 0.39244103855359 0.83275510956205 0.16501582070381 0.94060688183331 0.02045774806486 0.21691475326966 0.27395453302739 0.77106229154878 0.36192382554151 0.13884722415034 0.67927388156063 0.89996540237516 0.20733506892632 0.23175721485075 0.88971504871918 0.78521572177609 0.73293416956301 0.34595612396894 0.36794618440389 0.04171702041744 0.35923341495410 0.93685367025657 0.55176954894045 0.43461662132283 0.66595542566039 0.79717709509049 0.24205339536551 0.28675781367738 0.26487955292155 0.95707813062227 0.36857563882695 0.09390288293533 0.53584003222800 0.64631305753815 0.43302129854949 0.12753986664420 0.64896738041499 0.29873408119384 0.30780000768803 0.62155138056953 0.95502587245411 0.94288168958540 0.36660797898781 0.84533167076692 0.81334504120662 0.09168163912416 0.96109444370683 0.55949952865811 0.74934724010406 0.67357840978470 0.75816971001883 0.19267142771835 0.75447113178711 0.40428417467329 0.59030170060511 0.51968284632757 0.88590330650700 0.17727255757438 0.00220244943401 0.86598269936293 0.13085720466067 0.64011584520198 0.01629082987915 0.66836322042895 0.17760217066142 0.36175373163886 0.75470177445500 0.96037518235048 0.81711334377287 0.50693278271109 0.44870630184211 0.45954979851101 0.94112162574325 0.92884260752185 0.49315097919994 0.15064104493592 0.22332929585266 0.36633749902647 0.24907240384067 0.79874082998370 0.03915337323022 0.46558305488250 0.74671637131865 0.05207539946410 0.97700287881772 0.58242187066503 0.96042635662085 0.76237460129026 0.71893037022467 0.26345061339961 0.86214756023080 0.33337849205551 0.07071931866839 0.17582208931419 0.38888327341696 0.19975160807231 0.74052019635907 0.73588366577873 0.93355681531524 0.42066242358813 0.32389915925339 0.41039227542376 0.62604852514733 0.39568975119923 0.93510749304121 0.57495642451824 0.70917277895797 0.29491637084593 0.41460314180397
0.47811042200460 0.90710875994639 0.24484404539598 0.09252537577708 0.71673911935895 0.85984265133543 0.18798816870682 0.97989775665808 0.59768906144026 0.80272523216583 0.43760745840356 0.04266657104107 0.52587263379718 0.02690603924900 0.78872146661119 0.09957502972576 0.43322358686512 0.30161880898319 0.02777316807671 0.00728073052961 0.12529825628259 0.80557052921466 0.37775015763527 0.90512790635878 0.34462998621278 0.41425656696495 0.87615918657063 0.25584270995563 0.30911510442069 0.15015835122717 0.92176601162283 0.47314755576826 0.59844127261234 0.35852090401380 0.30899618800990 0.03308372947586 0.12031987468847 0.79423843806492 0.03325546883183 0.95339853333344 0.26292577386857 0.49825690333102 0.62010272662642 0.92449818201616 0.66018442154710 0.93606054980685 0.06129816941866 0.29159688573510 0.38329549075270 0.48639221331445 0.99499308702973 0.75200250569961 0.64228850427640 0.27628174450005 0.99486009472202 0.81471995712383 0.87924140056261 0.13993418894818 0.77683351765433 0.66083299756107 0.88998511383240 0.71071108597074 0.22124163491294 0.85745002643614 0.20151612524168 0.35875935617892 0.80069489134178 0.52269419544772 0.89528518590758 0.59493981815668 0.33682229611472 0.61048697751062 0.36275613753149 0.90727831967497 0.00198961480626 0.11170125547762 0.57485322003609 0.42798704276660 0.29157830439841 0.46855409176035 0.46144583881900 0.77578011142073 0.62317885700931 0.12934682156428 0.19193112088675 0.74608071211219 0.39706533936838 0.18022867003209 0.71067640465619 0.47268529786057 0.94927468804999 0.24771920923096 0.20411017096828 0.51191387388059 0.16441912026143 0.64024881330471 0.24839732331460 0.80789771330017 0.77281587167019 0.96372611041498 0.68745539938909 0.03576082334340 0.09661787840905 0.76118354148859 0.30644621529970 0.99542232359581 0.21041270590945 0.07220830874534 0.91170454322879 0.46291975741651 0.37256963793984 0.05195145268224 0.16846183607305 0.98184546439707 0.81113117004090 0.97743863403209 0.63191310871765 0.12782303449886 0.61215745650619 0.77020109309723 0.31761439256298 0.45355275550537 0.77261339233659 0.08983977892249 0.49331613653721 0.34281723812275 0.08669167253188 0.67429021324657 0.42839218229476 0.35558007032716 0.51867347073066 0.80019712377439 0.23621820094781 0.14369034888485 0.36569149667246 0.78798218412218 0.04357325516070 0.01586490015715 0.28541201228933 0.81168440019780 0.67999594357991 0.36911842876747 0.23704742488150 0.79474440756877 0.68901052085269 0.60493900178866 0.11994387109015 0.46106708087799 0.32437719084413 0.26644606188209 0.86201780681732 0.76967512617858 0.98668547618613 0.91005713892431 0.49334660360447 0.99488379814550 0.89684121637664 0.95778478151928 0.41951410346674 0.54544525464241 0.30249539547271 0.97136051399216 0.13946994886153 0.92672072480739 0.78776332607323 0.80445764492420 0.66214920946354 0.59041103242743 0.40897764369573 0.22300513468015 0.56622829754479 0.25818010884586 0.28267855111911 0.18776556965484 0.28558177115426 0.09720702416802 0.41541888338632 0.34845106047017 0.70995134435492 0.20902067137205 0.14110586637556 0.52073328176421 0.05991303351890 0.32518972607780 0.32251204571213 0.62120984688492 0.96424492269157 0.01804562327317 0.90256432004294 0.94232867684505 0.64993901601387 0.71430178413130 0.31811935187707 0.17717989007110 0.83402971672954 0.39898474930598 0.38930774236105 0.16055977904052 0.66538634224592 0.94184470605448
0.14929782796981 0.55414925401694 0.56673492870958 0.65824284656350 0.96360793239175 0.22829788132273 0.98458472901702 0.73095735191457 0.51990409304970 0.17746158943957 0.00652698808922 0.07948773962622 0.66735114828964 0.48335358663551 0.63926946559132 0.41276274585198 0.92950079712198 0.32970549566060 0.36487675028731 0.92371729733328 0.72647467747053 0.59970715293136 0.37886946126146 0.44575921036480 0.34199250906141 0.91721524160977 0.68328067762391 0.99749634502370 0.64998225247182 0.47680416163937 0.48657573506067 0.96121490434708 0.49394271496039 0.09026585530764 0.45679185447111 0.01625362372344 0.90180158170172 0.18077375591208 0.35539505096535 0.63371063899536 0.60977602439126 0.65722485218508 0.19728761567578 0.78749849912788 0.10874329664201 0.98749461755901 0.48157439039059 0.53079819651300 0.74969741160054 0.19259822449700 0.43991243738794 0.58523264228411 0.62134198499712 0.11280422874855 0.90368444011025 0.42288791420358 0.50724077174853 0.32453231794398 0.19330498763569 0.95770506019747 0.73468703970772 0.48327161383139 0.61900416996032 0.18015297320139 0.40231404234032 0.25325052491204 0.45893152750752 0.66761609072188 0.54102666096212 0.58767514762767 0.24297872868090 0.59635568757192 0.98829625368702 0.15750252727986 0.28184197780347 0.79545016542373 0.83867708484087 0.97608167963656 0.58911173303346 0.00622778371273 0.31318833583768 0.22373141945888 0.63026066779652 0.23899887048986 0.58343285116128 0.77733127693803 0.04083149294604 0.07424912544364 0.86581022198318 0.19270668791435 0.65934521246131 0.28693155756192 0.73371223557724 0.90980162272237 0.16474106327471 0.80964749022656 0.59841323269988 0.28709523052337 0.10806769148439 0.65806302719303 0.84840022348007 0.72421236900427 0.12988125061052 0.32964661172587 0.04180617536184 0.59310483601358 0.04640645165759 0.77082697961874 0.12260463151651 0.50537814233040 0.47559318061259 0.19482975127049 0.09096068198917 0.19766938957907 0.40172235251114 0.03966151011270 0.16251909836173 0.58513013416323 0.58098569682216 0.64503778106934 0.23445811581645 0.99548743179869 0.84420050915376 0.15359427304152 0.18649189498826 0.46167660405836 0.00725915200135 0.60784317508470 0.37656665057519 0.69664186177026 0.75425214726705 0.82157592880455 0.95044463117009 0.63856147800227 0.92039158605464 0.67575073461022 0.96367431897336 0.30881739698652 0.29693882347842 0.77659602014697 0.03456940488076 0.07443427917574 0.12640589601257 0.53939112905508 0.82867663746391 0.49545644740860 0.15310070988270 0.43071386704280 0.61306894989877 0.61453586063316 0.75622517998215 0.56855517918560 0.05341266469873 0.54283258885653 0.34781299643337 0.68682593029605 0.83864906255668 0.87379041111460 0.79870648538336 0.03312374498217 0.61935117796330 0.64296972890680 0.12235220249050 0.90635137262323 0.78378886014441 0.83798406295234 0.06601845818092 0.33903430350175 0.93129768050686 0.33705733360241 0.84432054633259 0.85891147742103 0.90038741013352 0.88630201569904 0.57937388399857 0.37108234997414 0.54197107352743 0.35060603880274 0.56458600957368 0.68805683477268 0.52800938397874 0.00649986964320 0.64136968150709 0.97779462378580 0.07495418301827 0.47414685681215 0.06964412587768 0.66629842474012 0.41275603180261 0.97517874643937 0.06791702635134 0.83092909940147 0.07435880730490 0.64753610401080 0.33196759027062 0.34232133576420 0.54131706869434 0.41312727578026 0.78565496066604 0.91816980241397
0.02794414325553 0.53284945756282 0.38446189211549 0.00767285339807 0.17048205429006 0.34887715583018 0.86598874622351 0.35170026957482 0.39124715376345 0.87631972497144 0.58242311126815 0.23099538763425 0.98595004346446 0.47751604899080 0.28398316274927 0.00255855536377 0.46888282002348 0.81752008569069 0.94798198794941 0.85402484584708 0.11738217400564 0.73403673060462 0.86307914448306 0.76838612040883 0.24524222619176 0.14842374959955 0.44564152831192 0.08340525586456 0.06161237853838 0.69776632744923 0.56382618615047 0.80766391917365 0.12161715025337 0.08362149848014 0.59027977815795 0.09681586890456 0.10476781562589 0.41745137667547 0.97297417595178 0.40650154929000 0.86148796642639 0.89609482766845 0.47470311151526 0.81475963834054 0.19610136985445 0.21152467240293 0.00208297659688 0.97696873388422 0.28831821216288 0.63493185803701 0.55394131949432 0.06290691197131 0.73293810714953 0.88756781832400 0.28890686890030 0.76257241174694 0.70210356138127 0.36899995903400 0.63632174155456 0.16065405338415 0.98616540333656 0.36796261510041 0.02562135254194 0.06180410748633 0.74202146669603 0.17550404819382 0.76769022239659 0.98219507590462 0.23393609428693 0.57450825290518 0.56608898197414 0.84406661551959 0.49242811166825 0.81836724031560 0.68808288289740 0.60335076246353 0.87698503334596 0.68825646438311 0.17512966289728 0.01767884919877 0.02434269349012 0.12673244544152 0.14746123886832 0.64920179702030 0.96111763407071 0.92075227423774 0.25848095201076 0.40111958642697 0.39163791634379 0.63154265655475 0.17610476659857 0.26486717211326 0.78937835423183 0.91576282352043 0.06799475638241 0.61434666713806 0.61072630784899 0.76499793875026 0.43513257983522 0.79479758168233 0.35320279521463 0.24508372768909 0.42008647505082 0.70734029938701 0.58267619572564 0.68093320100170 0.19668829548161 0.63949557734794 0.91109359697764 0.63188094793957 0.29534272192961 0.58529923883118 0.14068713882901 0.83373659679132 0.83278754437262 0.73547249420618 0.83466751919948 0.91675831268162 0.94502392225566 0.92825547756294 0.93136843389593 0.30529232457549 0.00856296218418 0.79055947426863 0.16130393125710 0.54130801788981 0.09321632882026 0.22270575404662 0.07521844702945 0.37458125557298 0.25194973138852 0.96443232600497 0.51057443745670 0.55967349853711 0.63958816737143 0.28208511963441 0.15486888973969 0.87571087614898 0.51065721793553 0.13400660035330 0.40866287151128 0.28910403791980 0.39107143900881 0.05084775567733 0.68482910816227 0.00467730906411 0.67175782710024 0.13838335252257 0.36778173649598 0.96989921702844 0.72884316578275 0.07141160992919 0.63065712515914 0.93311527310312 0.86399440613756 0.09768027437631 0.49958659542305 0.33434134960524 0.81204702859662 0.66370961152446 0.55117581948907 0.53300493364515 0.44907360706924 0.31348878675936 0.73742826119808 0.49983604512842 0.63818656080210 0.93115835165395 0.10152143742090 0.04348458267187 0.01309620508326 0.41525884280939 0.37908860710482 0.49827587561668 0.36989926122411 0.54223496944679 0.80606940834764 0.46000581546033 0.23894373881253 0.34157318646199 0.20997447062592 0.21698924831575 0.92066736338059 0.84494379607903 0.71945034977583 0.29318180664528 0.35764786409030 0.83793589069702 0.22832565540189 0.53624141685414 0.99552898919084 0.25877073263300 0.97855076134027 0.32779004049115 0.60822928972901 0.15396088224117 0.46380022771339 0.66424715666745 0.10777754768310 0.27420059679683
0.62362790590076 0.45157410873863 0.24862911457386 0.88057893399249 0.01998734683852 0.04867665540162 0.98170117058312 0.63463473205135 0.34442313043209 0.83841927735762 0.92845214600586 0.48033532932165 0.80649153353164 0.47833792390840 0.68017287096590 0.93501299947351 0.63591332496568 0.75674490869761 0.24843056280606 0.60135326088779 0.62831408455632 0.07563220819350 0.14135771193365 0.65885227730916 0.79823072445152 0.00070319854397 0.82799242710916 0.17443588846197 0.10173975743535 0.01398346568374 0.74118449486476 0.57691647950354 0.90207608872437 0.90869731648966 0.28821685794023 0.82684135297635 0.22707038656831 0.54310684676717 0.87922041727971 0.20822046140036 0.42763998401624 0.07584146525770 0.64232400953870 0.23045902920580 0.22778963640780 0.10353170909873 0.78313124626407 0.86098959706931 0.89710145727820 0.64287121179496 0.43367373140336 0.77819189877308 0.38238028108367 0.25456107205374 0.27695553769694 0.66816239648742 0.22114895949827 0.87877258619633 0.66666956949576 0.70501595650726 0.28079932401832 0.24525006658378 0.19585139115947 0.34561671273688 0.04316216579676 0.63008560366279 0.63065284915399 0.83463008353229 0.97380140045440 0.73695153735185 0.11392091267273 0.27257316272621 0.27875471973852 0.13375074901854 0.64518762111885 0.68405707628652 0.43301185566292 0.46838586105594 0.01982378663344 0.02402536410549 0.34149409433475 0.92956954150564 0.30794304377531 0.99060961643839 0.20248215034256 0.33249362852015 0.83980712893959 0.36479628854016 0.37707494598388 0.17018254171004 0.96750039255211 0.38131634422137 0.20740761631637 0.98424850912269 0.57437571153642 0.46754198432255 0.23143486837543 0.22747862749978 0.61369243132248 0.69465760244547 0.57467608370834 0.95610492323452 0.54500906905825 0.46511397214011 0.61772059358061 0.57042323460923 0.61250731942669 0.17765125634862 0.40435167618899 0.04608310203786 0.50218214763832 0.14819503262121 0.91523142739372 0.14047103883527 0.25375300164460 0.13120741002585 0.64767443760796 0.77919488646421 0.40724690735261 0.21895974890913 0.01752984914114 0.51518203172843 0.06315013845725 0.40733714192639 0.12639207553641 0.99335874764264 0.70865887130893 0.77029952098901 0.77958059933801 0.94986751832592 0.79989661499859 0.23946634430522 0.03060421498849 0.69414094847267 0.38270549859874 0.40470140103911 0.45198172463336 0.23903350437499 0.46001098151193 0.63421529227699 0.27470012538023 0.67693062011511 0.53472988901929 0.38889569404278 0.55421694415257 0.85628846428530 0.20686600730107 0.75000929498055 0.63753389462449 0.91945432372128 0.04684750618830 0.78900672656122 0.09106158014671 0.74089055676622 0.57273292558041 0.81073386773313 0.70610062087139 0.20931590465172 0.14960837795765 0.77323083118187 0.15517221143971 0.20744811769819 0.98627373000789 0.86871123814442 0.84192573681358 0.68338728458929 0.63241898216577 0.11086368695685 0.35549379550985 0.77776856973409 0.03895188492400 0.21290279346131 0.59965985983318 0.79077956519101 0.87994995773407 0.16201669788298 0.15452617428533 0.03322428451562 0.17747364413514 0.44835077449397 0.24452257381740 0.67995000082497 0.45778697419133 0.22713762238770 0.32864336914034 0.96735539841985 0.42944907717762 0.93969211330766 0.15199761604015 0.84957703114126 0.09408234859333 0.49313801311199 0.40885924396001 0.10098664762493 0.49382863112224 0.39363722979796 0.97639712321883 0.57400173738041 0.58430444469928 0.29951264110088
0.84935979796054 0.25420310996429 0.80495645973080 0.47320747259527 0.20919053392317 0.81023579057393 0.02467690236747 0.86992396615882 0.13143079551777 0.91469441626532 0.73198013093383 0.29186664447387 0.28212590782545 0.78612469599884 0.92545219147428 0.69291888162182 0.10105564319994 0.96640140961231 0.98813803606046 0.56948744722618 0.24581212864476 0.34575166694113 0.03580960614714 0.15098988925404 0.55915390658796 0.53499235544180 0.20229175885782 0.91440240076494 0.84861466452372 0.91145178117544 0.08875573640023 0.97630346070382 0.66515956489677 0.21488616080688 0.69039526744592 0.70821522891887 0.06867644413624 0.76863117375727 0.90182649373122 0.94579031342670 0.77707427608121 0.81260934838096 0.90682169393130 0.51991202773457 0.71181656489808 0.99525646794069 0.22314802184526 0.05094025323229 0.78248053002837 0.96655113433452 0.15855960767661 0.59734837984000 0.98730545861045 0.56268471283212 0.33263037776869 0.68441341154531 0.18876776536253 0.17929813109755 0.20923463506718 0.64694161352582 0.08698329783849 0.18707799443946 0.98153527564628 0.45728424856004 0.86022405561464 0.24114460453031 0.25163684125524 0.05512058066751 0.89542701506753 0.51348218185248 0.76281274162837 0.12165396535530 0.10589277921793 0.48253997525224 0.97237664849748 0.94148153455987 0.33782944310641 0.26826179730269 0.63989047552183 0.41148065387154 0.73913421732042 0.36589879161760 0.18484206852877 0.58245912391002 0.56417149150563 0.05179914126180 0.99637699859990 0.75426962956741 0.15405607905313 0.58543426063067 0.47582838319422 0.32886547187645 0.04001672362988 0.70129451103470 0.20129872494195 0.35523303591421 0.14524271764076 0.22568522497501 0.05548814631028 0.74873731775649 0.58105997445509 0.69059777592023 0.54032627158987 0.50068197580257 0.91914507510030 0.27702729470869 0.50775132775789 0.18803872083153 0.34331461089103 0.79973340871513 0.26192963176136 0.85420677876077 0.16772873474347 0.36959522591850 0.30146960532107 0.23067934426754 0.23851717519328 0.70796723438494 0.04596927735432 0.50093720087517 0.83364789697750 0.52510976569313 0.37747766659771 0.36698485660216 0.97189468664976 0.35793115992914 0.21131964404004 0.93180174298076 0.00110275138389 0.57747543165664 0.00192061772800 0.44952159827793 0.74833465261613 0.26368973713399 0.56478439912761 0.76191951028015 0.72059884342356 0.78867068930553 0.21623335234142 0.11368352419854 0.97191658691352 0.41602203788882 0.90199981325001 0.37643854303198 0.47498261943684 0.69626018892045 0.42460029653690 0.15582145219228 0.85401496829163 0.89455833116591 0.10861749535617 0.49307323015371 0.11571012649742 0.11401627081005 0.41772166262574 0.31900786360528 0.07027621085681 0.90537253133118 0.00950825562376 0.92998898841512 0.54169465895702 0.68573011295266 0.29893822157826 0.24484827269765 0.42525268777802 0.49028413639768 0.81126813412145 0.30864524855466 0.46341280187647 0.55018973700690 0.20388274675030 0.24323686388882 0.93750964484801 0.07215170068874 0.79091123867209 0.34869833633874 0.09730367673069 0.39369199503188 0.24140310463513 0.15287332891817 0.06375606208032 0.70593518864557 0.17304021428262 0.03954387960678 0.16540561705241 0.61013815240085 0.61612423046535 0.32940005254973 0.82999623537702 0.34237996831686 0.47276074539273 0.82315942034105 0.46731252877687 0.34197788281780 0.64528432700844 0.61846904980066 0.12231991018384 0.91446109780342 0.79632939747304 0.82125833196336
0.08507362106093 0.29576331034458 0.50045825240855 0.10678459849215 0.70848710203107 0.99999851037389 0.97470581340020 0.34708196278652 0.90977568434147 0.84824644319695 0.05124300070043 0.31963216269917 0.14004858443173 0.67653600439795 0.48274128281528 0.96644477825302 0.23448044981199 0.30611239573049 0.07962929178143 0.30917367049368 0.33781243503262 0.31824323298294 0.86341221528219 0.94536879218322 0.34264922350027 0.34087927161495 0.80051221556290 0.73281212296663 0.69901434867611 0.26631960183996 0.46513371930210 0.90839551070036 0.71730989694571 0.25177866660308 0.30727181987759 0.83375700164065 0.09714280871578 0.96470830007968 0.10239614244946 0.38954186553771 0.04096569367184 0.56887587649510 0.06543766767994 0.03367148471351 0.17015940475215 0.63190792182008 0.20712249402860 0.92870191795356 0.81080338959590 0.20956712887363 0.49788697126266 0.84537966411704 0.32456003829875 0.94242094080615 0.13339109029147 0.70287737580234 0.42897474040941 0.84257475892310 0.75180032749436 0.50277703970490 0.73845595860837 0.12662843270067 0.05322985316696 0.75424853281917 0.49854527509468 0.26976617441248 0.31683992789543 0.99921761738175 0.42044952003960 0.52000514739617 0.55743840894448 0.08472044241075 0.19632300517518 0.90459975413553 0.91033442340636 0.26412549958594 0.89342908491300 0.50932010718738 0.84218898997094 0.35330090143968 0.74260951500977 0.67493505417925 0.32612803161523 0.90667168842240 0.28911210320869 0.96032020732290 0.57554943582820 0.09275463950501 0.30172323326244 0.97268200949023 0.86811721419498 0.10072842292497 0.21342899653568 0.95127072846244 0.07434267118856 0.25050726986456 0.43935907781399 0.99973654600038 0.50033589959543 0.15475176576190 0.04085924921096 0.11507972172409 0.97300439639124 0.50580773437955 0.70458786413596 0.40734302151180 0.03822824782403 0.04688919643008 0.38103154604861 0.18744998290869 0.78406447777274 0.33668441969214 0.84558677976445 0.62537410629161 0.52470824326263 0.89545275885863 0.24169485266650 0.98642774250650 0.71759054583050 0.32785727159319 0.11213001725597 0.10952636291044 0.08707263647510 0.19248889090870 0.52123813096014 0.60794826873907 0.34190419771569 0.24488807613825 0.07351303251859 0.50130991135764 0.96822515470328 0.90859675821518 0.03149289909178 0.69373755999082 0.76332335080609 0.48945501002857 0.01524056520372 0.88396115745202 0.19000267219268 0.98381885702774 0.83250439670663 0.32084701771676 0.53841626223050 0.98770658276059 0.37317297296717 0.78273947182534 0.38374719640267 0.61965501253807 0.59814104568916 0.59505515168410 0.98400905385137 0.92796567932397 0.94216433841387 0.67630026671891 0.47048425746825 0.84498166097457 0.77321776166338 0.62852013961567 0.38079808748257 0.42941871737977 0.51254898160762 0.43415233734804 0.69718392141235 0.38208438177126 0.83143531882709 0.86222299607404 0.32380676506424 0.92700507951372 0.09833619436167 0.50531602214209 0.01526010516202 0.60283991620864 0.67370404722508 0.44958669922847 0.72058251955506 0.37815734664686 0.18089784975648 0.49727144327330 0.03090861186132 0.15825320759775 0.35298917376030 0.52483575050718 0.58487557693840 0.96463902322964 0.00999189676036 0.25466824513733 0.92898142996795 0.23807499955868 0.88724692217200 0.26048514761909 0.47353361178111 0.63189166432629 0.98585175178060 0.04412750882187 0.73384570640998 0.21074704908153 0.02665103639495 0.85559795063653 0.96581380043512 0.21258067809894
0.13138069545022 0.27516202276470 0.16998461314482 0.26085850847381 0.99579882425043 0.40244118605193 0.54195084573398 0.65716554849267 0.62308668508969 0.97614011500019 0.03657441635584 0.35517080844891 0.54764205492958 0.11287694612799 0.37475024857609 0.84423740299437 0.67379389926742 0.83149115703310 0.70033157731895 0.11527936912469 0.66950431402925 0.65732244426461 0.61128208218502 0.68046519787423 0.84360638065478 0.17253635440582 0.64275915312566 0.57226908897014 0.52167542971084 0.39405955975622 0.67191328937037 0.32642427892442 0.27754873966961 0.38340343557235 0.80182578786025 0.89292224932832 0.44690712658948 0.36574446033188 0.28652537654602 0.16542286940733 0.09507391538278 0.80734741488322 0.82343129122988 0.85250228118111 0.39470056942834 0.50862365763946 0.19832427950117 0.12527135957609 0.67892599330150 0.49191615377020 0.25239097556306 0.33589907905868 0.91843399742400 0.89307097606735 0.55500671670528 0.62336754351038 0.85657018639189 0.08826015566790 0.19970084417207 0.38464286673415 0.09581522696715 0.28259941442280 0.21452841296958 0.30094142769857 0.99514497957457 0.34982503948113 0.53156887301491 0.99570893353304 0.67860937301852 0.29921085607100 0.79910942562581 0.23423556837672 0.61986008617099 0.54399907707476 0.29283432598811 0.32558849748788 0.19450894388686 0.96404797951502 0.10135732496738 0.78359578565747 0.38472509490978 0.56959726057415 0.15623513985851 0.29517452985580 0.61503775615811 0.17136182731514 0.86687442850002 0.08049229079340 0.25027038114518 0.98423833809253 0.50043857470634 0.94736959833404 0.56910288561911 0.18519671293943 0.31980222707517 0.58883654522287 0.57278524433090 0.80004674141084 0.56597905709705 0.43719902110380 0.57129739928906 0.40575591007911 0.11583492264501 0.25422874308351 0.47713748936562 0.17045383189692 0.93836037309150 0.36234498971780 0.12018129453113 0.91165774952575 0.02786395687345 0.81990106998186 0.42165748498370 0.78885246936921 0.86854951475075 0.84835389836784 0.97496480235388 0.40403377385528 0.69841856758182 0.89599593910969 0.53145908152386 0.03561611656117 0.88279054367563 0.47431837540361 0.35050202074700 0.26443179632147 0.59088172022127 0.11132364448975 0.03215040833249 0.68911499018196 0.22494177786351 0.85246518153714 0.24235406616132 0.63962531442703 0.56317924002560 0.35652110063305 0.57518360119262 0.12088011084052 0.46605331983917 0.33521548214169 0.08142324895003 0.25310355145764 0.44304235705622 0.17911200702238 0.52573605243701 0.74566256394973 0.81327240217311 0.68982552754810 0.65303015343502 0.22859313455306 0.22457719554392 0.70670598531834 0.30070423248043 0.82494988269625 0.43885589560948 0.88752907312639 0.40663456253597 0.03687078261594 0.26119633864756 0.76578661045333 0.51908187386216 0.42981032332216 0.08451198018669 0.72738456281730 0.98166004126550 0.15054400882466 0.97806131934045 0.05479373093382 0.07525964121103 0.53863738806205 0.12053736184417 0.89601350612281 0.93252259309751 0.64691412451792 0.19912133480755 0.76974837851206 0.14397636087542 0.33345501689274 0.27575339337197 0.59743356277883 0.53397247223098 0.43674211267821 0.16549826791994 0.23132239321533 0.21979644700025 0.30852039565191 0.49902761228369 0.26317280404095 0.99054171430133 0.49308499355221 0.95830724430012 0.76596574699771 0.53156849947128 0.49394054899902 0.39002905791267 0.90165618083287 0.22532124967796 0.22869992623303 0.74630008731624 0.47282316995341
0.54998360852576 0.26022746380516 0.31718667843055 0.04089889262030 0.04614583933904 0.79222061039888 0.82589122527946 0.03090353747753 0.34459603018180 0.02649726318185 0.69783358610527 0.59632036980702 0.10116308461583 0.85544252504144 0.43723623091906 0.49861278539241 0.20216995243281 0.76800347659204 0.77632087792280 0.41255023173345 0.86103812378959 0.91886494465901 0.46724679657630 0.23050686028977 0.84359316908722 0.53916847249152 0.45743927011556 0.06540847675807 0.90376351135193 0.75093701389044 0.50638784530722 0.80610857667624 0.05442745219582 0.78575956304249 0.78884828928607 0.89303673116570 0.05873023840391 0.58083486457864 0.47440181456361 0.74840433682154 0.51970990560319 0.06740269271333 0.19693647953957 0.26050337196495 0.46478115165218 0.16888669891949 0.50303694838518 0.03069515535092 0.04166345209043 0.30191130144776 0.55039526851154 0.43577230530510 0.13883139680623 0.74833245042571 0.80781503751073 0.73883755327485 0.27669351944565 0.69197357617767 0.19010405071692 0.36356886642636 0.29676041745480 0.17068147232796 0.96343349262723 0.16547896054285 0.51648371450580 0.63556346044040 0.57624343341922 0.10268666454830 0.25836149115441 0.30768364556962 0.68240014803437 0.50398660325367 0.69152876355530 0.39979749714548 0.40067894432754 0.92804447637277 0.43263169452265 0.48742203346163 0.59345068118679 0.79605714942374 0.59158829799457 0.40795631259413 0.30533294245373 0.51147864130463 0.74793806937710 0.82583775732176 0.81409271778355 0.73410566619529 0.72816790874923 0.96291978447627 0.71573780723769 0.50006034040815 0.64348599956955 0.21143720837662 0.99091646495710 0.70910145102304 0.19473148850703 0.70556402801229 0.73456375522507 0.54397664360525 0.81867885632591 0.53976808388622 0.18436717923944 0.76055656288270 0.10341713577766 0.36915922525739 0.40953586429697 0.92580068301958 0.31206713089390 0.40859864908417 0.84094414086630 0.61640974058827 0.04571258157123 0.16062430540576 0.42385150920972 0.21133493041830 0.62878441786584 0.19199028391249 0.29907682059365 0.01235546488445 0.55850325182621 0.97660389556736 0.66139125001190 0.67561407822893 0.36132300279237 0.92461602895879 0.84766166319627 0.36673597375992 0.62875645997835 0.56346137302658 0.42862654925696 0.89690568731904 0.14721733807071 0.90477380699434 0.81019387822040 0.55445540480281 0.67441708899263 0.09086036201977 0.79903700069517 0.20789649528105 0.84387134099384 0.49155570818835 0.09739001185572 0.20087854647931 0.51915509862017 0.64792414044652 0.90990144179591 0.62436291485223 0.13432972320626 0.03001674987934 0.42071721942745 0.37911405052232 0.43138139917090 0.14569500515544 0.40775801430532 0.09534034503425 0.22987264807226 0.27889169652669 0.23624964063199 0.99898676670185 0.01693814060883 0.66225617487164 0.98216741670827 0.57433462679799 0.22825995430000 0.40872742644307 0.66592193399583 0.36712533380391 0.73102699233808 0.43213342118820 0.55960602261065 0.38029833181074 0.72556063979306 0.28714945489868 0.44152895117998 0.38246677261110 0.42300210521704 0.46027085508630 0.57381688713119 0.84289847652115 0.49036595611824 0.45684180420790 0.21387530583368 0.27345324845794 0.06379877021292 0.10270756995775 0.84727120791897 0.91504393401733 0.52849841635843 0.11025247508145 0.83064809731389 0.61061998429705 0.08403848804223 0.90304948406280 0.68687015442544 0.34721121665133 0.57116342701028 0.84894095151521 0.95857971619309 0.44632757635869
0.13284294395674 0.25057839768323 0.57704676915552 0.51993662701341 0.67017616273526 0.37805700713779 0.74441674823359 0.25975557857416 0.63620272924810 0.62716159397937 0.15253103377806 0.61435063573325 0.00059488031133 0.61747367550986 0.82418494103395 0.28441223786099 0.60438930592823 0.28037147485207 0.46664823744867 0.72930214908881 0.24773982690437 0.63806695499030 0.70201877863795 0.61528144064542 0.86967422129895 0.86143231592257 0.15173717290127 0.18754633399859 0.37428975645352 0.15204050826398 0.09105061557474 0.52475870932857 0.18139569781988 0.54440493804075 0.81309862047664 0.96467720690809 0.90828304860527 0.07840306687684 0.57228577157687 0.13390715924676 0.03001374819385 0.39286219308745 0.60473103537007 0.13002460981824 0.55862748247415 0.64491460552824 0.17541630324835 0.94952048046693 0.04078538383274 0.92698302908661 0.79519211967036 0.31652002165201 0.33293863567767 0.85934128881208 0.07332117577210 0.84500489384457 0.37983606965779 0.27982351167624 0.82003285120298 0.65931035833000 0.31228845858690 0.68161490736106 0.46904721271256 0.76831641887960 0.14832490709810 0.41104899468129 0.38390669701994 0.33688571615678 0.46566381266285 0.80102362004955 0.79773525416462 0.59913138182321 0.56440146587522 0.67834730495989 0.72141172185900 0.96561182913949 0.75015875057311 0.04962811260091 0.99735269725220 0.18214383131652 0.88477365867532 0.50382374414056 0.05324911971005 0.03640741071014 0.33911451608068 0.35885175269381 0.47300455252784 0.42055645988599 0.37190801645882 0.73708006305599 0.98987204790326 0.92430752727752 0.65623232745491 0.04718171300434 0.44718445217699 0.72805888350704 0.97345106963002 0.66662158022583 0.82199291718205 0.09063837122034 0.76157298950729 0.62918739388107 0.03997576320568 0.79087640531857 0.37004578637334 0.51964066952686 0.54540689333847 0.42590329889905 0.69893331702347 0.34930885046322 0.83340071875721 0.15716725028399 0.97608445504640 0.19686705879846 0.03809691518274 0.36944366979328 0.82351168635445 0.66720320774405 0.65286448368019 0.26327408690369 0.14486857193704 0.83153768211213 0.49467800148511 0.49707428552817 0.53614384740080 0.75892154487475 0.41073765929342 0.35581477560770 0.06552011046729 0.34252412045976 0.48204875992608 0.72722957597925 0.44054461374068 0.97061509506237 0.11478120600485 0.57462096097582 0.55184833975317 0.15595523699497 0.07585051774839 0.44761859066573 0.59352386896551 0.42950575912708 0.42642703517398 0.95046430775569 0.97410732590231 0.59809068762807 0.57900904421905 0.68814027354796 0.42061681055723 0.22459505416229 0.47223291545859 0.88185857546106 0.89603520806400 0.14212948992232 0.36793914756410 0.85957760477429 0.53501430183868 0.58205795587366 0.67223730623447 0.73262073124884 0.68899942228630 0.17070617861370 0.26939477983354 0.55819502344680 0.79875775854649 0.23651435532715 0.84287405115561 0.74467834220242 0.73817517378555 0.65766111468593 0.83211142212599 0.20076151688467 0.83300292347736 0.84860994993832 0.67443033399490 0.51994905160210 0.86870601445456 0.31280396427824 0.07927278512530 0.56815476455081 0.99824668360207 0.17898483861903 0.47494430208776 0.13300223651980 0.80144427617819 0.78537863549549 0.76209393713390 0.78340544256538 0.40233790392314 0.22962167300602 0.32259293733916 0.05541398440789 0.89936350287856 0.00658017063872 0.48863748218762 0.00554755172146 0.82778800700319 0.15544423950299 0.49541992519519 0.48648048072375
0.97013975070099 0.63002086586775 0.98211863933847 0.37019914633200 0.51851461256309 0.21533374122278 0.70098237130043 0.20700429808331 0.46265350360369 0.03815710721457 0.11885840165655 0.25646033967844 0.32013716705666 0.65051354557535 0.60967993006318 0.95098879973780 0.13789284143501 0.45634722249591 0.27566298839634 0.13791481760144 0.35726854930164 0.68417910803436 0.17507381209941 0.08308763544346 0.29977584877562 0.55959898122941 0.77010914051447 0.91475288194111 0.07405675886685 0.94167478419328 0.71192558069768 0.67616840467289 0.62129588254463 0.83504728602545 0.81065942396393 0.98897436026114 0.30218503216099 0.59612681462427 0.28711800005853 0.88324214479235 0.34858339831456 0.08497280861884 0.03468509543085 0.24463460710825 0.53522531950592 0.09375209227537 0.13912213515810 0.88362374365034 0.52022597797225 0.12386445524810 0.77042032656796 0.26639899551748 0.71838148671090 0.59052157868169 0.50996181784953 0.27659542187030 0.52776690509924 0.40196699362129 0.09945469973370 0.53900837349788 0.48192094887868 0.38872400339370 0.43597233829077 0.92638110973602 0.53378014600774 0.23185679772473 0.88498668363877 0.02920486602210 0.98692588362230 0.28404031596210 0.20255127917296 0.08604497259831 0.33466331691341 0.89969390645363 0.63899032984425 0.77820691105643 0.59793095588632 0.12000907970043 0.10443703766362 0.78277354982567 0.67948542252021 0.50341346549112 0.33730303571512 0.35454060185916 0.41434600102508 0.24429017647658 0.11780905967229 0.14532236987037 0.21490368317230 0.29589558263955 0.95075277297760 0.21787363894017 0.21502830588092 0.00790985870663 0.28847893327985 0.95484960136141 0.64784793601742 0.60300356463222 0.55288754642843 0.83887618711675 0.93759708172248 0.07062081350959 0.00224107024706 0.89821103068286 0.44536851393363 0.11636930710378 0.23069919352907 0.67039893958547 0.24001254531297 0.56057856678560 0.98570671390614 0.32908052029744 0.72192087586990 0.05703227573980 0.50494022742744 0.27411576708668 0.28871101753367 0.04906970669253 0.57818348845362 0.72519774329800 0.70806895698427 0.72283194059458 0.99460749965370 0.18000218797023 0.82096138426257 0.78703220924823 0.55290178532651 0.19975933327418 0.20335689377858 0.77488632436935 0.85297055187931 0.50197479877006 0.72706465442197 0.66531018360787 0.08093914796384 0.36252337940201 0.18223374354409 0.50924886129869 0.02832356452666 0.02218342861713 0.92399877405111 0.05749168029446 0.59542654191106 0.40455569321188 0.02031521165476 0.32061000423004 0.90372750737047 0.06072192709453 0.74762015610630 0.56621994784434 0.24240100825814 0.53433058249641 0.24176222497970 0.28222475735792 0.27753765441032 0.25048541876233 0.24632181594800 0.30094887156879 0.62133132026110 0.48712541629236 0.83467951308012 0.87336337026593 0.18037938691978 0.53134028015481 0.84402102205370 0.96183411353261 0.26615059850529 0.21897729209071 0.33243107772052 0.51068497992804 0.94008494825905 0.25668480612857 0.05931110834674 0.35480044534793 0.09271492327184 0.72921172974308 0.31662578067078 0.62997110564689 0.37321496664305 0.35513514004901 0.75804347683989 0.02513390040400 0.98593124403962 0.35137829711422 0.37262656174768 0.25647554121583 0.42218921714584 0.51449595936148 0.48002123126352 0.12944414503267 0.00128952108776 0.27397928338987 0.25374833434932 0.65912871099816 0.74754539391659 0.95700795955949 0.11292039885239 0.77666821163625 0.00608457634089 0.04049974292379
0.35436197115319 0.38327330697645 0.49473335089482 0.54888237562839 0.50787448572299 0.77428079044014 0.22310793934106 0.54721649116867 0.84102362421960 0.22228203644018 0.36646258744605 0.33448507960477 0.67707029930859 0.29960803725616 0.02538941681640 0.32014660567782 0.42321399250152 0.29327923544110 0.21683394116789 0.47312126415127 0.78333469445279 0.63661609893795 0.18515588524165 0.06710047026609 0.33987743991315 0.22542675263725 0.62465699026031 0.73090406506295 0.82047609786507 0.93844406743351 0.30687394754634 0.19480382852736 0.27444420781664 0.82873339942413 0.37421319566032 0.95640138329627 0.32060127973395 0.35975075432913 0.70294611045799 0.25059301536014 0.51628408725508 0.72257358403681 0.18343845569275 0.44497418429869 0.29777941335274 0.95805287380938 0.44480440670526 0.95574778243474 0.28782701869974 0.85015082258057 0.78550956317487 0.39743556358974 0.11249977294794 0.10350463663284 0.04905449699402 0.47319207650730 0.70539769797996 0.80652187957112 0.33870247101497 0.53822732024252 0.89363647615410 0.51123713102928 0.78455211644894 0.63689318493165 0.53741933813007 0.40597284141778 0.59864661828447 0.31538646111344 0.84538501882863 0.59124219609447 0.24093573009809 0.14482479310929 0.28064649998272 0.26508579808709 0.62894946837287 0.80589468033915 0.89775248098411 0.57643715525602 0.83031495997539 0.08646585368189 0.89245604534583 0.77392550610324 0.84455011218137 0.87073786215224 0.89684748017422 0.49967150382796 0.41806705537334 0.14065528587824 0.12065333495221 0.21064786944154 0.87672666947891 0.58676339993454 0.13197144505669 0.76804356881424 0.09627009888532 0.97931160544381 0.79263975747357 0.12902109715832 0.09932894857605 0.93075049670944 0.33910551252447 0.59835517547849 0.33772936944708 0.28076797738097 0.82642202158674 0.21949995632948 0.73683985527754 0.95207815216260 0.93930399453009 0.74917651563288 0.80858374394691 0.60562709238442 0.19197407331152 0.26959399314404 0.29501552773021 0.37576222644858 0.58690714831332 0.02293903977487 0.80539787633340 0.68824544537227 0.51262904438964 0.87114538731627 0.08427262041437 0.66212292484376 0.03297921431710 0.78952631292029 0.82812826980953 0.72542513524726 0.66019113851936 0.38793348148660 0.33305488039030 0.79826235593227 0.02412491924238 0.04069928632824 0.30605935303411 0.33894432652313 0.87952309989271 0.66310091570553 0.85641084269880 0.78258215232800 0.15516912615430 0.93481978463988 0.76572275900622 0.16759394942289 0.36422996810017 0.65028744396001 0.07391318961560 0.41337744457946 0.40286661626696 0.24244156801645 0.77986089319117 0.28524226439161 0.62104695310502 0.95625294394518 0.53114173040927 0.71085784913823 0.55111687504924 0.31954755281681 0.11522187378254 0.58021240953571 0.79824715340707 0.82447037935145 0.67764772476981 0.68981277594524 0.97501804874708 0.89961209038780 0.16914585681238 0.29558690553164 0.60066218572191 0.80938793779840 0.57501691773151 0.25308099253822 0.69524771225760 0.01928482786754 0.84911920682541 0.38987291936398 0.03405218103916 0.77660983480160 0.39189314726574 0.35678943000549 0.71751135280296 0.03442040836867 0.42819908966862 0.46222962605199 0.06040718624093 0.03801628790588 0.12668046564147 0.34015863729689 0.80529018202878 0.32520616396778 0.41662418914170 0.21268597927418 0.65543881462378 0.35099254584355 0.60623351788960 0.43821710747363 0.06473590411767 0.22825302241401 0.53045549584705 0.01773363631941
0.41707065857246 0.54158333642914 0.32214345862390 0.75816333634619 0.62026820862971 0.59892287958842 0.03329840319718 0.81089313859114 0.19310196685402 0.52971054490948 0.23354618787875 0.99665046193200 0.10004163478274 0.68531279338786 0.72906842734844 0.53174040870554 0.62528987753543 0.69341337922240 0.10526579941349 0.87874186559356 0.05213566472813 0.59326137737843 0.97456924189635 0.02206379053650 0.01941267387085 0.49560177424147 0.36318704958581 0.14193133299969 0.77648275114270 0.46685118087128 0.70533779459716 0.42152609955187 0.55074277421766 0.58883608980460 0.98670045056221 0.11110790947756 0.52241030021311 0.38288587435082 0.38674301118502 0.09284593393274 0.93585442600649 0.78834626622905 0.65861444899594 0.04161031417360 0.81532103449082 0.61441685268427 0.11124622539621 0.40507314822013 0.89629256113731 0.46060756151881 0.21569272926392 0.13986844989891 0.81674164438607 0.83667816662827 0.65431416770506 0.94134649912682 0.00513736992506 0.42002881737171 0.17467738224481 0.99768600084729 0.59288168987689 0.76055619431134 0.84548610971888 0.62688026420323 0.31443526243062 0.64586468849137 0.28281535930062 0.98520263627845 0.13036606915139 0.90070636600945 0.34113139539450 0.32104040790334 0.94180326339807 0.66753696635118 0.66146746901685 0.36734893533645 0.92438952019900 0.67624164297317 0.35206353447235 0.79618997795887 0.98856447439350 0.17108800785415 0.74738327918660 0.55130256898065 0.64387356739412 0.95964877307626 0.80231567527017 0.63503193089246 0.15629141483863 0.48554123285776 0.07685617545713 0.24421049868330 0.66835593497361 0.44374201839628 0.65313283411994 0.70191249057190 0.84348496646943 0.52509053369928 0.09616690046471 0.34447429192753 0.60902059134267 0.98111930711005 0.65587941031066 0.36614394009817 0.89591335854866 0.50657198211071 0.86255220389823 0.38570103073244 0.47477269162530 0.65987159142672 0.99314990131313 0.90331743311617 0.47348334784985 0.90109641126832 0.94995596170595 0.47214925893425 0.77940663170616 0.58372199579561 0.57344406301263 0.42970561396995 0.15580784953722 0.24226243066290 0.99167196737039 0.12015536680882 0.00906163730592 0.00764411070433 0.81220705589543 0.81801572792229 0.69335731285658 0.31345518777458 0.98266084560456 0.98094455975088 0.73571185076786 0.50769288371013 0.67408329869952 0.75358617679334 0.42469842558872 0.64507237449571 0.03874400725922 0.32487592064110 0.93135948381158 0.12242410583024 0.99571810271190 0.09839515262308 0.47671410164437 0.87609990385711 0.17518975549458 0.46477491040369 0.07654135789454 0.91919883063741 0.18606528615611 0.94343306532333 0.95273005368868 0.98209158444868 0.30182081266229 0.76226779098152 0.10116680075478 0.99787464586028 0.00648600951788 0.14614053843899 0.73383480070472 0.71634283483790 0.53636821954398 0.47541847261896 0.43446774633737 0.68977667290966 0.18825921484010 0.73959030005885 0.13625570796469 0.61803139199803 0.21838413230994 0.50178440248651 0.77206344402692 0.40787803575210 0.91671733955894 0.55045461821012 0.20533891087193 0.84842598533838 0.73199471914267 0.48382100706095 0.06892251886319 0.16485837964249 0.97546437345495 0.09063815226410 0.14624414395592 0.22486066398265 0.09851482873420 0.68917690383097 0.99015254387121 0.92379619721906 0.88680658357205 0.64918531071669 0.94380168718862 0.24905243479302 0.82686565814821 0.09266618266820 0.20947326099323 0.46501056657027 0.18639956340084 0.22380067815176
0.25360698167826 0.03358617318090 0.32241970705206 0.49584831606523 0.49134268745667 0.71260454264358 0.81324583538424 0.17563998242729 0.75096568684724 0.68805538947185 0.33296783764957 0.15017928858245 0.92447686403690 0.99934468517346 0.02523218794925 0.12502262265340 0.18691105172854 0.55894580473061 0.04249795390113 0.17945188691351 0.79945125167239 0.73650603468587 0.39404044303941 0.37340348453978 0.85818301517433 0.43367430994462 0.77740978962850 0.55917827786009 0.57624766638657 0.63002298497462 0.25837743172585 0.67952988640275 0.82054719437995 0.61742218284617 0.63736618797443 0.68199731089214 0.77548626869940 0.48491843733635 0.94748305716718 0.60015173335699 0.74383863738878 0.72913546056697 0.42856992899771 0.75855745314921 0.54346248153630 0.02087893425352 0.03233031891330 0.36549517987007 0.13621441311725 0.97264085649221 0.76691626411734 0.53517626666003 0.48412928373520 0.89443621408065 0.21633632164301 0.53881873068234 0.32136118366425 0.45595497176028 0.37621573076703 0.55405433061781 0.82302282755794 0.77697804715547 0.45987852234193 0.08622653002875 0.06993806683931 0.53459837454141 0.33734570282863 0.53948980066381 0.88250497596049 0.93661145803708 0.59417492456821 0.28783363365331 0.42452173902402 0.01661568522046 0.49530019500475 0.84232391099032 0.96582436706581 0.13893899818697 0.46308323820431 0.18275418633655 0.75356746208055 0.71491291601262 0.66519712646343 0.25101381394445 0.77685827828386 0.09068043021784 0.92330171613910 0.11206994573730 0.23763054807673 0.44320526860285 0.88768518663227 0.48816044157378 0.28224813062066 0.24849814935597 0.91691523743818 0.36349369627988 0.15245526710851 0.64036893544485 0.97114831959205 0.84878583849139 0.16119610445667 0.14916628604013 0.22174737045677 0.38246981545274 0.23855551590611 0.35175089150596 0.78253694261821 0.40319860469265 0.92274408737391 0.55649121647201 0.42119583280189 0.22449079545485 0.28561858467837 0.71241258446497 0.44443777828822 0.36159071233942 0.39724648217688 0.23377837877959 0.90333138229267 0.88069260447129 0.98215012162195 0.51112939239541 0.10606060661747 0.24031915905361 0.37380179754754 0.58944230657172 0.81998616618267 0.52590081157613 0.01743871730040 0.85273329207818 0.95393659119755 0.95763507328642 0.54818968157008 0.97474573077370 0.52878209135290 0.37703489185569 0.21879318105268 0.21395876893835 0.24291422856866 0.94778328455400 0.77014525470217 0.84388272692715 0.65523924566863 0.96044734996507 0.30236478115614 0.47924351657046 0.15709817250337 0.19006705113990 0.88801129553164 0.40056079093777 0.18652047218365 0.84339900705822 0.23879809395797 0.31880018576130 0.09667592449107 0.93633242471274 0.39075749602505 0.85619235403362 0.68491202461017 0.98440448263383 0.25823227376786 0.55890950934438 0.45424821489593 0.26101091181996 0.88741831907184 0.81342315359793 0.54267172187741 0.30772291141426 0.04565799151278 0.76464890074456 0.24390240533952 0.32336635355107 0.18770304949158 0.69038638521036 0.97717873969386 0.97937509166184 0.94926688448135 0.97094208807345 0.54230495934549 0.06578989435809 0.55439604521275 0.97815905230229 0.50087595042251 0.98885132909139 0.94348151312329 0.45976004305096 0.74548534982048 0.92523954158308 0.46127537516249 0.44704623054516 0.09270469932661 0.06543025454457 0.43984321990999 0.64032979243095 0.75262834003831 0.30358722725887 0.52403642246872 0.78096613090672 0.58271117519961 0.12394082114131
0.41000418153465 0.81282739215872 0.49096154841776 0.09925480152484 0.99833675829176 0.34501706970102 0.51616143525616 0.07543550426208 0.15859179418065 0.77928469951424 0.33580536661680 0.00790023523297 0.45490203304913 0.05845467950947 0.05939689563624 0.20857864414960 0.66326300349299 0.16319502729555 0.98220883947393 0.71933629511576 0.47037633149027 0.34180677947367 0.64789701874795 0.84283826594329 0.56389280402878 0.79688556844261 0.80534117892216 0.58461805434868 0.28033196902382 0.80827874086725 0.97706752599635 0.96568770253943 0.98496383270385 0.70646105406656 0.03564244678369 0.23756991564989 0.34247704687689 0.56442869391597 0.77096226717332 0.55648787051042 0.42626896496390 0.01780815195429 0.63022004157494 0.21701610856039 0.21282101459258 0.67178889248890 0.46905317154411 0.06106161108741 0.39379697379611 0.27564946542581 0.23158577037202 0.64222021419374 0.55468026867462 0.04181877894800 0.43594855122496 0.63239421335795 0.14468287653115 0.34033693304389 0.47089684312105 0.80804519961308 0.04406262063500 0.94219547136486 0.12198234523175 0.31361649120226 0.65705147885784 0.52380462408296 0.41198375509093 0.38425194748860 0.44505798859629 0.97123495277853 0.63923486717258 0.53241388560943 0.12587917409889 0.24370634277640 0.98981683485409 0.95990261097111 0.13052139512151 0.57900476748745 0.18767112627288 0.34605565646258 0.36680483316624 0.12511239566241 0.80017479075095 0.47320545259041 0.23785351604546 0.69922645860429 0.88180224000608 0.64918939526101 0.44518053944801 0.91115351130300 0.74041505499918 0.01915940507214 0.56410749227590 0.76956622872866 0.13954802274104 0.89510101797188 0.74463559465970 0.79216374685892 0.64429159972834 0.31084712124837 0.67315305623926 0.33182283269555 0.62715410701258 0.34620471920457 0.53770224228963 0.74894295518081 0.48753087131948 0.33881515682878 0.99857784796871 0.30070069992036 0.17240222889964 0.93144193182011 0.99978587527402 0.55147996138116 0.85093646571963 0.46520453151996 0.62671534871836 0.18923446081942 0.47174168897523 0.08341793673265 0.29395612422207 0.87707578665400 0.11701724640096 0.72499871398333 0.45716055622212 0.59244447264499 0.47185760588830 0.05716289061480 0.33202892950107 0.44555042652855 0.93882700141837 0.81421732968294 0.16677874254322 0.22241518721687 0.26589235708587 0.87788972801266 0.51146982785686 0.81145600354072 0.19622568568832 0.39362155810851 0.32226617692364 0.66929141217620 0.88804078790455 0.00577190631143 0.79533530981441 0.92410052281051 0.87057049966045 0.24178315457613 0.19124675761505 0.79847628641981 0.49553101106277 0.23314220772034 0.10070403347142 0.00451587579803 0.74116153133965 0.31568626836494 0.79221169044114 0.14012793720041 0.00737299662647 0.13259634832564 0.83463462048773 0.19751446522191 0.48424228037653 0.11255282625681 0.83090107740366 0.00724677330695 0.05625195529391 0.30449362687404 0.81198420358680 0.64736086244294 0.77550089538827 0.03542341812569 0.53638751362957 0.46796407395564 0.71961026487784 0.87270848700571 0.09474747739061 0.00211269793461 0.90520133248684 0.33423093936460 0.34166504113968 0.37552021080841 0.32543878766241 0.58511950116587 0.64918801944995 0.10228108863009 0.79100109903576 0.77171041603240 0.46471018009601 0.66166257598584 0.66324410985116 0.88305099968500 0.27683663195317 0.94068991335400 0.59120024055430 0.59488113833603 0.21904148926505 0.03415821663378 0.06025491909544 0.97505322097621
0.26100872295793 0.14708407765376 0.79371464435651 0.06674526004873 0.64733891913654 0.50318051886562 0.54087561677864 0.08836575959565 0.87361010367985 0.90355192200939 0.04460661566547 0.19447974000571 0.58040044728141 0.33720308131460 0.08570399763556 0.02708987233871 0.53237538680412 0.04850579823104 0.59024609221773 0.67290545556509 0.59395236818640 0.95369941393221 0.01479612223060 0.24956464028305 0.31272690247639 0.80027711368955 0.82928559100916 0.27451184129843 0.56277396000611 0.23502291692830 0.01693951842787 0.69276731389162 0.94837522487986 0.40308690255150 0.93130155939904 0.13937716742105 0.22152526444754 0.27347688680566 0.88775303406849 0.14320521593072 0.36053201216119 0.01812906910172 0.05231774147639 0.05588664056589 0.13257245699496 0.27911228725724 0.48215766913336 0.64350866721359 0.99719432605994 0.91866637643783 0.09885277651821 0.03104961042005 0.74013622426034 0.05456856763630 0.62170480814279 0.93162017153435 0.54564201918616 0.83216147391357 0.18880170966811 0.94033631088570 0.25693821669782 0.15086193402967 0.53549943905959 0.27081720529518 0.87211875962339 0.85399953388864 0.08209989992664 0.94157698006826 0.51576896611853 0.43134392260866 0.42388735707243 0.66210717427807 0.58981009079666 0.72266824412488 0.22061875928053 0.04631539182668 0.00877941289004 0.00639238420781 0.88209717992918 0.12236507327566 0.58870833316324 0.17440791966771 0.82562688108376 0.47839558400900 0.78938089773528 0.89395388656798 0.31338070572255 0.60421245290304 0.92805445769799 0.33506533409887 0.79834507629232 0.02917144979968 0.30795769864993 0.25459698417137 0.42150101698453 0.76268300826242 0.95479884258702 0.87537503097968 0.94658102273798 0.73526496140157 0.01533696688824 0.70500652494649 0.37375266474308 0.13175526803017 0.70921227978985 0.31022398372784 0.44295544414324 0.08798278274459 0.11787663092745 0.22411003323890 0.03895147878348 0.54279646273560 0.18463072980905 0.14528402011995 0.03993011079700 0.16247996830870 0.74980998094110 0.40753660178728 0.40687986451188 0.14116357937799 0.51762816813354 0.25178752448384 0.20616469914143 0.49090397965991 0.24992625294082 0.18584984870212 0.69987747661832 0.97622211666083 0.69965773253354 0.29188329868866 0.36467916667359 0.31191787814335 0.54803772040060 0.02802340493557 0.97048347637037 0.78040417160613 0.21655975774149 0.25362164877652 0.12743631720251 0.91193988778903 0.63122895547112 0.99946806883375 0.54924862265934 0.94300440366705 0.99146151973998 0.60632169575945 0.67976656877398 0.41166034278256 0.88500863743319 0.05985156856815 0.53169257249537 0.70255217827473 0.12482428818265 0.12253278595946 0.33951478593001 0.35037939183206 0.01387970241435 0.23621577012266 0.23459455336204 0.48897974552779 0.17931563044138 0.57263526740341 0.21377945264032 0.42389281642419 0.60101869556237 0.93349733199607 0.55410403212334 0.86865399580654 0.19225448603004 0.98624387362615 0.70907962487206 0.84910641573238 0.43168448762116 0.47464948910501 0.25259391141526 0.10817109407989 0.62747808678711 0.77846055352032 0.98591044523769 0.07203868665715 0.23596990674585 0.72158991148493 0.06234435552782 0.19243612699155 0.63048354779140 0.26615379158592 0.41289530113330 0.74624291498319 0.45121472774862 0.98549300591295 0.02778493516105 0.21699777489144 0.11202104519688 0.12289581979185 0.38486808163861 0.64418539864695 0.25112092011546 0.34531724251635 0.53899778093193 0.40733883062886
0.48761342647943 0.70784609273573 0.24745560076656 0.99677374715290 0.44610098158084 0.05549117516780 0.70214518080979 0.71902728954909 0.98165324380425 0.14811643474495 0.65506500460543 0.63640275995630 0.16825047604752 0.30127743749606 0.07748676388387 0.89814281908812 0.71643548674229 0.11142319274190 0.81596048201749 0.67172435914589 0.82442786816500 0.64365411563909 0.12150721600964 0.37500480020954 0.26076596645895 0.46852878428733 0.57409577667649 0.87478937205412 0.47125245802762 0.90049812133935 0.73876063779441 0.43567597576006 0.92137094847725 0.11649197104133 0.69602726683038 0.43104019628245 0.88412292120150 0.54271865995680 0.49664589521120 0.16138337844825 0.08037151861424 0.15977825312565 0.10112332388023 0.18120645170237 0.38137569656888 0.65950988588256 0.88671300985396 0.02924385088849 0.57859786791883 0.28752427735418 0.42579997785546 0.49741307132026 0.19222365239495 0.08059524447758 0.30925487616410 0.19085748093960 0.17346842582129 0.64128521943761 0.58059175858699 0.34853445087389 0.04909988835245 0.19984745699787 0.69047865199431 0.17392231134189 0.29464658085842 0.45692201951910 0.83215067794503 0.90377003543912 0.74791297652315 0.60765438610192 0.13715919356344 0.03077956360040 0.08322612949247 0.36494155869055 0.37265953347240 0.21913464763668 0.93917858433184 0.49353457535449 0.13165779257168 0.72943046281686 0.97173492859880 0.32195367960303 0.47534424426244 0.96709934840546 0.71733198978821 0.31458620364561 0.29508843994962 0.46912969328633 0.38174687245570 0.40848582631160 0.14636700861496 0.64845327611334 0.97467192325920 0.93960918968247 0.23526073686280 0.46525679417851 0.31425794638398 0.26086858304050 0.50196310050061 0.89170646196592 0.38533590025326 0.25761983799197 0.04562578864226 0.74225376853743 0.85222985455971 0.84132857302889 0.06562601168291 0.95005142343881 0.09008958272755 0.09709941603126 0.09038962098450 0.48352656337727 0.06304929342262 0.47146104406006 0.50345810100645 0.16725295911576 0.33392594170592 0.70765501033832 0.93274782162379 0.96178370457772 0.89306498798788 0.28590759081259 0.95046458451276 0.95652656292227 0.16795001602960 0.01048723347237 0.89485133858439 0.73308323902891 0.15075111963878 0.17597304180561 0.23658582543018 0.89830460884527 0.45837899426455 0.46382621791577 0.37885421538964 0.13360506482760 0.15690203455304 0.54152645158736 0.69304504158728 0.86962125458492 0.30354192861519 0.70742222457899 0.00425754482518 0.44659349122418 0.62488410486657 0.46044382797706 0.35599789226415 0.96681724358033 0.60110756308821 0.64846313227430 0.28683844471658 0.14803082940225 0.25742312040014 0.09881363136309 0.77111950928067 0.63524785776633 0.29993731805363 0.99978965370306 0.75485227585510 0.66140524031219 0.17063527300052 0.88219421403970 0.98000626666075 0.00915350815467 0.81459150752539 0.33650682890508 0.73606180878881 0.68233957564621 0.66564630996517 0.78196148878491 0.06523192766633 0.65560538046263 0.89971111554608 0.62487910179225 0.48508819425848 0.84436540071749 0.12621847892013 0.89807039900198 0.71260053074157 0.82992075055567 0.49254700389356 0.84933550664537 0.29458268604768 0.23273425547779 0.19651099901555 0.84004101208431 0.44523159844935 0.50655620445095 0.72036175895883 0.40260176129110 0.08639953573774 0.46968747256337 0.80221013914295 0.64437166468858 0.29369640801432 0.04029268094368 0.98395347702583 0.82909767578489 0.94722882406217 0.49054780966141
0.08746506036839 0.49361681881203 0.99992433274778 0.02171628792222 0.19370957985351 0.85354965420141 0.38379549225942 0.48140423954254 0.54562347543165 0.04062736507974 0.38954810447039 0.79307230396064 0.37260833425798 0.56838930047597 0.12970637508123 0.25574074052459 0.26571713407106 0.50817199700341 0.80006242300638 0.86965315169921 0.85190040483630 0.44646998633130 0.00053429574342 0.03565413308968 0.02369990930660 0.10166264940023 0.63897721850764 0.17842665324279 0.58006163183877 0.79920112625780 0.41085141588731 0.13890068152218 0.31936622797212 0.35997599882414 0.96916310506670 0.39515726744772 0.49210500764466 0.72375003543595 0.76982918603481 0.39481408620324 0.60190020322486 0.05019238912332 0.58528429836160 0.99958685727096 0.83431466819021 0.61295910410191 0.25993880155240 0.20070797534932 0.90288427919913 0.92817729452250 0.25552616260075 0.52006552564180 0.18983575715358 0.91256931807953 0.09353745912702 0.43493168741277 0.16115971502175 0.23622743721293 0.44835908395235 0.15654251504745 0.78204355443381 0.19938304242316 0.23044626734021 0.99249072586482 0.50708532185623 0.62433710348285 0.03832562055855 0.33304030803529 0.87233091966229 0.30754647211262 0.92783432345917 0.69946359492055 0.05842073640175 0.96453623405470 0.09051756815658 0.60903946483049 0.92267153308676 0.44536037997079 0.37456990700167 0.87394506321404 0.34462326600970 0.31544089803122 0.03765585274031 0.86722159396613 0.90622231541554 0.46343718441658 0.34470369449161 0.51448488356244 0.73484822216661 0.91897741434877 0.20916698464252 0.83219985966494 0.61176300970019 0.74223216559959 0.88083222165853 0.14392434964892 0.53661740764087 0.24154134663740 0.32794892400514 0.77484275288759 0.88223347410055 0.51536403135990 0.02985710547626 0.02365502570399 0.91802562644611 0.28335701097751 0.96089961988591 0.95043392185963 0.41214738424600 0.43518168864038 0.40859887615051 0.31686219227898 0.71181116439769 0.73121112543593 0.91725122573898 0.77711924198319 0.10481328270652 0.64959275525639 0.62679701112327 0.00657642268351 0.07776804899844 0.18519267890451 0.20849190905153 0.83165246533319 0.70022444931478 0.89348975323464 0.35986088290074 0.54728479442767 0.15903047475191 0.63194106115587 0.24728939274579 0.98680227836642 0.55071486685230 0.18176566780457 0.30986104142790 0.75846504962475 0.37755454102420 0.86113410614793 0.12196143621393 0.97970660148290 0.50320349473804 0.13571664757261 0.59331258684270 0.90217527678357 0.23247168149400 0.68575966555204 0.10496888901392 0.90332249165471 0.05173839314626 0.84044722190518 0.61883376856124 0.79426970205606 0.13223923263272 0.83704185462861 0.18267935535012 0.60866306496370 0.01807870320950 0.32288550887742 0.67408895502912 0.59219775112215 0.15642121838847 0.50152729049825 0.83367343595151 0.91818251720195 0.99604839230974 0.36777076700282 0.35051849654457 0.62091479596097 0.22547573278795 0.41657557645273 0.62089519857443 0.02620265887191 0.63268182721586 0.41981858812836 0.43517930762782 0.73546407260481 0.06594013650789 0.72993731917919 0.54766923031616 0.58358143501768 0.68453537574836 0.34648885081116 0.73721565678513 0.21940262298073 0.50668151590282 0.51329369938434 0.80513954123214 0.62688136617302 0.27954779513364 0.70143981264648 0.43166997206866 0.75167930952351 0.58873358922586 0.37315211797642 0.63131308282504 0.47580794373556 0.56459747874302 0.31645316862618 0.40162071347860 0.10414194203030
0.62848802961969 0.41784268150644 0.97026858049550 0.23480372028319 0.25610517783273 0.85823855259676 0.76462074705564 0.41762718918016 0.06428409179862 0.37207882214670 0.26830022522259 0.65072540449894 0.72039145866073 0.88051784991744 0.06029863681520 0.11352017290147 0.23562871112642 0.69473692325805 0.76271993027021 0.24530146685163 0.34921000476581 0.58000095713305 0.76540360445695 0.39391119747650 0.33752971999758 0.77085696579768 0.34800362191091 0.66808632754817 0.85446951719263 0.51716467888826 0.24507411279280 0.44090414703708 0.57921814209488 0.84102041880922 0.88614525699224 0.31972271926092 0.95501054263757 0.11247678299561 0.60062439175632 0.15830449907053 0.37567376161391 0.25627895178517 0.47360665335693 0.67723825743445 0.43114147662834 0.06789363780021 0.16339003158130 0.03399178394897 0.26528785749071 0.35138857740981 0.17777945942361 0.06204719950292 0.64752921338779 0.35354053605953 0.88686630997847 0.31508592584162 0.73243519958031 0.97048337607380 0.10222618474782 0.84271157256084 0.15643479117097 0.93319696429277 0.64439261730424 0.78448963969399 0.07355203663426 0.05567562496642 0.61303368171155 0.64480058229885 0.06513627678705 0.41827744662993 0.88887842693743 0.08759798798249 0.74830293684716 0.08704770329065 0.62446274665296 0.67827029507324 0.34236395645943 0.96915438134822 0.68607535835137 0.83139013252016 0.31151128849560 0.49732329739227 0.87838175950579 0.59073315128005 0.22966573458156 0.83302079061284 0.56097121580718 0.61223245284816 0.77505897351561 0.17379442494246 0.71887972512629 0.85814312410990 0.47773933407361 0.50024394300409 0.08087682632806 0.47300370628455 0.50368202130752 0.75693287864937 0.20242919712123 0.13090838229717 0.21117890922498 0.02780776917080 0.85162779183942 0.85527856150256 0.40308895887683 0.99290758859990 0.03055553495243 0.46534373426011 0.30089877980958 0.78813965468297 0.40228632771412 0.93405575898270 0.83260377892841 0.53950441761223 0.48587605609207 0.47938045949691 0.57755717337739 0.26202643984239 0.82243058040265 0.91357657061747 0.83650648530795 0.24843646996892 0.08710844747137 0.49637537988250 0.86332421535701 0.15358608962672 0.48095079410873 0.60790515279491 0.84552168406197 0.70301418374166 0.17038404205733 0.28147516321407 0.57731238394437 0.44821341228349 0.00786170691615 0.37695771047192 0.87148644233456 0.43488404757094 0.68967121090703 0.58178225047898 0.46576874710293 0.50288664179648 0.99003002590649 0.13491240577820 0.14520666573907 0.48629759603378 0.81684696722775 0.65889265851930 0.08211502596229 0.03596018724625 0.20065237296885 0.67694213269796 0.84218306417673 0.29234686086051 0.18678408979832 0.34558438930500 0.62522655663659 0.57484207938242 0.70172478545304 0.83396496923149 0.92299077838932 0.42403691611904 0.63948720905365 0.53386077679764 0.60070081134036 0.50850729460263 0.41000774439644 0.04668867840816 0.61869939446903 0.32406522276715 0.75156210432265 0.64756952577133 0.08873403778060 0.20413086252149 0.11774838462577 0.30304616980589 0.32326734874306 0.13763934117137 0.22241508914804 0.88271912089000 0.89835626562237 0.14407452662727 0.45008215230561 0.63666625974938 0.33078908926066 0.94517616839884 0.72360257777145 0.91457002241783 0.94760848509326 0.72256834042792 0.67103666117429 0.18412034281984 0.00352774817480 0.33533910175536 0.25451534137757 0.27615267752042 0.85730592332466 0.23481197918546 0.13815660460219 0.59192253708207
0.27697278368742 0.61259001937067 0.66282687133322 0.57501086891356 0.48244968388439 0.43043954040807 0.43986422146101 0.88942548953451 0.68340254020187 0.98887288942957 0.70087602955143 0.84711843633076 0.05868700304107 0.47606707657150 0.17711875447690 0.06864152075395 0.36981458951961 0.46447759217476 0.34974572494790 0.69805043514247 0.82215842455377 0.41375590053415 0.59289022269455 0.88457435671883 0.36437729406905 0.60480419762208 0.40710302439666 0.33347036000879 0.03460698414638 0.43338017102926 0.30679045856657 0.84842002961457 0.00381861973987 0.43499456171625 0.01635424805511 0.73711538455365 0.61820356929823 0.57189111034871 0.48463362648793 0.71830381231493 0.80698027809997 0.48841220858151 0.17704761792340 0.18096934758389 0.87802460707078 0.07639961624730 0.45955448327346 0.50668347304763 0.71252467286270 0.57757283064891 0.82937540885280 0.97415820692971 0.85294340878225 0.66179975578175 0.10622909342370 0.84067068172575 0.51768340072217 0.84167015681435 0.78405536921825 0.70846621282521 0.56690954507249 0.18247770583885 0.21782048942978 0.40690167527624 0.06811181096409 0.39159211340533 0.02315681708558 0.48894984330059 0.77854062131826 0.38268156648130 0.93290068351032 0.63731773766748 0.27701091772156 0.98944901785172 0.34108295656170 0.62426723864010 0.93865687841501 0.47804174258200 0.07739023498500 0.61391260501208 0.54129865884063 0.84504425535669 0.67269327777258 0.38277946168700 0.85551551201266 0.26909087255755 0.25783265789604 0.10418229087976 0.77948877275183 0.20294165348400 0.42296449552867 0.94581901788820 0.40260758138713 0.23030486191907 0.44424455284948 0.37600377600292 0.99978105518546 0.24651400585181 0.58139709316384 0.67773522577419 0.39788857305915 0.94425766838763 0.83658797314343 0.29694163969626 0.03097243728088 0.70120915105955 0.37998776406087 0.46216468239733 0.52739099402833 0.60212326710508 0.47685373486747 0.07331930088651 0.49776079465787 0.81443073533125 0.26791957166152 0.39870736563529 0.50385623877815 0.11755601997454 0.37940900165153 0.30664157346751 0.69542566886931 0.12182447615040 0.80922501624564 0.77654427536507 0.20091176043467 0.44173420581378 0.06880112267871 0.51041090274698 0.46510223763197 0.18322496747846 0.48297528167372 0.51019273840821 0.31716851666467 0.66664883974874 0.72960129270374 0.61872425610791 0.79915541100003 0.89835610373372 0.61623103939583 0.74051847060909 0.31422647855436 0.31371586774725 0.05786016406779 0.40396257161627 0.23636110916280 0.87212348420741 0.50900370940919 0.97575749629171 0.93800965529567 0.42493114530574 0.45843796555548 0.93553479001829 0.05708042215518 0.45211298910214 0.82594618268369 0.43879973805391 0.46113268011624 0.94870055994048 0.30494686273637 0.34881166583309 0.67595142896977 0.27978329244150 0.13109300094359 0.92272203799074 0.33235110381852 0.58461078092613 0.94520733839089 0.81970889712866 0.35390749818801 0.04568201574334 0.68878497304658 0.07869123423668 0.26267650787962 0.88766839073560 0.23719044385850 0.41057922413427 0.18342321438479 0.55344040319898 0.73723143680833 0.08637400876019 0.23247345891384 0.91640865398975 0.14840402889380 0.31538022359195 0.26202300472648 0.77286687527759 0.02864022602066 0.18364201343376 0.11540202877942 0.27410757972540 0.49399987759124 0.85676095468718 0.71441199054308 0.38109267493545 0.72759735418400 0.96701483863858 0.29511989951519 0.57952772778699 0.98369328715230 0.06601707539761
0.50572854485288 0.86416743239353 0.56352534864659 0.34162159878079 0.46468745503601 0.44293213741178 0.27903514875839 0.55011878169481 0.89320494820195 0.90749515586260 0.06491165929085 0.16559201244297 0.95921293886982 0.62010370511864 0.28154979058416 0.90520866867363 0.48646847632037 0.72812590883629 0.17978899673716 0.43989080831774 0.95582292700567 0.13670751053390 0.73561694524131 0.19240648967048 0.63616408837314 0.44880498270338 0.60343092139405 0.27635738788756 0.87570162813465 0.66382990065069 0.83408692215479 0.98491087821281 0.23628233278616 0.37556300824943 0.51351599869479 0.98173841993317 0.15602215385379 0.75629955528602 0.39078385110198 0.32265167393787 0.84100010287171 0.22877137802455 0.34018514560592 0.96470053375888 0.95936770763792 0.39647249862664 0.42968966375605 0.92352254604527 0.03828960873819 0.83668779339958 0.26670514466675 0.52468596939987 0.91296641515345 0.43023837102709 0.88488481557278 0.44451371341576 0.09893806429570 0.63156458201289 0.88648714128100 0.49364000791498 0.05487789406551 0.62378316733130 0.69962163265641 0.81875296760559 0.41193945113542 0.72501480637837 0.42100234336103 0.63693477950866 0.92344404045834 0.31363927555446 0.21877601491850 0.67190909788889 0.86340132657083 0.57970334277136 0.71421164444440 0.43081485537800 0.44644863801210 0.71710106680858 0.67310799984321 0.71990710886784 0.06351618378297 0.16229450288281 0.59561516392960 0.03756442027089 0.01084032713070 0.65879777501631 0.93001419168277 0.67915569145456 0.37607464889227 0.66293901818820 0.29646526367762 0.43911881052093 0.76788718350605 0.72273388532752 0.61021317243876 0.98909017190792 0.98365234708505 0.89259453084924 0.11211755027806 0.16315677572675 0.10089023394273 0.45835625248058 0.65505683266464 0.82190363376824 0.51253497741485 0.06647763129122 0.33862362460827 0.30184752224707 0.47872733011147 0.32181824383046 0.25570034359880 0.05154373652315 0.57789023247405 0.84885967050210 0.32512556269095 0.34243044299026 0.87615431939290 0.76618200754776 0.09178597111851 0.97757046785262 0.77175296114430 0.54351639865300 0.90382206934603 0.11925292200732 0.03077198535039 0.86381622660348 0.64482679620683 0.15206845472853 0.04024476828707 0.80969413891012 0.44095511538441 0.18676096768142 0.19656037521915 0.89576562304310 0.12279154096092 0.45212798508872 0.22502931191078 0.64481392388288 0.43390420436613 0.12407083375541 0.26614478400904 0.39180560333977 0.78009768400750 0.20730075480483 0.08933272384184 0.26598757368280 0.34971383085444 0.11442177577987 0.24097920732773 0.27857296930168 0.91385480708356 0.63516426015714 0.07638937324803 0.04869345500069 0.80145060684914 0.95728295120076 0.66792618745423 0.02876461787626 0.78759793100199 0.47197297466112 0.53959915007899 0.61525799751711 0.99453635488694 0.75104196008676 0.95477954782136 0.05334781038230 0.61337535858025 0.23134559068296 0.15314891150413 0.40085032087952 0.09642806009544 0.25856494306573 0.06924332894399 0.73807035067225 0.55244060454691 0.11399912364635 0.78920250543256 0.55956717365957 0.52845300808717 0.37432033795806 0.78276008531087 0.97944140254573 0.26196491297736 0.81484933983372 0.13615668459197 0.23861340725375 0.44106599619724 0.01814428080298 0.16457354642078 0.76319284588241 0.29052571054059 0.82718186162463 0.84686490264077 0.16128924549148 0.36098970559845 0.32899843187504 0.88609278090356 0.24264834366430 0.13264883014390 0.40571697640487
0.38246202938300 0.86947860693539 0.27932464148606 0.96815503116784 0.08883187386168 0.56330075555815 0.24016388417422 0.67439216303815 0.01906127257410 0.52224871531085 0.17718239012905 0.27082370594869 0.96162013038802 0.89417948667866 0.03527807527479 0.12936750389236 0.43803797782439 0.30329444142397 0.23051826472974 0.01769785808268 0.13037510005328 0.10539332841908 0.69243644853194 0.39322005932566 0.10492632382050 0.99681768856739 0.35655193497020 0.37327960770995 0.88672099487009 0.08512894339547 0.06934660796691 0.07169237060383 0.56699472404364 0.12141968221223 0.71462907165642 0.36391843167238 0.07659935354809 0.86150165976409 0.21664834453835 0.27569649307285 0.50822906119430 0.26377644250393 0.06564679967111 0.93423449895314 0.10226815032391 0.81569790553107 0.09182214361408 0.75094339313702 0.10208023735974 0.97990870854094 0.70493868434126 0.97478929482357 0.77790069552098 0.05536821136291 0.11806641566582 0.67030890396548 0.86030286650229 0.37310543678984 0.98444137292647 0.95745728433970 0.23287556901067 0.48698215238886 0.22190023034770 0.00894671592001 0.71723981654344 0.78227317506904 0.80886836787715 0.10077100606920 0.92767714906352 0.53934543179602 0.43614266930659 0.15555731327100 0.52619444147838 0.03947573490927 0.25371990454039 0.99097360533519 0.44521642639452 0.61624297062061 0.91753823285565 0.17888900098411 0.10429667437610 0.85229563256335 0.97801854609765 0.94998023542692 0.85892652263411 0.94454572513774 0.71194472544709 0.27822767416118 0.10481820101689 0.08720753037944 0.33647642558691 0.78076288330040 0.36394330589237 0.67036126905400 0.22446325217892 0.38430173360098 0.29139047919202 0.30247179799183 0.96631610513080 0.48118493828693 0.65572917245906 0.26680086709898 0.86382147538524 0.58567913042184 0.19453636733189 0.82169674981793 0.87133162597686 0.33872017225549 0.45201515984114 0.05694087099771 0.57631132810240 0.37866044935279 0.73074344061389 0.56341964038055 0.29194797057285 0.60119033190963 0.93583190010074 0.43468756538532 0.28617748708372 0.26948876051581 0.16856746929249 0.40071166182591 0.12574348044484 0.77293471999407 0.28898187127470 0.79828646527690 0.17831490291256 0.13525133421186 0.40294372743602 0.53862918707780 0.11057021754190 0.80081984734098 0.25352498094561 0.00121394680494 0.90582055401803 0.87123122574592 0.33455732487374 0.60723825445681 0.85811551635425 0.88260242401615 0.36578726938541 0.37772426448554 0.00530718208667 0.44297576830105 0.43220174288680 0.40323972985569 0.95125291575807 0.23363922442883 0.24943589074000 0.54934768575354 0.70051716315482 0.75881320719120 0.85293827204277 0.21212370361498 0.34554332340241 0.02778650158192 0.76479400897879 0.99407331174237 0.29032562189361 0.54411377961511 0.87662279159056 0.45948860492698 0.30471447095198 0.36344451546119 0.66707397445081 0.90371809759685 0.05073099986629 0.47865313754314 0.20248022188310 0.89545866104349 0.80608105592573 0.63273464803614 0.95103562252547 0.97649164099767 0.56641182538621 0.92278949844653 0.86189154437852 0.07903072400929 0.48446158355105 0.84836597484880 0.40651011144315 0.38589694003942 0.43221633884469 0.81430391680399 0.37519761589425 0.18292520136607 0.84348104318690 0.54026551562590 0.82749518077416 0.49271926291666 0.02204999385361 0.78200361612887 0.35803783126052 0.46991846858325 0.13361725924189 0.83882364101379 0.98023968086516 0.92547230353234 0.88911019019136 0.49478235294402
0.15989749600609 0.51911842078649 0.50400250671798 0.76339148240318 0.52038576223485 0.79220275654570 0.01881462610075 0.07414945990588 0.66860412162234 0.89902649916555 0.58120661221304 0.39330551327000 0.73592351690882 0.25582468446205 0.41752968289712 0.20543881752734 0.13099372516332 0.77934095545946 0.66141250572611 0.35703040382200 0.29573426171694 0.15091858950677 0.34735456269541 0.10119974774660 0.78299697259948 0.02802065701801 0.60512280124560 0.35851939861446 0.41947743822923 0.54838577464694 0.16249822072693 0.37045540821267 0.44140864133056 0.78775693775379 0.86090181437452 0.17429981574363 0.30798050092818 0.93570364168779 0.56912732154039 0.48854925050468 0.43364872189332 0.24035441355476 0.12796760597297 0.88439648103292 0.50593128634763 0.99808771867424 0.67098067915495 0.41091868731990 0.21920820422372 0.30334635717735 0.56841145373477 0.91640609089051 0.81546313189957 0.70212900252514 0.96043302915469 0.37098814086925 0.33343487584903 0.38283969894209 0.04673795759599 0.25164058006165 0.71833242043179 0.39713990179683 0.49800337660080 0.18567393214225 0.59332983506800 0.21792568865283 0.86221128769775 0.02445532788427 0.11653491230639 0.12180688831614 0.13519008858227 0.61459350996881 0.78148631518636 0.57443812193374 0.50157570459322 0.90820816345735 0.14001535593541 0.17677386716061 0.93457866539510 0.08942766864895 0.73889257202865 0.68957547883208 0.81171811941487 0.57974167096648 0.67319988623057 0.75688654096784 0.83556921122695 0.33024020846140 0.00889768336910 0.71608338713419 0.71185088463957 0.96531467337881 0.75755738313780 0.97525540837072 0.19825977669794 0.77354728275485 0.62829097446199 0.79981155565027 0.80527137704338 0.71734003758064 0.01462906751090 0.78627437519360 0.95772496595204 0.68028115971102 0.41753494907978 0.52833034757328 0.48769402132655 0.17672636527956 0.12444966451390 0.27990064679958 0.79296925948911 0.20649515320078 0.84585992188800 0.38911801875838 0.81460600272531 0.60019214992341 0.80845686185049 0.06533619450325 0.66572797451521 0.36618988664084 0.11087482802479 0.74594270963227 0.71863843721369 0.29402184086180 0.10594032536463 0.85537817565328 0.78118309366487 0.72372434271049 0.39196119840692 0.68093169501022 0.28631474699802 0.39618886698601 0.66070999780197 0.67178785061927 0.12324609832430 0.75995188563802 0.24692157657254 0.66392389922576 0.16903467715596 0.89015424065920 0.62272656340404 0.44409895571821 0.85556468490494 0.61381843860160 0.00877905839900 0.69432111149918 0.06176399907476 0.03644983991061 0.63830499111870 0.58883910868011 0.12583851968710 0.05092306781387 0.88114460093836 0.89996649016499 0.20638268895415 0.45138892650804 0.02736167666781 0.60142472770910 0.55670039382765 0.15528289106718 0.47621110979373 0.59809135350692 0.13387021094948 0.33662051238532 0.35385767439091 0.71460493402016 0.84468403040973 0.39894698182360 0.03006002716002 0.06472947892860 0.34061941942094 0.88140100454887 0.55461578377086 0.13515074475760 0.23955977572783 0.80954864416818 0.93456862811218 0.86691032510539 0.07466098078598 0.74031115564015 0.86587955814159 0.81657453579186 0.86970988618063 0.05277831232475 0.48955221046587 0.31537279953537 0.39319344851083 0.17865936519847 0.35591152310832 0.46064379762273 0.39053280189886 0.62881065152141 0.36720764174609 0.69316162830062 0.59362792249843 0.08577502785511 0.07191041879905 0.09390323367898 0.41236491890452 0.47585353075110
0.54344732127081 0.92308843135181 0.07784217407549 0.87948557744667 0.59471313575058 0.04668436256502 0.41966652750864 0.93484931524413 0.12237576849737 0.51215658972934 0.75693321589285 0.64426339738375 0.96251276423957 0.50810221206325 0.96872213027759 0.81507173988021 0.54972296388530 0.74041443255660 0.29658188939930 0.00328742926009 0.68225616585312 0.61208518956473 0.27426571006508 0.60677680317495 0.21074675977737 0.31392851344311 0.01019634877618 0.02114313758446 0.43179714617472 0.97504766585325 0.86650291705492 0.47393359203803 0.80613690911828 0.74677508298776 0.68821433716218 0.45713675441896 0.94633917406804 0.95125713997924 0.44663690269543 0.06187613751956 0.92525208065728 0.47734221643451 0.85250358570409 0.46336355922312 0.34257889422619 0.35122873299742 0.74781425838849 0.75279997820444 0.47663792797531 0.55930018457222 0.52180488248911 0.57991567907544 0.37275983868872 0.26691112925931 0.48520589236942 0.45237346140484 0.48619604963436 0.59090374994111 0.76886531354634 0.43218900247024 0.08685155603513 0.75303735567386 0.04582098784209 0.87801820039357 0.72192659886030 0.36340678277186 0.01401877887247 0.99803503523406 0.44791218796555 0.38862819394260 0.00093252515065 0.69445998744292 0.92729832217433 0.31932668991017 0.17525569324719 0.34821851244488 0.30543912413864 0.38552855874120 0.66070020393834 0.92221302134670 0.86910476756250 0.31361652093104 0.15076462390423 0.16618947195555 0.34503605045305 0.13849362830208 0.00943297003952 0.65472172916668 0.42301343003223 0.94507890823246 0.81559724796065 0.74675045623701 0.47647588489167 0.72141046483942 0.88606299274636 0.36327152407572 0.86575787876725 0.79908177392469 0.14138826802271 0.10722383176639 0.29661043178486 0.50626730538050 0.19305912440208 0.92187931770784 0.81149529647117 0.35110733568517 0.32444030028301 0.47814110553512 0.69956078493409 0.47166012184748 0.42347792805905 0.37015144303805 0.03320681405327 0.18000675344110 0.78967949600678 0.25697770340608 0.81657718507507 0.70191906416911 0.95865280601783 0.99816724741788 0.45912389550845 0.22442044452971 0.35275177965552 0.49047446631015 0.38335325064931 0.61914024128873 0.66972370895827 0.04703410530848 0.37273196570676 0.67457451536774 0.99960730453436 0.35820964022789 0.38770668846508 0.56645674958277 0.46833893655326 0.28562671459292 0.82038119133484 0.42198158535898 0.51942533637124 0.64024600859010 0.35952446922980 0.83946355320171 0.06469450374643 0.94985475465705 0.31347580842188 0.67902025076196 0.71682653677225 0.07496209414521 0.46828317906856 0.15857812810335 0.97502554145310 0.30462965967633 0.57243009968978 0.57532956976324 0.33812922025187 0.27609551235460 0.79834356403077 0.60567541130984 0.49465286755568 0.58302543464054 0.25424740578369 0.21252946836942 0.93532878889126 0.53314785010067 0.02769136185218 0.14630564678341 0.54455711481914 0.83782797931088 0.81727526666028 0.42334496739531 0.98402558022014 0.62697279233184 0.83544438020108 0.62385418486954 0.47167975851471 0.46057915795355 0.21947669069565 0.31124952635457 0.33515186436805 0.22782611170159 0.16679135295884 0.02284912726851 0.23165339310098 0.85043720977664 0.16432187129148 0.85867753706323 0.06804419373914 0.67119303694631 0.36372287832927 0.36304942818329 0.77342548091274 0.27389630042024 0.64472258546936 0.61844820873619 0.50401445380269 0.88022377047119 0.83945054304924 0.58865116121440 0.32960306502434 0.50209614591238
0.27185549500865 0.65052828862155 0.29571819146230 0.21054438541797 0.91786444741819 0.66863706372404 0.25722184544239 0.76187698028748 0.55722706752914 0.26807870391753 0.50520886294181 0.22123766013819 0.12882110548012 0.66161916520930 0.87567849865114 0.00636765936572 0.24335258293095 0.50909714217722 0.48051463397391 0.65539608187371 0.88684269288395 0.00537161970093 0.62332727928435 0.45295953411869 0.87724987689318 0.22339252425159 0.34780889770714 0.21640147203729 0.58185201282956 0.71233779195092 0.91262945855691 0.50361389845454 0.18393434985536 0.88094330050662 0.34280545949938 0.09679654710634 0.52895127108862 0.91936623089196 0.26504305930078 0.41163411099343 0.35322837559865 0.02690617034958 0.82669362672995 0.97386027909439 0.73259127396204 0.77838291897917 0.50753900597313 0.11182711887392 0.27713981817616 0.29789970974914 0.08850261687532 0.34412204914260 0.95545461365347 0.50127615391233 0.47210934834903 0.55290236758349 0.85252253890605 0.36590797892098 0.81614145648028 0.44534722218746 0.22171055189336 0.56528886613874 0.79725733022065 0.41832323869784 0.30706892835356 0.97572948026301 0.49960562985626 0.18002203109332 0.52588672324938 0.10448398957803 0.69718527751930 0.21468239715090 0.06469657756841 0.95935705559638 0.82129089421949 0.95597546820415 0.86833446851647 0.06680824707295 0.93906822831012 0.75223380882335 0.47141460005989 0.93170666211135 0.66472112846241 0.00484376940267 0.33384968738092 0.53885656292833 0.11640878399100 0.24977420877951 0.12803201932884 0.11570057181010 0.03704311723950 0.63173584828017 0.80176861225775 0.29815172962550 0.03573818367705 0.20918920411849 0.63564759807468 0.51251700499519 0.28727807268393 0.85479074933052 0.18310817296497 0.51148753699798 0.10343753252484 0.70660754996510 0.97511820505221 0.54673335466229 0.59164941107058 0.68554343149496 0.65217805443916 0.24651853884335 0.94663442038832 0.68591576284403 0.17836800077595 0.53544738517473 0.31492508371795 0.12967310738415 0.04814410556462 0.32952903021406 0.72397070154859 0.30515196701652 0.82943540876051 0.94455138514699 0.09821691513352 0.23273566511459 0.09417676317403 0.46412695943539 0.90238073938534 0.58605667476335 0.12177638124444 0.98914520210097 0.61545632746480 0.91572516117490 0.04445664724014 0.42754173084959 0.08450741571305 0.99598940539134 0.93765787013378 0.74631052236990 0.94508172502847 0.93347112488242 0.63068984579299 0.60113707614502 0.69099343116463 0.99564311743908 0.87648762403148 0.30087776121273 0.34255698568421 0.48730207678878 0.10775645363064 0.58846025051472 0.04817968666803 0.10221712005706 0.31354509973939 0.56466437883526 0.22422030769263 0.86487897175662 0.75840943342870 0.98623941293438 0.31399435765308 0.29428538013317 0.83265606131581 0.57578152772326 0.54834623631995 0.10185139492840 0.56465828659597 0.61524898037341 0.73634063571618 0.65587252100236 0.85607838237539 0.03284903445595 0.85375213989588 0.76874635836812 0.40387195182608 0.72710726286363 0.38910839730884 0.26563200138160 0.93373512210535 0.63674497893300 0.30105563647565 0.53092518287810 0.11532329563500 0.06264183966100 0.98029491874603 0.35528273568452 0.64807221714943 0.35844242680427 0.46200122778512 0.37843334254809 0.85851145579609 0.60641526623408 0.89536202060157 0.41015120999596 0.81402777838923 0.41322222947482 0.67312722733244 0.06245173667705 0.47640723930441 0.98945731863501 0.45779520464900 0.22659509134138
0.83262584367941 0.70459844784936 0.52441541280279 0.61307071053162 0.84844849824664 0.10206940999478 0.84237629661454 0.54901610278781 0.04232733659886 0.45050342645449 0.63141913468891 0.32576060473195 0.30966999993772 0.69747497278617 0.01146574871908 0.78707999900154 0.98637114291950 0.17019472029744 0.79853709019734 0.68459633769923 0.16896446001828 0.93720182563820 0.59005370789219 0.67640535726615 0.54698481734543 0.23477969964962 0.24194343074206 0.54836637667060 0.01371407849406 0.68900407068488 0.88059380507082 0.10321617303020 0.88499354388020 0.16769316967363 0.17689704575361 0.01861354401182 0.66242699843376 0.41203269845721 0.08950294278784 0.41394922590228 0.02651293971269 0.35416145528226 0.92847360729609 0.06925276520952 0.69292528793928 0.77489340641866 0.28041763069661 0.20515011307440 0.16678766939752 0.69248482516398 0.31676206486455 0.29926134909897 0.68060952962546 0.25851904085522 0.86566426072274 0.32627795146989 0.33575715959393 0.63217580419662 0.13121080353704 0.02017028898639 0.42937391726107 0.87606728219036 0.50311943862907 0.29119533565361 0.03180696783537 0.04764587906916 0.08843944940513 0.97917519406725 0.20840041813699 0.79466107266300 0.91154999826296 0.40158014860246 0.01730207935803 0.53493651058237 0.87193668802408 0.98343798261669 0.94748575824336 0.56628866950842 0.46305687630427 0.84830962301940 0.61747153516267 0.62803066825391 0.49768153756578 0.98795073731550 0.55213029379484 0.36492971379784 0.65877747887777 0.54602674748605 0.15954336551068 0.15430953245438 0.81351020492768 0.71702008924146 0.55283864429437 0.69680291693427 0.96342565162701 0.28095527234218 0.57090409623206 0.13562048900436 0.68237857564037 0.05145242451544 0.55153490623408 0.65648216607684 0.20680306569920 0.63102925700738 0.39457836876146 0.79930844138787 0.98703561657398 0.35495910779139 0.83471742552817 0.07403938999237 0.46038129703859 0.18626743442674 0.69470009471416 0.97840376096185 0.12890366116732 0.68432793545955 0.51900473425394 0.72955847338078 0.93934616380671 0.50742066892308 0.15482140399290 0.72958052193648 0.90785922354635 0.85991265405687 0.83679283192893 0.03308606871906 0.62423933560642 0.06235982814600 0.84681674175272 0.63701160700598 0.90328622913249 0.77046146432276 0.85928729870871 0.97821183894076 0.72960103538554 0.46333839265259 0.15786131291873 0.14194239345107 0.05318842233841 0.96561310631470 0.87953071883002 0.60918217505642 0.46560860316022 0.89770184338748 0.60485375722265 0.38705766580925 0.89759998885759 0.56731480604916 0.06303294532774 0.43574637531150 0.06877412755925 0.90725173860333 0.12953509348910 0.33792793391524 0.11346142836931 0.31448636130846 0.86345044055586 0.42307234877514 0.67055490553466 0.96410264337604 0.75177951216268 0.51948167646950 0.30865861684106 0.97254731118866 0.41535323904969 0.05330349965326 0.54626314018667 0.80769229425282 0.17566244290604 0.76809742381216 0.83250063063663 0.07031146317927 0.96088325605616 0.03462432262878 0.12805600717297 0.43465085620145 0.49380433754194 0.47609458960796 0.36514910776954 0.60826932481582 0.16637496792847 0.43987589022761 0.46347320494849 0.65564974545493 0.57931309228245 0.07465977376103 0.34614826978083 0.08324221851469 0.19849455432386 0.36042971217502 0.27920760214144 0.84810145991827 0.45979865821243 0.36869445516647 0.11980287238610 0.87783684533064 0.55605546050456 0.51615764604801 0.61422252952848 0.95533564294667
0.05284488746735 0.69762602667650 0.92005631539959 0.88893558203045 0.96963009732082 0.37401793757755 0.52058871400238 0.07538294007615 0.93734710145595 0.83864366982715 0.07905856255839 0.31420407643506 0.14356796977919 0.38749880993868 0.76164700154002 0.42535909277248 0.65265399667318 0.54363799359214 0.38401013860721 0.90811537347296 0.26199948938996 0.26654591838709 0.83102863379332 0.87156921433051 0.19942980550408 0.42739932232341 0.19045680014961 0.61075078608289 0.34133189901762 0.60861312324727 0.97177060298259 0.99358318862380 0.22614001876247 0.39368198363923 0.59201943823310 0.58580577372040 0.74904829633024 0.75187918445323 0.95964089572070 0.42295010055181 0.37474343373274 0.17088088404406 0.95812726119272 0.66939179253527 0.31544146972468 0.03429067461385 0.06538695806084 0.18104603931615 0.39341633803999 0.32181800802026 0.28519325860031 0.64852073905762 0.94178898245119 0.40755940242187 0.15811395166653 0.26475742635390 0.63079790304901 0.31379036951566 0.98922596076358 0.07753493996408 0.58938909958654 0.62652385589887 0.56997880137094 0.72235576836866 0.94806724563801 0.28410097999115 0.36010279746698 0.90294577016182 0.44273897577728 0.91617230026187 0.31068092234919 0.65468140746538 0.14006072678046 0.57863372945788 0.97110446079254 0.45169938660105 0.40209700416192 0.27848824340085 0.72821024467742 0.81125102072762 0.19303567413729 0.04729927975721 0.79418760472656 0.94038695956685 0.59121426260659 0.39493874586632 0.63512009961548 0.65394287963897 0.47166490841580 0.91634000072520 0.03493126595363 0.58227426430320 0.40216930739055 0.35442302127383 0.87254961082350 0.07392108720285 0.27331679221072 0.66849044494014 0.06132954687255 0.94825832679016 0.13949684274472 0.60658027799299 0.09611492517575 0.65189400897899 0.19657854567624 0.70163558606123 0.97016600951099 0.59470026612461 0.28424065778623 0.42634700963692 0.70083586787838 0.76543047449319 0.63972217138510 0.74238770852214 0.77171948000949 0.87924088097026 0.19672556125682 0.11776069640977 0.88578025574763 0.30134519944234 0.20671326118600 0.18970067178511 0.30453446098339 0.83420382002382 0.50913265113589 0.61593734419318 0.86424417570609 0.41333165361553 0.61784243926481 0.18466417506217 0.44704522846329 0.27579962792054 0.53727742697788 0.28697779201103 0.50069419640651 0.74280337222269 0.46738854296568 0.98059281564850 0.76305088946367 0.72036772948519 0.25141022251107 0.68142309223639 0.93970707099119 0.69493089289530 0.06610506483735 0.12925575797157 0.16458563564405 0.07124594640662 0.48682566407744 0.16878674082536 0.97714497980042 0.40065380565002 0.06772206830442 0.22010475476389 0.89803421671157 0.86024154246142 0.03235764227492 0.04184316939943 0.55523079089053 0.82342845715354 0.77317009695277 0.89108258571013 0.04724187386388 0.61235166067303 0.99470753234697 0.56510649080186 0.28492637689201 0.09196379227849 0.70995350981617 0.50458514680951 0.45966077928354 0.01263100814665 0.20270708501649 0.96511573882518 0.04498215483790 0.94840435591625 0.10306451824911 0.07938928064976 0.44221593132342 0.80760707659228 0.98956599213191 0.49452094082888 0.83357318469130 0.30375175210549 0.52642603837053 0.23520228488497 0.21729405979015 0.08834461775190 0.22253281920883 0.46727112748756 0.02595643332495 0.33268612733056 0.16403201958742 0.15380155892631 0.70658102795634 0.20821018683569 0.11656314851693 0.09948704767706 0.83360641694656 0.67310794073757
0.99656830599802 0.48828076919810 0.31757665483387 0.42914316370307 0.10217723490968 0.53533528681503 0.44787918739326 0.01554064783265 0.86192332711670 0.62700038104228 0.53356055962928 0.18002878116381 0.95209810714242 0.10050068424475 0.54372608274044 0.12995402276770 0.67392820659442 0.19726113812043 0.94432377571848 0.91851751577547 0.73454834914574 0.62025353103861 0.24758224237289 0.59750993088673 0.98451087717929 0.19699501702823 0.86466451967349 0.39765365190608 0.39322015937328 0.62425328874252 0.21325145551449 0.27248549768261 0.22753597263388 0.94110637744707 0.34273290301247 0.35647985639940 0.87861235938880 0.46971510269281 0.65234886716143 0.83982779014819 0.28569129338985 0.07047570460287 0.77647975816720 0.15304552650248 0.33577328277277 0.20421493479165 0.87791053276368 0.27123528103140 0.60195087234967 0.03526968333471 0.59584726463176 0.94438541834451 0.40861735326363 0.63657286042850 0.88092853161861 0.26312390526190 0.02606221910887 0.48496374091967 0.38498199956636 0.45507212031547 0.66560759012652 0.96732630598817 0.71109389517213 0.12535212868915 0.45109294811938 0.37194021043542 0.33505783360701 0.34233032737526 0.18762981505521 0.81052565285576 0.24438514037934 0.25210536183891 0.10811709825361 0.52226311728965 0.61062552333969 0.68601427863055 0.40751290627985 0.76926810507213 0.74254163160686 0.45930881573242 0.66796011338166 0.32183130416996 0.37453353116968 0.93641906149863 0.71929354172335 0.97358166643562 0.21360872003564 0.67911810461786 0.59481097380256 0.17882294385451 0.95385207021756 0.50627386250062 0.68437410409779 0.72975815261979 0.12260990094131 0.43175481388796 0.86712675093731 0.08929962721057 0.60287604439247 0.34058099736624 0.57716912170841 0.96042934258655 0.00299456323545 0.55491379525170 0.17539987802490 0.12995530949241 0.49661405054193 0.97827468271042 0.15752734473782 0.02030833228997 0.85882535288940 0.39616910600910 0.61831887445418 0.12227083385117 0.58433239152664 0.21828427241737 0.69152774670266 0.38157063487849 0.09381197502659 0.43915870305424 0.55560749203516 0.23581818555388 0.28346373043921 0.77202141200523 0.87970380777262 0.11607330469836 0.51298617455502 0.87767004488894 0.36140981969440 0.91303731208724 0.57957451838413 0.97503762201884 0.60773639166970 0.57598371469623 0.30630336940081 0.45130601672285 0.57657556231299 0.23229095879629 0.93822122890975 0.62290639452319 0.55425735806726 0.54840292081465 0.19615313276862 0.34669008590642 0.41389533397345 0.81267340272663 0.02065284064602 0.84700724678527 0.55688921743087 0.89292182897218 0.96294589922163 0.74337262547326 0.09293826296436 0.57724575080481 0.30912357588285 0.49676483574643 0.17658813041036 0.76350660958666 0.81314673889570 0.98465371476604 0.17500947311307 0.21613159732698 0.14083278620824 0.64001971483489 0.20010431097229 0.72596217026244 0.74389730069389 0.95328992474909 0.27506650326194 0.28725761321129 0.13523481890741 0.15713786552252 0.12220731984071 0.69806030531708 0.26845175599581 0.72089672437775 0.92166266299613 0.98289877899566 0.21865499040901 0.99613996995999 0.52282162032884 0.78079891299826 0.99022760281514 0.56068870622753 0.25308131740936 0.64157870356509 0.97057772326611 0.93596143951386 0.39873044593867 0.80775253704746 0.36157441561889 0.41377548654473 0.27199323460003 0.84241331157663 0.47641862217034 0.41688107743695 0.18559509086926 0.50770358449567 0.78723788641680 0.91033876086868
0.02595957065923 0.06861498794748 0.26225191153738 0.58475067066515 0.78717401931011 0.33155740667048 0.54675170906756 0.87077942391341 0.65993720322998 0.78147459711197 0.45820214602770 0.89470805209814 0.70189021168370 0.51266313979466 0.17708853739253 0.47309020280305 0.46500236835159 0.49678592917309 0.25412378879687 0.17589497413710 0.28993308472472 0.94317970259871 0.51735941340047 0.94450167387926 0.13455722551368 0.20188911102775 0.49157552823419 0.47210457602001 0.37487281936410 0.95225488944982 0.09282364327109 0.96868597246540 0.63834735013165 0.18078779618347 0.32077269182291 0.05713709095816 0.62684465268388 0.67429207869212 0.73530799889749 0.14260470613317 0.49469018698578 0.39511012972498 0.86144103544559 0.79972513378960 0.99068956324205 0.94130012303912 0.03758609708031 0.29103700224665 0.58225789474677 0.06892838833032 0.51291330418912 0.68419773827818 0.15519201835851 0.84971329485389 0.38689000844512 0.96323480162935 0.73916242375044 0.86013944350224 0.66201087518299 0.50045063198048 0.66036161702265 0.77568587405214 0.66333437920448 0.98367810865043 0.13736695982534 0.64186973544104 0.76021238403287 0.03416321068611 0.06464996294113 0.10104910424999 0.38707735785810 0.90586426539456 0.20502560674238 0.43984641997887 0.21007870310613 0.74779819474905 0.44663096406479 0.29946294015022 0.33317463378053 0.21261824601537 0.45812398433130 0.13892190923781 0.57661440886602 0.26017942735985 0.50787807947053 0.82933456425422 0.36878945040980 0.27481963196237 0.77994715651040 0.33703187013448 0.49408750983848 0.88336266193308 0.77448889249272 0.46038120587514 0.67578735614478 0.18054888642697 0.32521928501017 0.32289921536796 0.92113838073497 0.81048861848543 0.30975297639256 0.07300946503583 0.81414059333378 0.70426741998383 0.86980674351071 0.86623287639519 0.68813541758901 0.97395931982541 0.57927304821713 0.08464985242076 0.55748251140866 0.48193063066096 0.95099301659254 0.45329020175152 0.07934774071474 0.63023319103949 0.76910923548503 0.12224595560980 0.66653978340079 0.02551961282795 0.17197525054510 0.28543627910708 0.17489758922212 0.30350035875509 0.46098883048342 0.38071365417459 0.70329887172573 0.07300385602773 0.00176409094312 0.76458216839459 0.98851375944881 0.71325987644653 0.25057231612131 0.90292864018393 0.55763924407376 0.17876850803349 0.11507171187762 0.16862093202199 0.30394809625893 0.27816871477877 0.50635708398581 0.27346139932451 0.31552751972818 0.31626591982221 0.81524841968873 0.06888639813053 0.32242423049108 0.23424368808948 0.43448795529056 0.91444008927600 0.42040062480798 0.29418592527665 0.31109863668120 0.05749310733652 0.04813231775255 0.29169225408528 0.40230389706583 0.83324020627421 0.04544818608102 0.15374005754117 0.60347289971235 0.24129517370119 0.90643655541806 0.53458507213346 0.15334575143531 0.95245430890246 0.24174171238540 0.96658519861362 0.72731241379189 0.16497443742451 0.10662975900753 0.21406081746577 0.92793298849078 0.05348617781461 0.23101683784267 0.26073778390338 0.25577104584002 0.40436727807438 0.73538504414148 0.52397811324118 0.18796971280659 0.84843874391484 0.90536941502770 0.40994006622193 0.23647618959195 0.12434418546628 0.59116231889156 0.19388655926949 0.44029840512643 0.34036239759449 0.99769177898677 0.64126539200755 0.80299719396425 0.52157971755240 0.53444659749350 0.04955442708699 0.54847795290981 0.73573106425100 0.54895446348680 0.86762462899558
0.92622105136636 0.75865795933360 0.28373950455629 0.90280049362154 0.92930552305660 0.97252155895476 0.92024886185559 0.49438426146820 0.44639897321602 0.02546600365792 0.24468853285750 0.44431432022444 0.73257092276130 0.12955469998031 0.56184707638845 0.07477105203701 0.81428039748046 0.75697848766427 0.19581328948541 0.71453963935875 0.92234514912456 0.52890963052707 0.37361678968406 0.79806946184965 0.91641522691633 0.40402431123192 0.06799462571836 0.16262340805963 0.22764896436384 0.31037826303872 0.94568468100183 0.65861203610919 0.42948067735794 0.94156486383988 0.30572824533452 0.31910983969884 0.08114783418364 0.84251511442329 0.09970784926524 0.69025881983229 0.63895463235699 0.00712056229605 0.46038306053421 0.96695404281334 0.01199003750465 0.50755506295369 0.32464961712903 0.55081732834759 0.24879578381618 0.03693732417479 0.81178324141368 0.48100877375025 0.48999210616790 0.48348321471162 0.21125163318445 0.96029719588633 0.99827877600853 0.44601817098384 0.85257841435437 0.54946250400100 0.74723315731574 0.77603914797457 0.09456756561492 0.55635277782583 0.79396991221234 0.41315381991918 0.74279529570238 0.14538489886480 0.60439695275917 0.11879886442234 0.86008927836672 0.02182014484117 0.82850193996307 0.33808829687239 0.69680143605715 0.49826691459744 0.95791775015218 0.26852635742117 0.72044816918845 0.89023034214403 0.64255903501468 0.11392244100909 0.89496019821040 0.73820851037008 0.55333198505949 0.01565137778477 0.39459458792546 0.28270236972803 0.56539441371805 0.12607707195520 0.25034701063043 0.86970530876967 0.45999476042116 0.00040835740534 0.87261729086311 0.12675841180296 0.98573538755808 0.00754979855484 0.67646818939017 0.47264035591109 0.10210887372413 0.23461238256165 0.11182829628372 0.95217346787037 0.57663079066088 0.75111303906380 0.44964807056793 0.50849705902109 0.58156039101711 0.94109531891183 0.63841434876494 0.56435017103579 0.69178398720816 0.07221451148454 0.07421018859032 0.36381164350610 0.72009415810385 0.43951455117129 0.59180163156768 0.06641502723549 0.51722715538157 0.04367180577023 0.93481192606833 0.92679424768425 0.37202354158849 0.02714147942431 0.12537300694402 0.77881116935148 0.59860685548981 0.63315828034079 0.49100005918150 0.17247969862829 0.45704022524835 0.49484151832910 0.98222169973483 0.46383234428540 0.04255809130443 0.62038021661825 0.08428529893444 0.13825382229916 0.58607184352620 0.68114576467111 0.18574042782407 0.55913313305033 0.83217603630827 0.51395663578041 0.95816906658822 0.12425554805797 0.21829671752071 0.49192486734850 0.78139980383685 0.13623694579781 0.33847691718974 0.10402548845883 0.76603900787096 0.59478226382246 0.51998808597756 0.08521327385829 0.57725775416460 0.71519127386261 0.22865593860113 0.10419874093856 0.26130004762666 0.49551509459084 0.23961757063152 0.48041744174749 0.35732101871832 0.70577389232524 0.27237563827886 0.62452797650789 0.65632139928769 0.67075304708130 0.25857442935548 0.64577672572099 0.27625128571454 0.84606143590984 0.43040359035954 0.58486003032074 0.36737675583056 0.37172727960179 0.07928246597690 0.43808136153302 0.88075894892321 0.63564084027961 0.00580839722373 0.19036333077251 0.41309402582840 0.61035432363537 0.64201147084918 0.64187370131627 0.29426245910534 0.42889504425585 0.58103676269548 0.22740257744225 0.39921389972271 0.98198388566332 0.95006577224904 0.24858041167331 0.34767937516798 0.03135541412219
0.46698331098693 0.99445428819075 0.48215061284938 0.74737719432571 0.29656125043669 0.60512359505144 0.75640218299114 0.05520963111041 0.53022425546937 0.86495142455684 0.76724248477926 0.03261328164721 0.85316670415637 0.84080503138850 0.94017430114567 0.05200931457784 0.39780926658255 0.46112186387087 0.50724673873220 0.55839351686094 0.22946742713685 0.82483909493499 0.51030094265314 0.18908603764176 0.99438303945428 0.98207073112741 0.03874727897143 0.51565680387663 0.46170755389031 0.81850147897983 0.27622310895690 0.22040336282546 0.17197499851469 0.46652994521429 0.55404350775528 0.15020808999479 0.44303084328285 0.76986276424514 0.03454163061756 0.91493873185896 0.21864016715460 0.00816129570200 0.61378064434148 0.31754106543375 0.40202792629091 0.06010694236644 0.77059271388327 0.29505640646406 0.46855027933753 0.32353825648969 0.40541171035290 0.30782320117431 0.63091072320262 0.87218260651454 0.98113497882011 0.03942630127559 0.74073184625391 0.81293864486638 0.60054791395659 0.53475047304136 0.81918702759529 0.13976958930335 0.17925015353558 0.05759219621233 0.19010645487903 0.85904357622414 0.17576298314578 0.83183005341112 0.81302376889099 0.36316440081008 0.74002073655608 0.41222171656556 0.41256022976655 0.01949923529692 0.03499450459569 0.58527217121444 0.33960934570992 0.04932858366015 0.62966645677249 0.11798165544629 0.83559970272768 0.91354201018536 0.07289988007491 0.43101521407058 0.95159372269597 0.53891049930809 0.12810823240644 0.03399182625668 0.50349836277962 0.21916279167417 0.77290892832102 0.91495451617014 0.63170529436286 0.50208040267982 0.07995636491757 0.42410831773484 0.34264130767816 0.29551767218182 0.34200250513504 0.92185609898574 0.31508443152745 0.09307836936901 0.41589295316337 0.47601195366034 0.69323709832632 0.80277663419970 0.99766126792643 0.43850966715551 0.90905405519308 0.77841590923484 0.48939013388081 0.57802772300809 0.70018157826242 0.35029731334322 0.89991422350966 0.13244429833622 0.59779615420105 0.27330636633186 0.06348715166126 0.24399030178093 0.82111550333865 0.02372941168783 0.72433893937792 0.22343504961590 0.33573771198565 0.20795315901564 0.50363874471870 0.60385338059712 0.95036846470949 0.69435698927941 0.78774994439207 0.40209597391439 0.29774701806396 0.59686263881018 0.04397515716660 0.40866598372291 0.61364754493831 0.23807927610575 0.13352962520754 0.55465280731172 0.65152235470946 0.33673379531168 0.22103376192502 0.40813030620781 0.15031639656604 0.58798670771490 0.01472858858459 0.65643919157064 0.96671016305617 0.20782375588063 0.94545376547288 0.10919020301398 0.72750396728001 0.28124405092043 0.86153705213069 0.97111465772333 0.64591647063276 0.32243498597206 0.91650303397728 0.65396065120201 0.70771520424285 0.86350837223401 0.40561777303603 0.88159319909434 0.87845046033082 0.84557358347475 0.63396085434835 0.86000914929134 0.57959037875591 0.82398892297649 0.98194205464511 0.68010979210605 0.28751695458728 0.97868241876973 0.73176489332161 0.42856796012738 0.27328575514348 0.96926459375264 0.11629885246571 0.43023466008866 0.48976845476880 0.56110621098798 0.33559477443358 0.00000556533199 0.45675458115470 0.76935717655950 0.88294763170884 0.03564288987096 0.48177707727629 0.14966613737862 0.05735690073390 0.21834490605029 0.84947921569711 0.85173230872303 0.02139895736371 0.95492496136652 0.35341835530636 0.44466941400286 0.39584242288397 0.08998747787606
0.95607470717927 0.51195434040706 0.41510022676966 0.37017894420407 0.49432785163044 0.18632221112775 0.82739939054301 0.93694047492241 0.99476687394043 0.48379358098786 0.52985524826114 0.43405742163229 0.25624162719003 0.27374015750743 0.82581596744725 0.01983114820523 0.97236714266760 0.51685855167714 0.10828272740723 0.37510209873308 0.21958401613680 0.38180811840572 0.28993005799171 0.06628395333638 0.59875386477822 0.52617666627812 0.95735960909737 0.65285236398036 0.55260705914000 0.03021694951974 0.53309656072343 0.11864122955419 0.15280354250097 0.43020426220487 0.79870193239641 0.56234478836894 0.52526151646465 0.03627798408681 0.38847869362197 0.04091710640516 0.36219868085970 0.34517265165287 0.29399012843877 0.12876317065002 0.86007684231799 0.47279213253094 0.67395427050383 0.92786035296168 0.17648075615482 0.93987090593298 0.49872614722899 0.64492172925403 0.76956264495589 0.53869238057237 0.96336311590272 0.11763815353617 0.84114978190881 0.92092348079909 0.96621768167299 0.87057894826600 0.15326483938306 0.39822299691183 0.36118580451979 0.47519175518983 0.12764716430724 0.01920279288094 0.26775639657826 0.54765831355257 0.95956282857443 0.21367698430022 0.55307206419902 0.36012188109240 0.12068175667851 0.96061742322116 0.75988486207381 0.74704203412609 0.93463333923999 0.61594710215515 0.82683988447465 0.81575756944857 0.30776150400374 0.75054702897331 0.73664527136694 0.65144067031975 0.12733933316876 0.55392263507944 0.14176330225119 0.72988777698141 0.69040267733962 0.04742506997822 0.03170275472259 0.80896384780794 0.31976547738569 0.20589263080539 0.15189527640602 0.35450471689751 0.40114877923059 0.94231416037837 0.62009471882869 0.09206865351742 0.09967944221398 0.63938902766016 0.58744405435188 0.03899915093774 0.84299678547132 0.74426311453225 0.45414414111928 0.63286721160971 0.56464338417386 0.37140160070569 0.38533731199485 0.98550797938686 0.90585221639782 0.08527375248086 0.22609251119743 0.02218349173480 0.17490978412013 0.62488722626059 0.61638235048712 0.89729072833123 0.14708097880832 0.78411671318889 0.60491803649157 0.15632127728670 0.88512813752164 0.19749589858133 0.72468548021541 0.47389581275264 0.45303185793860 0.37475207108817 0.42972083291661 0.25903428043709 0.44328014470312 0.97713285664232 0.99080265787737 0.84913784975620 0.11486491254361 0.36084354304203 0.73074619548649 0.41016584291112 0.67825499249669 0.83681885902783 0.55448793068846 0.04532111964280 0.57937022864653 0.89236858069886 0.64811751496018 0.34508549822935 0.48121945350899 0.70430515090136 0.03793019927311 0.72237371528237 0.79068672127669 0.24084113947423 0.17779637424038 0.68155585327922 0.89970983079274 0.96089071580282 0.21412533735101 0.02891093479399 0.96196477318225 0.21805687283239 0.83017663086979 0.78034907462101 0.45029052161876 0.62286837733215 0.16578515254877 0.83859883038225 0.94120312228716 0.47447427089727 0.13858636160648 0.07778681895271 0.99326653549466 0.47322923840617 0.86100553777733 0.40367393727599 0.09257890314229 0.71005666742293 0.33752774486487 0.54202163292289 0.73498846931516 0.73587241184169 0.59311678056928 0.91622215100333 0.80576774801051 0.44757235519008 0.98133927117065 0.08032676997815 0.20756298862410 0.01324407147329 0.09514968894470 0.45503275619007 0.66460758890410 0.39174977175878 0.55215719894958 0.81439742773390 0.47519106950796 0.72011176878220 0.33078969093880 0.03643005194577
0.80495224667900 0.79208749947442 0.28649098938940 0.87347033082337 0.70202223411695 0.10838800826547 0.06468408858246 0.51097721995120 0.75627074868032 0.63043132296935 0.87873866639664 0.33149888677912 0.08963916573723 0.73836453403905 0.13709013571970 0.00110949078513 0.12623289988947 0.16332819263453 0.67088534270992 0.28368013822147 0.58986414185010 0.02244861893098 0.71040126172798 0.94129933870710 0.70455086849625 0.68468965966936 0.30092686859717 0.48493634074078 0.47266953612260 0.33959727522506 0.00550032098654 0.77208988105411 0.75502821963441 0.02302915520455 0.85227520108032 0.18581073040217 0.77621209349385 0.14420221839057 0.47496410854396 0.92975254870683 0.15694832215060 0.87534333709175 0.30989005811829 0.90537993696729 0.57936472341788 0.15206355084831 0.41343659003664 0.52721839937797 0.52795482943253 0.20717694729341 0.75062870906904 0.79136987507207 0.72618681978355 0.34665239680233 0.66995898294630 0.22484649822674 0.93100185747443 0.84760799733942 0.46056813657052 0.11302803052728 0.32642146429532 0.87387039858338 0.80674293152161 0.89036066754356 0.83926955399851 0.35247378501837 0.96119229035234 0.84150866692062 0.54973327383861 0.36301397700524 0.52372665720280 0.33459875906681 0.29110402341966 0.41806729292277 0.76920713078220 0.86277313658456 0.83114393333890 0.15496028391835 0.77556384692657 0.49427383973427 0.42710206340653 0.45405046791697 0.21908469123733 0.88890396445845 0.09538990556584 0.88599309356775 0.74696866395359 0.78777817997119 0.08212484749478 0.54252222799039 0.83158411751007 0.95037069786500 0.73706289964482 0.93436640072361 0.37653549387082 0.47311764409928 0.23021606919462 0.30765063818730 0.30443039025489 0.61796960617391 0.83007899499344 0.32448409140198 0.35664529247997 0.04043447003632 0.23008137065162 0.43658776646632 0.07338899774263 0.21868117830295 0.32726472633980 0.60114374254065 0.05157294515644 0.23504077463235 0.53078407858365 0.50098171107261 0.01088095460799 0.95459721641802 0.04659505632886 0.03709965595678 0.84626886018832 0.44934310583253 0.66618543289167 0.20629974668208 0.86938535921991 0.68423655393859 0.82768891990089 0.50804754968455 0.21703295269643 0.08686843166987 0.28252995102661 0.58687026608185 0.23952787966331 0.77155544015901 0.87234385927891 0.15986688676906 0.62255168541731 0.27137191652991 0.03152957747204 0.81511354035467 0.38942072152627 0.54705701726581 0.29339013720383 0.16016283148015 0.88109290508322 0.63324929851887 0.60868525254082 0.72943547526607 0.28205397323336 0.57687554654657 0.23330387308406 0.18785652553524 0.86678373811743 0.54121406946032 0.93575756327958 0.74697874375081 0.02967570094170 0.97263961991936 0.83712884802744 0.60839697743650 0.54129200289192 0.73741480684999 0.32610826040583 0.34819739913442 0.60723068653085 0.57300978839529 0.69945514488076 0.51051508803880 0.71985283895735 0.88566702479438 0.70257892099204 0.42534592825286 0.58856322121495 0.42419333644810 0.87040307439468 0.83749584637003 0.96222280178394 0.51334487627218 0.20673568252260 0.08958918618745 0.08375538041210 0.41036157171333 0.24426460897933 0.23899545289165 0.67204718006206 0.66921860500058 0.90930649710465 0.69610907002265 0.98738273036161 0.08042549370794 0.10432705999916 0.51146988874185 0.70786737519608 0.96151446935996 0.06135434427769 0.78717800554424 0.55717396006839 0.67142642339742 0.23558127278329 0.46574994142712 0.89016156985923 0.15668327742705
0.95833112125641 0.47534148861037 0.16897656639383 0.54159982788697 0.43085856506093 0.82840504170459 0.62944377902250 0.18375595201662 0.39461046478320 0.76175543350746 0.08539084788581 0.23572588722661 0.17756199108666 0.78890434634567 0.94298915392756 0.96260532927972 0.90321871052222 0.21851485291398 0.34033301182213 0.76719033119416 0.40310343702528 0.08889270957143 0.56078994796792 0.42184255123133 0.26441011434345 0.11200981648879 0.98700018497534 0.44827237245380 0.21709246485205 0.44053440374081 0.39944024547362 0.75181386387538 0.03043803484508 0.42070985118585 0.56592759047827 0.57123795066485 0.26222201033262 0.76470214527820 0.17145253447186 0.33958403359075 0.66046818372110 0.54886752287608 0.61615326401592 0.38723471836942 0.15518679393656 0.48622628711145 0.04951795519797 0.74317158141250 0.63771352490631 0.72971093705056 0.60111481325974 0.85982357912875 0.41620977090216 0.91910209605693 0.03495531915457 0.04282351028216 0.70051762246291 0.62193225475569 0.88412849416806 0.95894303572935 0.29340073772498 0.78238789556876 0.32693870679332 0.95273423442472 0.13724917848801 0.60871096449629 0.34881519047042 0.89131014061550 0.47288328379844 0.55162257015439 0.67758187535847 0.70519671464364 0.70864110150200 0.21515265963710 0.51885888272677 0.16522551859577 0.91784098753815 0.28322181165009 0.08068424843576 0.34506563045146 0.06045317569940 0.68418302845592 0.63946387772982 0.43158034853738 0.26313025331713 0.74964076569279 0.97623110290695 0.95907317358728 0.14273071293669 0.48908212549013 0.34232991936252 0.59063078196728 0.87609197162078 0.16882621030368 0.82849253311768 0.91764412453111 0.18787088978536 0.62578096518211 0.13540408389528 0.61330858611886 0.36437661510000 0.26691877217946 0.72487498330865 0.69346448908261 0.44282225216019 0.62351155024801 0.76328012632562 0.18627508447306 0.44270268230993 0.30228225518610 0.72294012886847 0.32551178242036 0.22847555439010 0.74315262170159 0.89421598818282 0.56172298635532 0.57958092980860 0.52064767699332 0.36148554724314 0.53692143086493 0.77495004625412 0.00148209725597 0.96476312676308 0.48694218910820 0.73301693466418 0.34507769656814 0.10226083666738 0.93225027474546 0.76001639719317 0.07618569291197 0.16567875370833 0.03043699069130 0.19907596665814 0.97378979837099 0.92532346132258 0.57545031015470 0.65133444800509 0.27225576782909 0.93919226064143 0.54539077338219 0.36064401669211 0.98969293787316 0.31919242745873 0.24974596585377 0.24147889143348 0.69793057167705 0.49374616485656 0.76698726674812 0.11755939323931 0.88966056462026 0.25177122321116 0.51832105170468 0.27974889357889 0.30153733269826 0.08222917767197 0.55168198610393 0.32795954323499 0.22114572819771 0.02926299438625 0.24736588083858 0.19588008317601 0.87279706429331 0.97955159545182 0.20498074348908 0.59753489668336 0.74454209843900 0.09801644682505 0.63901108535324 0.37676611631273 0.09467652419018 0.95023640388260 0.35699363736745 0.28921540822714 0.75875864974185 0.18015728583495 0.99567176463520 0.57420852325678 0.82839814217268 0.92510060983984 0.82569019965474 0.15585727895607 0.64914770388927 0.76941363075811 0.17503525806382 0.32394677453343 0.53623190153159 0.29242712452917 0.35972396413890 0.73880357029361 0.92404420745421 0.31972277600062 0.77411508678379 0.55523124281419 0.06710573781383 0.81843492039304 0.52634143836135 0.39654693015581 0.28134539409081 0.56487114821883 0.99293881912720
0.29743814362353 0.25616833724862 0.91066179107893 0.51364601044428 0.65770767432904 0.39888103786729 0.11528242600823 0.88058771567611 0.31971237076353 0.38779146835264 0.89376532499458 0.12667593874659 0.40997145307844 0.05194950954387 0.60594056657413 0.26279327264934 0.95526372124047 0.86644168662252 0.22956088268333 0.94352987231966 0.42768737293909 0.87503566749986 0.98878644042004 0.80940819274270 0.44564372810310 0.15367283493664 0.24841535345779 0.21209803454266 0.70428041454597 0.21575258373249 0.22947146289461 0.28982425837866 0.22012372473640 0.39277117272970 0.24490945341112 0.54970331493946 0.12333576620163 0.77619463156577 0.31351787905826 0.70193484203266 0.37949957175745 0.73174478326020 0.57516460993682 0.99686390098415 0.03802229221508 0.17024595389578 0.68060978523943 0.45400073699613 0.33361134584860 0.13300694717304 0.58338411342189 0.71464754279790 0.92797561163119 0.54263800017019 0.49539107414021 0.25596347850381 0.75174088770067 0.09047035017090 0.78619725337647 0.86078717548393 0.65904561635131 0.76163474641743 0.30084976130238 0.79663257707757 0.77008983116895 0.06826353338475 0.65941960127428 0.16402326240463 0.13088693290983 0.46714799618039 0.48050871302902 0.70808427330258 0.72081568560591 0.31903562388974 0.61845529628774 0.54238396010472 0.93604921295589 0.79481249218643 0.01327879871294 0.27028431762603 0.30806534316160 0.71081130313611 0.20957024244905 0.08355290844876 0.96429629434877 0.00031133996422 0.84042872313077 0.95304325159790 0.56580354943331 0.50616147719032 0.23179678353295 0.98688966809643 0.62023685894537 0.28528860696922 0.39862306819931 0.15740241065076 0.73554048040822 0.66544665036273 0.90179472817829 0.58424770702034 0.28067830753104 0.05102413832826 0.57071402298991 0.65765299579695 0.55964883348177 0.76889699816968 0.28333669701617 0.26800702888685 0.46461500575401 0.62243785512966 0.20504759720667 0.79136517224077 0.39341127166654 0.58294631803992 0.29977773582945 0.83452455394846 0.84733744788447 0.54835038399404 0.72923481341488 0.87078725311161 0.25620683195511 0.27387739139851 0.42644756325393 0.21070705725251 0.38286445808728 0.52168782335774 0.12724363597933 0.44769924213865 0.78347298083343 0.79986341545006 0.36230783150318 0.47678511992129 0.77011477881550 0.78339176240053 0.96639812743740 0.86508437486005 0.04738973794762 0.64002716751733 0.42696861514528 0.25918471387258 0.42429053092682 0.28600597015355 0.76628695309972 0.44787366924802 0.37281722704928 0.32989081322942 0.82014633014717 0.46564465541227 0.61878661022764 0.29521530059311 0.80413965493737 0.05901672161463 0.60631223004724 0.96444155508420 0.36191707970097 0.46393791874420 0.59060698900680 0.68596412284073 0.42900697708879 0.41066895445266 0.55375386555186 0.10544725241035 0.18643922921083 0.85642419840163 0.65686602426090 0.29193433227742 0.78461353466755 0.63397796495816 0.49281666505347 0.69844666752201 0.67154097167306 0.37023275783718 0.37875308992600 0.81384918946042 0.95319104110095 0.41678659778921 0.75563682085063 0.29127566022364 0.11750886060835 0.40943929658593 0.51746031749326 0.00772967689283 0.76919753007269 0.54862311070519 0.78235754783353 0.87414521776365 0.78600863408058 0.01646775186418 0.73306092180890 0.21742911389595 0.06627821671894 0.56323442616597 0.97961522956567 0.65614223382364 0.02918239523879 0.55693799054512 0.77376097314547 0.08309852865022 0.09414161697583 0.47906580308292
0.90050560086799 0.58839350196696 0.51148802610267 0.29908603865249 0.34605457654636 0.73280485812014 0.09221261589945 0.90699474772179 0.39536479898707 0.48465586169038 0.44773505244245 0.21085104913095 0.70544954445028 0.89272737875650 0.96419059122913 0.97685365417281 0.67168229035608 0.51640973961054 0.76614630808783 0.95666489672858 0.48749227749257 0.81314886182231 0.15509018779948 0.18908443142016 0.23398614130359 0.01214672357904 0.70086737378146 0.49114372460463 0.69865179615245 0.66519495000020 0.78108733922617 0.38841819247831 0.91243044414366 0.00253116665835 0.22827333327023 0.12158766829472 0.41332649694344 0.17003885522119 0.47590569282531 0.34030578232983 0.29683517283225 0.83375879925547 0.56709328176290 0.33898608752446 0.91463127159066 0.76285647144264 0.34525119551701 0.62063224904042 0.46036678973765 0.75661064409113 0.84167514832762 0.81703508221859 0.55472728832887 0.90710851533333 0.13234674059307 0.52101151774245 0.04009379401471 0.62205710852601 0.36193790087044 0.16695983575687 0.63611993004000 0.01264948464134 0.14595238000503 0.09922825283604 0.96639668482646 0.89318680168656 0.66346315240983 0.43002170542524 0.67530838848239 0.08359008207915 0.85383031394287 0.45567851418265 0.11100554623853 0.88742642995386 0.29953306127561 0.80190921216896 0.73804883553926 0.68871686380124 0.03031008949820 0.20866612489006 0.16175536198354 0.07011133143635 0.16187465670087 0.00074205215068 0.49550206098115 0.11045795572878 0.06878425287890 0.55452253923750 0.09834935788022 0.16356326597138 0.24117638838596 0.40345197301562 0.09216509125125 0.19864893070029 0.12153451261263 0.56044504596339 0.56258744526818 0.46774264940102 0.45186263644475 0.13112242052420 0.56433706734832 0.86262248712903 0.24818024201797 0.34646173994154 0.90315238628924 0.41466697202825 0.72652053235882 0.66534313305229 0.09406736082843 0.54802399651201 0.19345504779464 0.63554393850323 0.19369143689558 0.73240177588408 0.95315763156920 0.03798509591647 0.34420810529747 0.20486375358678 0.96643162230306 0.08699788057687 0.43038445419966 0.73770572813558 0.58825299437708 0.89686537334606 0.42654042903865 0.02229533564849 0.47373200200954 0.77019194264639 0.76432897487216 0.96940191925987 0.57256906466455 0.18134574788424 0.56731457769389 0.20288728987201 0.79782897681542 0.21941864595036 0.16387812967000 0.24521201417145 0.07454768989245 0.07660187809466 0.18674207721196 0.01679169568053 0.49584707824600 0.35977491649454 0.12201389373396 0.75128786256456 0.21601516249842 0.10957516700236 0.87322435291805 0.37478951175840 0.95693976110241 0.81789213487772 0.57913766467319 0.34139965535731 0.28474125345251 0.03857335234511 0.70757774103354 0.26545841399154 0.94180823078554 0.28705661940652 0.94024742295501 0.16263882205587 0.11370078096341 0.52870871890766 0.90706653391966 0.47167656505149 0.58302265768429 0.81504067403149 0.04016029756005 0.60736135459408 0.58745849328967 0.31715851756707 0.72118917438924 0.27715816458909 0.15312079538990 0.41735235821957 0.46629489758915 0.20850016802335 0.29942764900474 0.15550198848037 0.99209357822928 0.46273526907721 0.86918025537773 0.23446446586967 0.19351184785863 0.53850656198367 0.33193785710767 0.08703505192653 0.49106378187827 0.01996155208818 0.93375151870199 0.69730943656652 0.91902640795279 0.50639203119431 0.75776339542438 0.00124027840226 0.62500624511174 0.15531872795663 0.42300031437364 0.24743842293645
0.89385137948146 0.64116188809795 0.14888925059392 0.63732876038403 0.12111110111697 0.32415837008717 0.89399441483163 0.74831860006200 0.90286910430848 0.38506483419476 0.38483198573699 0.59310955231622 0.07403126396294 0.89155543887359 0.57146008864320 0.04854555422471 0.99440011585175 0.69913659771264 0.48031896112848 0.32981064031276 0.04427416584809 0.71297353077227 0.57113845001768 0.62095505633956 0.75816340080310 0.42891506665783 0.93172818784153 0.55094499758651 0.31463412079331 0.18761231817371 0.35311245109742 0.14727193201054 0.69694595292358 0.05576941482845 0.95244959553249 0.59661012035548 0.45181663517843 0.10882008256430 0.38002196578382 0.10963686695881 0.96524680869325 0.60662378168371 0.74553965739519 0.92779876966811 0.30832641239983 0.73435016087931 0.06016525840931 0.31727334964576 0.81514331704583 0.70234321141489 0.15923595441045 0.07575684346042 0.97925194511110 0.64189054598468 0.70948958892462 0.58726841015054 0.14475515396871 0.63121237876501 0.38286505262212 0.56400180846730 0.75354983144874 0.62984022949422 0.03236651511218 0.68211622611362 0.04647450344348 0.52453004398306 0.39379446829580 0.58870835346465 0.87861930050404 0.22252207089273 0.90774458829941 0.75555215169488 0.11089927384006 0.63756554844792 0.15076027863750 0.32147182106133 0.01971623419841 0.71370999964400 0.21053418447689 0.95315986613019 0.01135031108036 0.29795721434998 0.90178865530214 0.06729607927044 0.75938864091338 0.51071676809033 0.40070183410926 0.65397935707310 0.35946185745810 0.09225596870345 0.90866942812619 0.53911462543882 0.50294452571840 0.70049499764181 0.91966854024919 0.73382769104415 0.95840902785765 0.65480797130599 0.89827200227070 0.45079744483982 0.85133340794431 0.40986388246573 0.34385686350700 0.27261817130150 0.17253318726121 0.50923895433633 0.20485268699498 0.50227481095475 0.20317621844020 0.68121681657779 0.95872353776871 0.03243551238642 0.43949709874064 0.53614205174191 0.86264449059290 0.36473985772320 0.94032594755960 0.49753040992378 0.10265017002514 0.01026892393166 0.15236869449389 0.88964713130718 0.85399920032997 0.99302798639954 0.41722915610825 0.06636965620000 0.06246237551075 0.99949371601467 0.05366060857537 0.78539784986326 0.52027850338375 0.09055593412210 0.44702574652510 0.96728211413468 0.34503766623784 0.91016622085752 0.50830614748805 0.05139272882245 0.63945536652238 0.08097958873677 0.33459860047253 0.65959807028655 0.72008373132093 0.35040810322324 0.41272636520366 0.20155465198077 0.32417165108491 0.52498197342800 0.81515216302268 0.84220992477266 0.01439961099213 0.82582816730340 0.83233550652202 0.59901506683754 0.05016060273520 0.53868008361744 0.19743866816259 0.19538000282764 0.22138678208450 0.58468945565862 0.28684286224570 0.28103445010597 0.63849046690578 0.59036048771510 0.79196781984324 0.88211881866783 0.59416962073215 0.11325772630721 0.27968248297575 0.83303363083302 0.97340141314767 0.21247196774419 0.69933806960723 0.17366940746112 0.06819848001612 0.53234242458006 0.85106643421752 0.77764748273622 0.88787000269823 0.09241351559666 0.17683786009390 0.59069169013161 0.99142617672192 0.45693138247349 0.72127241340698 0.90246832894837 0.31724157056785 0.92931891027386 0.21016208780071 0.11022582601134 0.39420816463606 0.01008326756961 0.54779958777326 0.67697218406468 0.72153761842050 0.99716615547404 0.52460604580990 0.20839279043964 0.83124505757080 0.69408097822473
0.23754357724244 0.60737703114810 0.33803952953518 0.29241359503354 0.37783394288160 0.62827110620855 0.50270595067341 0.54713545571789 0.47186458075341 0.48410508298960 0.64592081743112 0.35854551533477 0.50924386687405 0.87965444280045 0.00262310062267 0.92800628516623 0.35616097267733 0.83103032458596 0.11416538937883 0.04468790147379 0.32768299475824 0.27877765021711 0.18146635484115 0.82918349143464 0.48722751052995 0.81797561620135 0.77785818575819 0.17964478765359 0.54749928777466 0.99615338765333 0.53673017628296 0.64988260500082 0.14716797310536 0.23957223690316 0.84173938017953 0.54418234373602 0.17739760180204 0.97151338454662 0.78877419739746 0.16100990180850 0.91409924500899 0.16809403969095 0.50650592392118 0.86776252210317 0.66824499994525 0.42490580232810 0.76518805314527 0.47265975487770 0.29743286962629 0.58613112939456 0.43133246985476 0.06447182440516 0.15964305231286 0.06316353881727 0.85909303459956 0.89744100568857 0.20590832392092 0.45231026850102 0.17041152250057 0.35976813139406 0.71268315714491 0.69236475943340 0.29549538844505 0.37451869119749 0.00952184044540 0.05464791333211 0.18229879475487 0.82117540599009 0.89750563347285 0.25123694638211 0.59664863113721 0.07894545576585 0.31445112687292 0.08390963533106 0.50206291650695 0.80974350287778 0.28515066060009 0.56548917997542 0.41585504770428 0.55592733423192 0.06482852256232 0.37607937997153 0.33096991684543 0.05536163276449 0.30865976336145 0.82964112187395 0.64896623578280 0.26808058836166 0.99380627677408 0.63238083024800 0.73636601801820 0.26279423917947 0.99041134613545 0.61009821213499 0.03946120002909 0.35354359298663 0.98288886822574 0.35956243504026 0.92407885880286 0.75985554645597 0.69186874003732 0.71337570607413 0.04096516174147 0.96950450664344 0.59250753625912 0.30000430968972 0.21535130870888 0.91022353167679 0.12984802125914 0.93176073374995 0.45531045835139 0.09336624151503 0.75759103456129 0.13292959149927 0.13357738748132 0.32370452068941 0.01497892659058 0.86351860372563 0.35134496891761 0.66814235110254 0.33505494095771 0.65434588760236 0.10429176538159 0.49673970457981 0.70278310496027 0.70547680449850 0.11481988664563 0.49948258739410 0.27615840200789 0.97477451870627 0.41636069387666 0.03222100844491 0.82176168755932 0.18155433180350 0.09622223950891 0.01353398086901 0.96381853030659 0.36561995108637 0.83178814768616 0.93687954971183 0.31478149199832 0.44863058725258 0.77800540534306 0.71611105817344 0.23437220472557 0.28548339182450 0.03432854997483 0.45932372998614 0.84173162277802 0.84982170302722 0.91954060114693 0.06716784555687 0.18275003642454 0.15338543483284 0.95588945587307 0.18815987019639 0.13756874037018 0.47591619703899 0.41488958399775 0.59253480170568 0.01182191781434 0.84640497697291 0.70017375318377 0.76296424085929 0.42009596271534 0.25561875039436 0.18149414559689 0.92027430513705 0.78095028146790 0.16100368468170 0.67742839850410 0.77684017701271 0.16280113875713 0.48879227839167 0.79040246452784 0.05465530935142 0.35428367714159 0.56611917978734 0.84064986101024 0.10897546417846 0.36439479185734 0.94265625855855 0.87333086810365 0.33845885549603 0.38530380036499 0.28509277829210 0.60623654798963 0.08794027646072 0.86728166421120 0.14890910519572 0.55721393453129 0.81871282430717 0.70558291051971 0.77239350177631 0.94795164033525 0.54286206876684 0.96351891984304 0.32511059535685 0.16652547237964 0.07716965129069
0.17751862471137 0.21080615624701 0.66589434783612 0.47748690174784 0.40820994098739 0.45953393645043 0.75363524237118 0.39390253848944 0.36816596064533 0.93661747604141 0.30078321921054 0.56901885010610 0.20057705470827 0.52684303375110 0.59113734607091 0.98003136656489 0.99628126932104 0.10144841811881 0.15428636892890 0.54422007829964 0.72366234405165 0.53356691042054 0.90501889777764 0.82950035725784 0.74225193349209 0.13788547455511 0.49931828014284 0.61331243686641 0.25522051505987 0.70383396634272 0.66762941278882 0.70039189942032 0.82688077294033 0.68244047054195 0.03472434166603 0.15381370222093 0.71157219925211 0.50891654370114 0.65535824751163 0.94790020811189 0.18605726105107 0.76580599248431 0.31534715530291 0.51049723062874 0.45735511147402 0.82259215893957 0.14187631395301 0.27770969335201 0.09159299009619 0.03487550470740 0.51547622447887 0.45250396693477 0.05585730321748 0.12497419843542 0.28392749063820 0.69686115198172 0.65514421431749 0.79484167181239 0.79268931106978 0.41903544603297 0.30275698625696 0.57919737647583 0.99188389165338 0.58003265273741 0.61211107723941 0.30439253421819 0.50549643547412 0.59792240498382 0.92630368698006 0.97595649898657 0.86589944704652 0.36335550616838 0.06221582187498 0.14913536310017 0.92740055060792 0.27273074866000 0.50238274667591 0.23518439632292 0.88185197633833 0.10343101201672 0.07672749172377 0.88866028252090 0.58216234044952 0.06903911609724 0.48853674917564 0.45711620194756 0.66831187059415 0.21501493634070 0.25491335255538 0.53051389809242 0.88059496660547 0.90758461942844 0.28090581758312 0.67093966746916 0.00795999140508 0.43635913900895 0.99006576765711 0.51089692095557 0.56675147541470 0.69941437167662 0.26418292618893 0.19929603847111 0.82778633181512 0.30382712856382 0.67602651489964 0.23359408716356 0.12341322151901 0.71915791720542 0.61265865516600 0.57314631326868 0.01063079144547 0.21764006437441 0.61886657528402 0.98340774030324 0.68314311774468 0.21666534355992 0.79307593715302 0.01250418265419 0.07918541561314 0.21994475023514 0.21018952840413 0.14402683546784 0.05561208939177 0.14959209127732 0.70009792443504 0.97272175440276 0.22389200882957 0.06948240095607 0.63197978060319 0.26014554565000 0.93115351394042 0.26289830389235 0.64836079457878 0.87790225287585 0.47458386120106 0.85480822826698 0.60242055945116 0.40639080855810 0.77930723816711 0.55332865897083 0.20631483657766 0.93756152602035 0.34482613856772 0.40484350635721 0.48485944266139 0.37511605942555 0.37517750640101 0.89692985821940 0.90205207964967 0.40473426795839 0.82164339182362 0.26917585428517 0.44261923957170 0.89432237428955 0.51216209081202 0.14353760541321 0.49852632562851 0.20666365770331 0.34106827860403 0.26627215226329 0.42205215296998 0.44312585007073 0.11449401080237 0.86124902102023 0.73666963591019 0.34743640898318 0.14326675380860 0.76063142235659 0.12545706631686 0.98160144285709 0.27141075506180 0.04775580719938 0.91584564560501 0.94204171041155 0.21948061272960 0.28580992671065 0.17006879822025 0.66276008838251 0.42830005024511 0.04686135876666 0.08215818754367 0.31846738300126 0.08220734350004 0.17955610336984 0.72901870176393 0.33802411748198 0.60205257317639 0.49526123834029 0.76075509595288 0.95736690296143 0.09969815137684 0.01894834874722 0.40691329477115 0.93736581868886 0.68191624521051 0.65084678368627 0.32825007768425 0.25927977300973 0.46645599539227 0.76470115659729
0.90814324481343 0.63335865460805 0.94529933306907 0.22671074346017 0.80095481295814 0.31630124159014 0.97017694163128 0.68799818909386 0.18724037261023 0.26774259905532 0.20423946571090 0.70397086398645 0.44059527247302 0.81393583014978 0.61539508997472 0.83989701194739 0.34529601052768 0.95878461902381 0.89235506982220 0.30630773697157 0.37149977113626 0.61439935531078 0.69086110832597 0.90270566484322 0.24255612274881 0.21957506039005 0.09772636236410 0.34796709183576 0.10861453406130 0.14976132102516 0.73988830514201 0.56320969250039 0.24375807606593 0.45932930210551 0.96129966974432 0.06103757455058 0.31696640296220 0.01554079597221 0.76724623537318 0.62845816172114 0.44058988119026 0.53411265785806 0.32759314162886 0.51840547642690 0.79221292124794 0.73849352812674 0.29272474247893 0.36481003753805 0.92837170271772 0.54119729141803 0.24130891261904 0.85991848489028 0.06925175243575 0.23317612970336 0.42218054614087 0.11855606739537 0.93196500819961 0.77637800079755 0.94441904177820 0.97470689745337 0.81358052160649 0.68340804812668 0.02882467639325 0.93721141247398 0.93147955656185 0.97529552938624 0.29931997077255 0.30535726211009 0.28581580200479 0.31209839068430 0.36607644644749 0.83778405207377 0.72546826599365 0.74105881968717 0.75128549840100 0.48905869564941 0.44343409838370 0.94291887353358 0.28191928288188 0.59601452769143 0.63261235753975 0.76968539101536 0.89653727231624 0.51587661878237 0.85021952563919 0.37060623383718 0.12718096611532 0.53021059309397 0.32632572083660 0.43397918037377 0.72677187879886 0.51989799654110 0.18450785569626 0.28338958408807 0.91186617559700 0.96330656470578 0.16136770017011 0.52401478220879 0.89886510634734 0.11187693473587 0.77817052609616 0.91295590680848 0.73420871292726 0.95253531788048 0.83254262123231 0.01604136835391 0.16971179744593 0.80009926664632 0.87031365838893 0.42844200173741 0.12121238099064 0.49878815569357 0.12520727846671 0.73500988373264 0.70768807503313 0.62893055327639 0.87889305383647 0.85025252663618 0.16030929617733 0.80675911312407 0.11466623955088 0.38162504364833 0.91081316217622 0.39746705410331 0.34771328245382 0.20599581354394 0.28591431155529 0.33096991111061 0.96534323333015 0.15414718532203 0.67735892200421 0.14840164688839 0.15242813158310 0.20101005774789 0.23177275365378 0.09829654374205 0.88465938592088 0.58961921618550 0.12836766020065 0.20286060753640 0.61158934614739 0.58815380340903 0.38760064065404 0.44148381945105 0.93767808384434 0.36473605311930 0.33890640804637 0.79697690424042 0.80581554738647 0.95089515125367 0.16184280960778 0.14197180289774 0.33194868515954 0.03199881287438 0.47005372663212 0.36389260838298 0.71793243550954 0.61585025415145 0.61337307137512 0.67447513307339 0.25185497703427 0.36149269414781 0.52979571337079 0.26336817951013 0.66398390911130 0.26400021686323 0.96281728926762 0.08516024640121 0.75611958660432 0.45310836991278 0.68959378362063 0.05847981914260 0.90059575593266 0.25832483682226 0.29749793352237 0.49152259760235 0.12880317561773 0.44527488323927 0.69392699382991 0.55479962970946 0.40673716801135 0.81242569917487 0.67113225985429 0.01131996982142 0.04619290098011 0.98760449769377 0.46919031980696 0.92100518003229 0.10833393725355 0.16211740904555 0.47738137412614 0.67965295121970 0.08113333706402 0.16998756977677 0.81985203354653 0.28361613246118 0.18350480123998 0.71934129043020 0.33273816690952 0.94699199065419
0.44693999536144 0.32479712002180 0.65605890579667 0.04578650634314 0.25807832803161 0.80647537089330 0.43074878123530 0.89444177503782 0.21032828681589 0.03397995862433 0.16813813823749 0.30015725458071 0.57332598453596 0.84692641710909 0.12680118829137 0.51133181955246 0.80754431317850 0.95871048481809 0.09005108342780 0.72920122542996 0.44134324208516 0.55996058040535 0.64422902785922 0.02272184767393 0.35249934341188 0.27021593638770 0.78706122939718 0.05860143189929 0.43555431662370 0.78105468200917 0.66131322334434 0.32292760762522 0.63542888767912 0.88225942606673 0.64119737037066 0.34784091007018 0.44662272995621 0.41501483754550 0.49399860774367 0.17768192297291 0.21560600210514 0.44664017768416 0.66639011844426 0.72510413412943 0.33570364393690 0.83895665269110 0.83184458181621 0.00875420010814 0.29839776335970 0.64840664544447 0.96486281674478 0.51758524126565 0.15213598685393 0.30386357421657 0.11975345998275 0.68495118970826 0.44679891389040 0.06028735600508 0.33451216499590 0.27208819589683 0.27024257338217 0.78483539048255 0.29342458204773 0.86086400035526 0.37557116864657 0.39174759217111 0.55804138859199 0.76512194136865 0.42049487899538 0.61644367228372 0.17373364284830 0.53714756633205 0.63504447767579 0.04551996466539 0.69285993093205 0.62242897120456 0.20836785852652 0.10456587389418 0.66924868529846 0.35485325903117 0.80338141107754 0.78783024815495 0.28591563150485 0.23196651143925 0.66070288179821 0.21533788420776 0.73800093608382 0.31137399066507 0.35692077504682 0.23195685306406 0.56630690107357 0.92844444370336 0.93701432330399 0.37936582975560 0.47920694973331 0.73552518553435 0.81876501698074 0.30756572544439 0.71132766351044 0.73178349934510 0.21058018887470 0.74446368859250 0.26922832715329 0.07638188019199 0.77527733011170 0.90379991943310 0.99202627139476 0.67687598315030 0.55451253820172 0.29946135113944 0.40467776015820 0.00347591510409 0.03045653019992 0.71529809425164 0.93783478851283 0.07112314950301 0.84327957585664 0.36632957958118 0.31374000813440 0.92823768007627 0.26348378056725 0.02857485724390 0.97431154353985 0.57298766890180 0.57019333843217 0.26396324255555 0.57426934940491 0.80431879336983 0.48954870748486 0.49536095862103 0.47686740680944 0.43359386550403 0.09133795285427 0.81297691078439 0.39405537560064 0.41513891666678 0.51474617712288 0.18154613048852 0.42033499227355 0.94447503677593 0.95591262595535 0.96115487386257 0.68037449245918 0.03284915870127 0.38436525240556 0.30585097278219 0.65347477238010 0.32262366418567 0.24165667313363 0.88522307499819 0.53475754451677 0.44627231555024 0.34952989568011 0.96657878922295 0.21368101992987 0.00099506572859 0.39648643655068 0.58044653347232 0.76787073040835 0.71974588735323 0.91475095951467 0.79329008626892 0.46494876323723 0.97869102400552 0.10009264505493 0.62181156531515 0.07935225921705 0.87225283504185 0.29502173875918 0.38891876523449 0.52321952891123 0.79826410529973 0.08269877098168 0.22039974721930 0.06782864533998 0.86157632037616 0.48600204312068 0.45769518849730 0.26618713875769 0.26037434669330 0.18609826639745 0.44819953346464 0.53429737217943 0.09908133444214 0.37366149245312 0.45566366959090 0.32322238137855 0.66480960011001 0.06290471018445 0.10221224343745 0.16652346818011 0.35384240706770 0.86219097201749 0.21918390082747 0.26513926920336 0.53080820040215 0.24491016506594 0.99163478210512 0.31757615821806 0.57334502738432
0.47651393634694 0.92352758682626 0.33749057371687 0.49617118301021 0.81361173866703 0.18245193139288 0.63843539913045 0.26407619337917 0.23526588039448 0.23097867413695 0.25544787319389 0.11254976287437 0.86786026049587 0.41740658759704 0.93576748255128 0.36927192930523 0.13750351525024 0.74331961580835 0.61176126690126 0.20782388092819 0.63650485245522 0.25090990102510 0.62492241979070 0.19509970032281 0.02163507775525 0.78760356127115 0.74666808782824 0.77525439686150 0.94373364723652 0.62083762523533 0.18528515599531 0.51051082481213 0.79738554440910 0.26210205383910 0.54655697215728 0.83650850853807 0.00609042367817 0.52225545076544 0.36880906773765 0.16671144471830 0.81135325564861 0.02688271829072 0.62604811464818 0.21816974612446 0.35338723642943 0.35401957913062 0.85013833650720 0.70027079198918 0.09821159037998 0.06029163091198 0.38904249083347 0.25993696134936 0.14061921206298 0.41427709371338 0.42360527381560 0.67300094054846 0.15963444692643 0.85711113978575 0.55177017297961 0.47629126833522 0.42544412000757 0.28976239032362 0.49937709305381 0.15337906071508 0.30114499968514 0.36408015117676 0.37807728033682 0.65665213481589 0.51548229663539 0.26842741001502 0.25329572271338 0.61633263043981 0.51581515385433 0.38276636200970 0.60447032761701 0.05637619670857 0.32009980203775 0.34852737402705 0.71623425068260 0.21213163977886 0.34078841722913 0.18381624435156 0.87692418379562 0.68697024811947 0.71941929097788 0.52383729899306 0.04327076291910 0.59656824759779 0.80101030595511 0.06192839189035 0.33773364135425 0.74708563636713 0.57660670098775 0.42949082930448 0.46568066016965 0.57759838451068 0.11375140351294 0.64432827302024 0.95598819281928 0.28424054503091 0.52557850192200 0.26868715511996 0.64160564367591 0.33340996382142 0.15004870661251 0.87812107338782 0.38204637924700 0.59895855791595 0.60488304661266 0.85271427656651 0.91733602869561 0.95455707615635 0.47505373628642 0.37249244876162 0.06870639323269 0.91344131525441 0.94846519964112 0.95063168672495 0.37606396178724 0.31233136276154 0.29791014618710 0.18793796402298 0.18433642905463 0.78073685724950 0.26119838323103 0.23743210365935 0.87386881653171 0.47951678793217 0.04464532216675 0.46407166580159 0.91224796270459 0.88476208030325 0.76552723821524 0.09410793742188 0.66843737234374 0.99304621621422 0.46844884728632 0.06274253381883 0.43932369659936 0.38435351704438 0.54701358701918 0.02001686400419 0.01321618797550 0.46372077834349 0.62499302191362 0.47233850817804 0.46438070471127 0.30803811089639 0.82915146723544 0.76913141478753 0.18113854831377 0.41578780720579 0.76353941463503 0.87457312755104 0.35898886003395 0.14632248934383 0.03512188782059 0.03830303522171 0.85205171169067 0.02542385696320 0.79427458151855 0.80900631387817 0.01154587473757 0.78436926954227 0.28871232435105 0.53202944353616 0.38370704301509 0.93054298336975 0.04544422132410 0.13939015723892 0.68091184536356 0.35954219465728 0.04960777986088 0.90199055373554 0.20637570920177 0.64494421875808 0.80303508119335 0.51313910020797 0.71915707929283 0.54260201104162 0.41876510480091 0.41624221450240 0.08371286535690 0.02143990502986 0.69790453279580 0.78518893716944 0.92729809953845 0.10576162440125 0.21054492236158 0.19322144722998 0.10956408839383 0.61580095233023 0.68254139762714 0.17547810520406 0.42144720233086 0.26326616088463 0.61814772396362 0.01423915693771 0.85982752218294 0.62872974401996
0.51228434444141 0.05605957744162 0.36127295539342 0.45437893650152 0.18109288039124 0.48232170380835 0.75283481970530 0.94681070306147 0.22024559711060 0.09530746376946 0.43461945133480 0.65312352384862 0.01891547523460 0.49571233901991 0.02892898638877 0.70522265857742 0.06810530706180 0.56090112091113 0.52613262937540 0.02638084993510 0.87104926244988 0.17643036290523 0.61034836523329 0.76850652420449 0.64784149717074 0.74141858481325 0.54460685144763 0.11069906798004 0.86378987234195 0.67260109165506 0.50891953343572 0.03977265179682 0.51827597046155 0.32829142454837 0.08707369519328 0.71425463182695 0.93932398257755 0.19882191227286 0.57445835679616 0.63614400164374 0.45392380260519 0.58157336216270 0.32706226034687 0.63517311966320 0.90822595588996 0.19131512891150 0.87334306338466 0.95172489960419 0.82531058391522 0.09106275272629 0.54645518371603 0.34957034721281 0.61402579556758 0.19344121132728 0.62374774113616 0.76368236735803 0.13293018951191 0.02796769706489 0.12457934398773 0.05472523433950 0.87470499561828 0.39196184857958 0.09119767754440 0.10027142889072 0.16464254351863 0.71084509742866 0.89739873105619 0.47456956183587 0.11639776508947 0.39408144108702 0.54064244891816 0.47412461397831 0.21511808103092 0.59616039082777 0.00697276077852 0.40829706522811 0.97893494993359 0.91838398518859 0.95433310138089 0.90764082751167 0.23162448191112 0.46666563929273 0.98924437590957 0.62670602377316 0.60083172038664 0.24468165501891 0.77592498838924 0.38487062681933 0.05350105406229 0.55657662992562 0.57812939025402 0.16885542892476 0.24542504453037 0.67234147742784 0.04520023813697 0.09840488321524 0.31178594153221 0.79259659564787 0.55894955300952 0.10814102625403 0.34051742131598 0.94435466340077 0.72770435265093 0.45140395031597 0.90539389973474 0.87716220011590 0.05796122586858 0.20212687404679 0.04318310883115 0.49343586974632 0.20224431076361 0.23118085267522 0.25936974396991 0.94376421485587 0.97009988261940 0.30312490640081 0.32473390202886 0.60689225467746 0.16109802911833 0.47447390060262 0.58498170940632 0.41638599513958 0.57014629561706 0.01244098953522 0.53256520207349 0.90662334121558 0.93738315641792 0.00999112920688 0.45616530040278 0.98639344458466 0.32159101877559 0.48276856973141 0.38215065261743 0.20856668136787 0.33543079282176 0.00322008966039 0.82727959095718 0.31528055104550 0.79321552623906 0.54691622271200 0.72444294635305 0.88287882190595 0.77266945755811 0.62707843703299 0.10826700121709 0.81835295635372 0.57793190963522 0.85070559650307 0.39505204535336 0.16982435436917 0.90888667992346 0.58558639543465 0.29625814558637 0.62168176839532 0.15705304478291 0.78845056698471 0.92828755097549 0.11698044007937 0.69270982198378 0.10528914143911 0.58936785173335 0.08244272571298 0.55290438811285 0.49408481971892 0.93763810047853 0.93950068689667 0.56203126202374 0.85964041191011 0.29494657156560 0.09598209392005 0.48682025454067 0.15190313398584 0.12605063479912 0.10018183058071 0.39444864893657 0.69739908423232 0.78746501812540 0.55039971487588 0.74391427690149 0.71632050411402 0.68512462159415 0.37725399316204 0.11503500713496 0.78802448660893 0.37884163454443 0.82176462339841 0.01719109319849 0.99242636942285 0.61610232791506 0.31602328931914 0.13320182861972 0.16085569640432 0.24473367188749 0.73952820991456 0.79780088127738 0.47064787247504 0.08706120847412 0.91189986617065 0.22801817215360 0.57507617503907
0.47466680367213 0.15393242815715 0.31378549827010 0.55916338450047 0.65421694006557 0.45582276914783 0.53466871289574 0.11902602586898 0.71207113063496 0.80420562520870 0.82087778096216 0.59798737898895 0.41975687863090 0.78594329099321 0.80960814412836 0.76760724356714 0.09470177825828 0.90938388698566 0.78386210608672 0.10742831422522 0.44846105381399 0.71070664671759 0.79659041834574 0.88113503057722 0.00295447574203 0.41418949657852 0.30387477596301 0.64064579994185 0.60202136311074 0.95147205358692 0.05565917764210 0.65225843937013 0.55942777305267 0.85341704304570 0.49653000686205 0.69189005795392 0.75584620026774 0.27063287806689 0.84835674236891 0.42790585204833 0.08764341044274 0.16875929292496 0.44909240482360 0.16667009359247 0.92554610255369 0.61807216395517 0.88527045952592 0.52168756887374 0.32160065359987 0.43289189854745 0.89979156853589 0.49499174750547 0.63066981278821 0.45675289537335 0.31940524454905 0.30889818030405 0.32298787972581 0.49047163956247 0.13328259858480 0.04313151341465 0.47315958955471 0.14832859469131 0.92567457147442 0.05310474457863 0.24963691591773 0.74241318986884 0.41433306850476 0.67588879057940 0.73958669668932 0.24045561496006 0.66321329278120 0.56379853137030 0.51036480084138 0.90325388554471 0.90153020548347 0.26217105556717 0.12184775008902 0.98546093016908 0.67096594022720 0.74042940017907 0.19357992302902 0.07206608075200 0.47442872392073 0.42916929769611 0.83502407100914 0.43067325866622 0.23359777493859 0.05653152460199 0.65809342631764 0.82995828538951 0.36736913198062 0.92703369782191 0.20288193373913 0.19928205154906 0.71409203959956 0.69296042005446 0.89223844138813 0.52313280413763 0.21761790454457 0.15047924572360 0.12668951900335 0.60745945649675 0.98118147089103 0.22496837736056 0.44892297324584 0.45320706109853 0.90573015119566 0.95174245071464 0.35101510375163 0.51589481826419 0.04033872614314 0.74731542021409 0.62152343166748 0.53507764102670 0.00320195467750 0.81633766244405 0.16523238116458 0.26655037020250 0.45700986126341 0.08401945061515 0.90799648672545 0.33053768174064 0.30080950709400 0.56422714660404 0.68635732227797 0.55843527522482 0.50861627813830 0.18850421815746 0.72961020980091 0.48282911597269 0.97229646935454 0.66393779419141 0.31937888501699 0.82410516617435 0.98196923853407 0.65372251458387 0.06170481076459 0.20442774860998 0.19363216324726 0.45371743307679 0.64527500124021 0.86908262752316 0.88370292951276 0.58069276570138 0.91891353924033 0.66421960474586 0.48858275114988 0.40489803597657 0.10431047563721 0.31059099802433 0.33612712170925 0.46423878039071 0.75664579685441 0.00580603113840 0.84443930145900 0.63691163970114 0.37164548610936 0.41002628350018 0.25423500310851 0.82702743303927 0.67011600850450 0.50795241348367 0.90045096058465 0.54448531163311 0.34512288014261 0.00610821830990 0.38554352492557 0.88561202423368 0.40055303970791 0.17780487438731 0.77539768588413 0.87936433925005 0.32882039336176 0.68824651872414 0.08363425783877 0.23128257603669 0.62639011114409 0.04823035187446 0.11354183961982 0.73261845202001 0.79262597692472 0.80947293284077 0.18671605779331 0.89761534526017 0.33470454453360 0.34704465390114 0.68079436111866 0.16551271248266 0.65020037162694 0.43129911276441 0.34148364060542 0.25104640839957 0.46617378329517 0.98115015954599 0.39231528514618 0.85320792035763 0.14336865764235 0.05469942156099 0.65849587205348 0.76210105275632
0.43047636743259 0.47906437390625 0.10093304795918 0.72577760208370 0.04527377205274 0.79429038913147 0.32104098656100 0.46188336647373 0.74979428517268 0.62906869557921 0.86683715661125 0.80582481889865 0.23391317747047 0.46329064876290 0.28239062032939 0.36312100049198 0.10563630241961 0.56329277462037 0.82847951762276 0.91101672158119 0.69136456403976 0.40332406450296 0.66385180743287 0.17687701492256 0.44755020923759 0.08365763002479 0.24346233146372 0.70064965056977 0.16323624013263 0.49099075191708 0.66767217011848 0.22698204472549 0.90545524932668 0.33081273545910 0.06599345421874 0.03368655548394 0.87988979921244 0.68125211745985 0.39617738783724 0.45105342576947 0.18320334859563 0.40331805862209 0.70339370322418 0.52729670429594 0.53817008030194 0.75805769453894 0.45382197406015 0.02855932823283 0.63656696325617 0.93862845221011 0.74127722077006 0.45929301339617 0.02279406339939 0.08696547739133 0.18297732052869 0.63097129796997 0.50279905350684 0.01223710193842 0.54745830079344 0.74500172591364 0.50013239141649 0.21295581361067 0.31559609083349 0.74387088693282 0.73372898513831 0.04772907881715 0.60670708885926 0.06558422187849 0.91286824123790 0.67745127515234 0.05255580671772 0.25753277134437 0.56903372126677 0.24185497534339 0.37395677885447 0.56142753142712 0.13849822615981 0.80350862008022 0.02426853578475 0.38684884411939 0.24848873025560 0.69392432654401 0.36058022505766 0.46529671719804 0.28428246190537 0.41640200772786 0.14519514234289 0.75570499381256 0.80867742021887 0.63899536774218 0.55430031272709 0.35210575144309 0.03924981280936 0.39116691035828 0.55732605169042 0.78709071961712 0.30013356617380 0.81719890808823 0.79252999178901 0.04393716986104 0.09838569281234 0.68234545844552 0.63158186173673 0.30115670794521 0.91341053914174 0.97049200901037 0.18871532125260 0.84932183221062 0.55673981244835 0.28592394389653 0.03161124503692 0.12392080671242 0.89345295194608 0.42697424238882 0.14539337518090 0.25978052884232 0.02106911082038 0.61129737540310 0.19634570606623 0.45503834328412 0.30325733007600 0.76264298920360 0.00446706494177 0.28504231335059 0.34340697819317 0.36212554984617 0.64328381561343 0.28922385806140 0.63840991493288 0.50994905437709 0.61793516117396 0.95776158588427 0.99558360530596 0.03787112751350 0.00715602186322 0.74707158287738 0.06216710775459 0.43003849670556 0.38226598407536 0.77084752271157 0.17300112406020 0.12251985941971 0.72330685550719 0.22234752018440 0.71964218003760 0.81305706665686 0.19060585750846 0.36669846964450 0.17994784066602 0.49193902758244 0.34888725436049 0.64019264034205 0.76853751794189 0.52464983360725 0.15641369844953 0.18607186640790 0.05894379007584 0.30010563192017 0.10260325988218 0.63957862957137 0.05191131458368 0.91492055540331 0.57384382580724 0.91231234045640 0.36447544333192 0.51062836000238 0.60410581523543 0.84478062899021 0.71521676065524 0.26660271875276 0.58985395544319 0.67619615828534 0.60522292101844 0.83687024773681 0.90077385833778 0.18536115713860 0.74091043876962 0.88875576866394 0.64134880358220 0.22079246891870 0.27082504889265 0.37781532618756 0.21546608735461 0.64631195300731 0.11112521796186 0.89726674297651 0.08042083100396 0.04216152767929 0.31235639282925 0.96983789860137 0.47654118846447 0.75152384720359 0.63628662354118 0.54671120858910 0.52235945696402 0.22538958067091 0.00610245443105 0.86490878146322 0.24900283900442 0.73044011966915
0.43559347698001 0.28908057794908 0.67711664946066 0.27699498566634 0.25904758322925 0.53353704346918 0.76267518795264 0.63102295566707 0.13642069703215 0.64068464617435 0.56844039839231 0.21856638099176 0.92501770405709 0.22461604824335 0.18203529448834 0.15283920489112 0.79978177462892 0.35422652822913 0.49690704308598 0.61490899095899 0.78570003883139 0.16828536460127 0.25101677479507 0.09534535452259 0.32550415737789 0.52053270591785 0.76183459390557 0.32409872981331 0.30366042508073 0.43602157448610 0.59808507847521 0.30574151585950 0.38735430314876 0.23698691417692 0.39471708938661 0.42031616135781 0.69673911486464 0.74222935638391 0.79044381156164 0.14049403169541 0.43529402710853 0.52085913069353 0.10035418672176 0.20199026215715 0.89228858691293 0.29024037397376 0.65900428154715 0.04196730116686 0.82788374635063 0.88725878540231 0.60712077124883 0.14193638496149 0.65129552281691 0.86503704290383 0.03623266195751 0.14351496178329 0.15867589518761 0.49514358346995 0.43262423408929 0.56077250488875 0.27352244712543 0.43105730612980 0.90427124310859 0.96863146505565 0.79317471098029 0.70563183736814 0.23766005256337 0.81091436289157 0.39814908913703 0.26266067598143 0.98660862108259 0.93613010119018 0.03137326519227 0.91839778853474 0.06991546043091 0.79952976801703 0.52136461568983 0.92969365611246 0.15932223358982 0.46950377109525 0.48434047037272 0.23035882585522 0.94147545170034 0.56346544235077 0.84718597649263 0.38017096981182 0.51177117445049 0.14383768533690 0.51501152782289 0.63079808207169 0.29001097913820 0.43390307154525 0.48556900445108 0.51042582808502 0.55180741808508 0.49082494673338 0.81218827989972 0.26140149583219 0.18428260751544 0.62626543888395 0.20088912409649 0.78175863216422 0.47907778033463 0.24401678399347 0.01497710972644 0.84954247977017 0.17309018563937 0.88003687190827 0.38267720972362 0.80913693273101 0.12383377990640 0.99612495371820 0.05991651490127 0.15753197647119 0.37247558836533 0.83079101742026 0.55939227560216 0.42970285422012 0.03025890693540 0.36933526643844 0.96585596977747 0.90408257967925 0.76181872598326 0.64372835462664 0.68404586152772 0.27169614077312 0.92547294073781 0.76670209129452 0.83551422184011 0.19157442067113 0.08336109119994 0.96972356166792 0.25046808211803 0.80044625596464 0.49804686127612 0.12177993146781 0.54834914706243 0.33983970010486 0.11909845190761 0.25514672749350 0.78473850882426 0.60092942281344 0.10996444612924 0.95127091825187 0.75182711602080 0.42124757119743 0.03778723889221 0.71032329068785 0.40582565727841 0.72718392173414 0.44504862389753 0.51789408469642 0.60812692157901 0.64616578371409 0.92228505875017 0.92061457793314 0.36043685873279 0.52931991860803 0.42174110628211 0.18498358415640 0.91338842371333 0.09823431501963 0.85654819380955 0.53642353462147 0.57210918665452 0.82061244605595 0.40159050654937 0.90429165263097 0.79519508446645 0.70738147542130 0.88069944729090 0.14628703293394 0.45977861261961 0.45400919289768 0.68631265390850 0.53397058676388 0.59964248098706 0.03811378939209 0.94450181751729 0.57282009866456 0.56348002682318 0.93016067480660 0.57360104524690 0.27650460931624 0.61899065668909 0.01070628790216 0.21729044836476 0.47584573478177 0.23018833953057 0.71686847416622 0.35315284196840 0.34540461236008 0.80234935932767 0.78150488209675 0.66298360190840 0.31044968781609 0.40138210972716 0.54067624983162 0.63700121680114 0.69856925464453
0.24770317406837 0.69877357606527 0.37593699892626 0.62808011018012 0.98391760853945 0.38970423168902 0.34982559813928 0.95605650102285 0.12025596471168 0.67366854808882 0.18919734715191 0.04567403552564 0.04369821857759 0.47943234892394 0.27351293600280 0.99630119305117 0.29278637215852 0.81086157778785 0.10552422197910 0.69058682827116 0.68943951751058 0.30214985254542 0.26471301286203 0.58185066508064 0.23807264580515 0.83511484814509 0.54713941169218 0.92603375888167 0.55986639878049 0.53686633958872 0.15099532838313 0.68964779817519 0.11422371919087 0.63989450264579 0.97793749638064 0.25829286054471 0.89608117885337 0.23366435380406 0.35277721223420 0.08829919099752 0.22362782399955 0.43111459767158 0.76516093987836 0.97336400593433 0.98234695990729 0.37149496556960 0.88039710260285 0.86247652230778 0.43608388084235 0.71910674459589 0.17910036429663 0.74728838319416 0.45250654229590 0.33448927500346 0.05649873197714 0.04767011590369 0.80696116144824 0.76163695764329 0.10979414146593 0.81545719573898 0.31176262284970 0.01418702676976 0.11149756715945 0.28666679251032 0.39071158491252 0.43027938369815 0.47994328220979 0.65006190256575 0.80423311650263 0.12633185438186 0.27761040457713 0.44011218466997 0.38233475982333 0.29594421783966 0.76752171754902 0.90096316652905 0.26789415887803 0.57030379564373 0.92643703503186 0.13131209528057 0.85547578780228 0.44980221317504 0.70311220975458 0.41850336872837 0.50050227424472 0.49302669025092 0.28479751470414 0.71757018608212 0.79809275440169 0.05417719607866 0.07325782354223 0.54880632984292 0.36198999403295 0.59837201801615 0.76335272268723 0.56447838345607 0.40798662607227 0.99077013804515 0.64256458070947 0.33344037698108 0.60567958501146 0.77627208144656 0.43701037692916 0.38688023162275 0.36543582224837 0.45033658052111 0.44866456939763 0.21602113172713 0.77130970570307 0.79507829075838 0.28812577063325 0.08419645696561 0.00574408950883 0.33840481629588 0.03544351596827 0.73875202766310 0.75165428738492 0.92191956796596 0.42930113192826 0.63625727664893 0.81084850623547 0.16236629087563 0.23315590187431 0.66678600315483 0.95917222632125 0.48630201211174 0.11165971294017 0.79704529693733 0.32055110395416 0.91785097504804 0.20214396797852 0.16805395184861 0.09083307310069 0.86883896678072 0.23692894074853 0.57992204935484 0.44820473443668 0.55355612765824 0.44269732935370 0.11916850578683 0.80956357630866 0.30289365105053 0.95755215637170 0.79550261346682 0.74042073126397 0.29018984572271 0.77859379731175 0.23899696671235 0.38671841424586 0.83900289340069 0.46435079473029 0.47950593665758 0.83147751836500 0.28701974030710 0.84643071283988 0.64525552642211 0.61113500230560 0.33115358071119 0.51596835940081 0.13229373249241 0.99745206966954 0.26362035607419 0.20168708023306 0.59907393812546 0.00040808855295 0.23022422905577 0.90524564265371 0.97682497452271 0.77956138178369 0.85389572559651 0.86880780716331 0.29848645381180 0.10820473073782 0.41562641553657 0.28935344895379 0.53857262729130 0.54024133216481 0.05943615248252 0.83009736731914 0.90554351264997 0.59481881976620 0.57578642674422 0.72126360211465 0.42182004439743 0.11750245534632 0.43375837210002 0.92022517448138 0.06503753079594 0.48929576130516 0.85392435747136 0.56771557745809 0.72894680122940 0.99689935400393 0.51572975530533 0.19831497820701 0.83660279247994 0.49067906899249 0.49038672433814 0.40253614560193 0.15812828144373
0.84062546035443 0.01077663271415 0.07953712440469 0.87597355592090 0.81013143477665 0.34302195546575 0.94323079678802 0.85919883670598 0.34953345668447 0.24146841703255 0.76443314361112 0.78917455737636 0.35131949564999 0.64756640827840 0.03210027086064 0.80508996260982 0.80977051280798 0.68690789600977 0.84681287969855 0.75659137840944 0.11159493975888 0.89729312596091 0.17657420200743 0.00472285314736 0.13402358131253 0.44610994067968 0.53545062308792 0.01793875871796 0.38885209851363 0.31329818631030 0.76451840382643 0.81446329968390 0.04254264754608 0.11036641465036 0.65863327068819 0.16401266836701 0.93415880283818 0.37430246555784 0.40047190494095 0.98104486259488 0.14214607353893 0.88545681577501 0.15480620036986 0.93944510828447 0.79395370577898 0.62652618924382 0.18322138905874 0.69444103519979 0.10741558415050 0.68363396370645 0.71997164113075 0.98603990028659 0.51989952718425 0.09624934188539 0.98350288185077 0.34428334049377 0.57580723227340 0.06101732126081 0.63451582561879 0.59375310141758 0.68287461808554 0.96762281219860 0.18537753131389 0.79261404050449 0.16031046027641 0.92172764295686 0.82056160107957 0.91578169087657 0.57229592078615 0.71033009960429 0.23645974789247 0.91798536725852 0.64101457757192 0.28075187357084 0.59808058033359 0.22428962154967 0.22829210332693 0.68321731841040 0.87389068630004 0.52274046073655 0.48034558742272 0.65196714716623 0.99285699476369 0.79243052142523 0.14657005482414 0.15043062135119 0.26169904163784 0.24447319736675 0.70216860747613 0.13229888352513 0.73606592709927 0.13067434137855 0.22446499038819 0.86454240376385 0.79916074018752 0.48250758406591 0.07640185229763 0.28140274597817 0.00196143509769 0.94579567654686 0.70307729446929 0.47757702556405 0.29563965273309 0.85190776940498 0.30120901480325 0.94850194543518 0.30991789835093 0.64234163389903 0.70241970973784 0.26956132907127 0.61435087483723 0.34096599565815 0.23497688617682 0.21136623243281 0.51007600070260 0.54648719598621 0.33637537682877 0.04030977313578 0.20482402759593 0.30145661214071 0.46709273279170 0.17569252481060 0.71240607785671 0.49697327444041 0.29670223293631 0.67716603277306 0.93417132555719 0.03049761125718 0.78167810920205 0.65077516043380 0.24454983475744 0.40554564946925 0.39802584444145 0.95874330350760 0.62961647722902 0.54335587712166 0.74062839413250 0.40538301789200 0.57040709012112 0.99040449615801 0.50492841182329 0.45408065733524 0.84106996714684 0.94203174635389 0.22128269261889 0.18270507876366 0.87086305452022 0.99251441849740 0.54438763257208 0.79217357679016 0.66886255033440 0.85109298093443 0.93451614297787 0.59098408030087 0.85378040351346 0.08298182680167 0.93384027554888 0.52715166610452 0.11945741258151 0.48662612756048 0.07521190970941 0.53855650046166 0.41752847411126 0.87762101677986 0.13676279128709 0.37809307322305 0.61110074450003 0.73448229629963 0.09367791760903 0.44624215273960 0.19753369953519 0.29001797346814 0.65488411629190 0.15360228799932 0.29282073510254 0.60073847789234 0.63011360825852 0.79915160008146 0.86793916803070 0.66944137322682 0.54627922273347 0.19466871284450 0.51952698359992 0.07391287945042 0.50925846977323 0.67929617800408 0.99600080397687 0.12150190537001 0.96621783279761 0.26926037705830 0.97153576716721 0.82382010098209 0.13665373040571 0.89153067217524 0.96719256330466 0.86478629186495 0.13334834177964 0.79034344402759 0.99505750087249 0.70582185572973
0.30064653361330 0.23841575390884 0.29452468407768 0.16848440569971 0.01854054354540 0.64580438793420 0.68727922680704 0.92343331496335 0.19467258982154 0.59833358678670 0.80156822922265 0.53211488880631 0.50057533411209 0.48103932194853 0.60933323984030 0.94004283504220 0.55500828664842 0.34833034659605 0.60893251070233 0.39263677844900 0.18240800128270 0.01015665207053 0.57460965051548 0.32307351487764 0.05287920062892 0.34869633932177 0.43015026428177 0.64695919796081 0.48567170480829 0.11727426335572 0.46351246528083 0.70620779593630 0.32636607770132 0.95457908189572 0.79357675351478 0.13329617839529 0.73158497838147 0.85004224789051 0.60871946215863 0.70860491889205 0.45129613903916 0.02144907306085 0.80314414746810 0.11431587154208 0.63518184392183 0.02767506983799 0.27985968451471 0.41334378357339 0.92045859366101 0.23475651777430 0.98843596837048 0.93294945094072 0.84716796250978 0.64719904208480 0.42501394733913 0.56578554804297 0.07542176911878 0.46583560169866 0.81380463538762 0.19981803917540 0.00166780885349 0.49983446986383 0.97729239800029 0.73958219251772 0.23187344201324 0.62094152632773 0.02505505962710 0.74818103027893 0.98384168335353 0.62017431723850 0.15880592801789 0.05195836435385 0.69226530463645 0.03671333788819 0.38857523219254 0.36986603169320 0.42588162934313 0.05006482170777 0.45508074562137 0.18308086761435 0.99509822049854 0.14116556641125 0.95209469713225 0.87238182351995 0.43283676085067 0.57023954379881 0.92613437759772 0.51809500431675 0.88428714084029 0.57845766045544 0.61088295628585 0.95133179384675 0.17722396751477 0.46289392711047 0.08277256294961 0.80742092587587 0.62251511062156 0.35939448816329 0.68374083290422 0.65636476158971 0.43806230224794 0.58971170637731 0.27066483103900 0.04117039685925 0.39817049470540 0.36443450344843 0.57062620901167 0.41694235437580 0.25570045473393 0.31020527756498 0.12784399090625 0.89210519778044 0.84253837069513 0.46471738637311 0.03055687538329 0.45738117477866 0.61232588683879 0.39003221853031 0.93247650460403 0.26859539618786 0.33617803545413 0.31770974491471 0.10494436841122 0.98251232769187 0.95353509091652 0.52774971037511 0.49747391417077 0.54103839006238 0.17973346599804 0.40490178861357 0.76208763564338 0.66997900684170 0.47412957720804 0.90893742062844 0.89808329756935 0.67790811325483 0.25908974960875 0.00827871465708 0.80305282753801 0.96027039291709 0.94941160416948 0.16134878360431 0.98688346984548 0.26860258978236 0.38996510065358 0.08953014810646 0.30550409151195 0.72635876172251 0.25550559630372 0.60894565195511 0.16940862629896 0.01829856916028 0.58379110125115 0.27276200317162 0.29897745352165 0.62051274853267 0.14451026702451 0.14834945114419 0.15830815351474 0.68150332535889 0.71769060887573 0.79440030359539 0.96459733468496 0.05013679343055 0.53086467131100 0.64605041776629 0.10571835141763 0.05316020106280 0.24155940042390 0.82496371599547 0.70055877620370 0.08742023709276 0.87522966924440 0.13748062753955 0.49702288480016 0.47555189214286 0.15649802330869 0.07837343962985 0.77641165026874 0.14657799899329 0.90440110234374 0.18943763910400 0.56231133525124 0.42832173280592 0.95846269316062 0.25994315897164 0.78252985234623 0.95961862009456 0.86207506711897 0.20329783091738 0.87367534532134 0.60147745984720 0.03538976449455 0.03321113113301 0.12958128371301 0.61471003741660 0.21540939896944 0.69243609295158 0.75941695943166 0.25400724027867
0.09540959612050 0.06116337178982 0.82272338678380 0.67570866202787 0.01852927501608 0.80511297458623 0.84583424353101 0.84694612372106 0.97240086442198 0.03206706377048 0.61975963779873 0.48711159959447 0.66246792909575 0.06800481121962 0.28048678473226 0.02049340024531 0.48140375126338 0.43779242625600 0.53172609215465 0.94497896935047 0.29785334012535 0.45906807171897 0.82335969661735 0.99778339460420 0.42399505211953 0.50716539288988 0.28255459280483 0.22137381809800 0.85583212402918 0.68167118560999 0.85729203614638 0.21882319613946 0.21546058710890 0.77779192461225 0.52334522554742 0.68827563646292 0.50935990805599 0.92957123650062 0.37462915853780 0.12570976181569 0.67152597576874 0.55454964750318 0.10471840348885 0.06960564460321 0.93712847879187 0.28920204846478 0.31644081920063 0.04173801204576 0.72773013219848 0.88747812799903 0.30596326717265 0.10416390851047 0.89920840637797 0.31168661446179 0.03893367155679 0.52748306124419 0.35286236962853 0.09590715389738 0.72797118935666 0.05150701704869 0.52832041916064 0.36190582385142 0.70989979199493 0.50836586889415 0.92874093221694 0.45802400788964 0.42109451280115 0.63174954433289 0.53114023639799 0.82692968961855 0.95351628368032 0.76809019330794 0.25558051296942 0.77863663527836 0.49527177561476 0.14766495668443 0.25008420828273 0.17203490760163 0.47500526090638 0.13397381068143 0.04480131252701 0.97461011656212 0.95700389810335 0.90189467370457 0.33661476281183 0.50180465189329 0.95383922380798 0.31381891134089 0.17255972036929 0.22557166808422 0.53717825326167 0.08945154625822 0.69178574218695 0.53980955945352 0.84796646748169 0.47559043759438 0.48733540028329 0.89388863997903 0.05499828011559 0.69655968604729 0.70535099427644 0.11225306615435 0.39658250095215 0.08924251522030 0.79116252802674 0.88261178351183 0.54893577333925 0.34898114862826 0.75075049524032 0.21476785198688 0.82300975554492 0.61437042898531 0.60354399455636 0.89990857739804 0.09148954586010 0.29228239776067 0.80959954570976 0.91564672767252 0.81761348397190 0.44521655587341 0.37775756014744 0.93589760246318 0.43848068468866 0.68192682254304 0.92888416784716 0.55317318161626 0.00899124589862 0.12443279869493 0.44505646274722 0.76696503145477 0.73672572381251 0.72602605492247 0.30434564405380 0.21569178763686 0.26627767409923 0.95245957469614 0.96083188258174 0.16185467316394 0.58777140595593 0.56343126505418 0.81197167389665 0.61499567769872 0.02008876479139 0.84671912794579 0.45624325777700 0.19623448492695 0.61149702459506 0.09224079389205 0.33938537716234 0.37752702110474 0.29992861451692 0.54855413429314 0.91588008852256 0.41328056264025 0.57389549041211 0.68940014107709 0.43690367751584 0.95135435561379 0.79403019507911 0.66011145215773 0.18191950457179 0.83535246658680 0.94467303240693 0.29736464191648 0.93566484211961 0.56874156526091 0.20556543760710 0.30621380388384 0.41137497507270 0.43656053634961 0.19759023725727 0.63792970132572 0.37901441044531 0.40126725123236 0.93720761572603 0.96841228367042 0.15468828654104 0.42172095332391 0.21871769377218 0.80670612977163 0.04936902228848 0.15122566166434 0.48311242131338 0.02213433248783 0.14742789284346 0.06648661458606 0.12104217768015 0.28284078924457 0.02858085085333 0.73541715251241 0.24610293144653 0.35297564846138 0.21689711088467 0.98816893095795 0.31700576949803 0.74601234505260 0.67567960502966 0.01590988962555 0.31505971767573 0.75745118817855
0.44525483457968 0.02656787532650 0.76553033911182 0.75549545322412 0.33188237985773 0.88990901188396 0.80637788934158 0.69200894819429 0.60592238058487 0.30053637102411 0.54208395500294 0.24558242694383 0.95675638062672 0.62861380873604 0.39057897895674 0.81863910628718 0.92659397382658 0.09941436908008 0.34995588618152 0.36451801819606 0.73229285735595 0.30231128229581 0.61434545780193 0.95802663240330 0.65050114348063 0.45473351243690 0.44849281786328 0.92016237947764 0.57349408153694 0.27981039427512 0.21198061061362 0.63424190825640 0.99036538619972 0.89727372545321 0.11033688617686 0.36986922668913 0.87967489496599 0.01883821046265 0.81952893959099 0.86615606032863 0.13357575996570 0.31614491849027 0.60023273225660 0.22849761380603 0.88532279854001 0.01057775365179 0.02559629448976 0.16202272114583 0.95694382776577 0.10247197713626 0.96526760018441 0.12650432799317 0.60024761758012 0.51537352315094 0.13072295519478 0.51475277366242 0.56834269115624 0.79205682207478 0.60592454529380 0.17975108430919 0.09579771684562 0.92232340214564 0.30986880580768 0.71284999478658 0.79702281199262 0.93688003207591 0.70984462195264 0.62826298582532 0.36428506828669 0.42766823530764 0.25022174781383 0.62159390242601 0.14361615149715 0.71174073543925 0.55266950425593 0.36780035714464 0.98847870895168 0.68132872238518 0.35276796411876 0.51153296593170 0.00622944110824 0.13076251671200 0.63150338601764 0.43318722646114 0.27940074703048 0.62163370436907 0.32356602060274 0.10993011524667 0.96302612908581 0.85798482251357 0.75757175286110 0.48405695298720 0.81933539083104 0.16440911752975 0.35523186328487 0.44582450817719 0.66026523474447 0.05912682570351 0.91310183394124 0.68375942341653 0.60773828121635 0.32908079084431 0.08741468259348 0.22956341643836 0.98727483349624 0.68826638162430 0.54929158888770 0.24136730510523 0.51533700210648 0.44713579326990 0.21027141356579 0.18940268493159 0.12568610918348 0.26512551572834 0.27072198775229 0.50684870205727 0.19544048951482 0.46282331794610 0.61052760693482 0.71264768076244 0.93639371941531 0.83699250031384 0.23431774279175 0.19007683884965 0.84284911372418 0.99645156818043 0.40921754791420 0.85987080063018 0.54941381246679 0.90664625253916 0.69048696600737 0.08108454978665 0.02482363904722 0.61448387255256 0.53168529583925 0.72441311544440 0.53656268641821 0.77388101895315 0.48501552647454 0.64793617891789 0.81760812495102 0.31874951961757 0.25404802678032 0.25550917410283 0.98121680519263 0.89624529573388 0.10984433048798 0.49316965473431 0.02534470389382 0.59388447633218 0.31319452948431 0.11044943509033 0.50727576693109 0.99026523839290 0.88768061199651 0.47130567692415 0.58603697745538 0.60953847747704 0.02354673328058 0.48722377303917 0.95608871693964 0.37253640997205 0.09346468422992 0.27955029120395 0.72648349712075 0.76213011566370 0.51376646266035 0.49170219343451 0.81429617304841 0.51367258143050 0.18014017359249 0.58888256010435 0.04154751226287 0.88936563227359 0.16915218833558 0.63510895922260 0.03002496980869 0.26704825022323 0.88279811664478 0.08237745467640 0.12545522724658 0.53040673329322 0.25687823243375 0.29389803759377 0.17417817606545 0.93751978120074 0.74779728006814 0.67192509931116 0.93453226286131 0.52872533477857 0.32731247917694 0.60217112117512 0.64163465471088 0.71068953488127 0.40035147064598 0.67672540844463 0.76436703083447 0.85514322156234 0.38887921494392 0.74906441769762
0.34926092516990 0.41424867134779 0.35365783335307 0.56347517731563 0.52490206389506 0.82550297693593 0.83034736329093 0.56170140965896 0.07129516087650 0.48232933470452 0.18752115305268 0.64214215239949 0.54626703070365 0.42254238332011 0.76610718761329 0.90397377091041 0.87096159419127 0.81310010190451 0.87661869963537 0.80824568541286 0.18437056669709 0.15984525034395 0.98795730414915 0.78792583344195 0.51330552160798 0.69831490201998 0.61387449678749 0.89145027037722 0.42895438000585 0.51681366908110 0.22523975690771 0.36067856203464 0.98693890184700 0.68579062609354 0.88053182987330 0.97456093981838 0.07446245868600 0.54319770641612 0.25622669020482 0.06655958642469 0.39861559622007 0.16765924052856 0.13789507216699 0.08916283003605 0.53158918412056 0.24154748707135 0.39964485361545 0.64457372397400 0.67058438610919 0.00061535010557 0.87272256594160 0.27910850479044 0.85054627709120 0.60289595313265 0.65041499454452 0.19383716093679 0.07994788775421 0.45714454970112 0.97440851395274 0.36612992578839 0.24281080085934 0.16885765129258 0.32720563735928 0.71247546679379 0.69970381664046 0.11275000674669 0.91138974875114 0.86705989424392 0.94688564337569 0.18135639127189 0.55085827893308 0.59325155928734 0.71101840181259 0.80638892155667 0.12975631468532 0.93234611100839 0.49040132724780 0.77511145599133 0.99752282089557 0.21933488251386 0.02627396055034 0.20979570062094 0.75809952028808 0.80389337073952 0.00349950335518 0.52094093044195 0.48430229591282 0.76084620001247 0.07673030684544 0.49751054191192 0.46788137647855 0.12849054095116 0.38646786871345 0.68582182914909 0.92542282946356 0.39316282895298 0.36994541570819 0.47471458008806 0.21026664935846 0.26892777121238 0.75417222574242 0.80150567961354 0.13645868937056 0.35923674708450 0.24058005669557 0.73962323471101 0.51507598527090 0.76227068946066 0.72217624785603 0.58825987866787 0.14970665429762 0.66418176037446 0.94558476123182 0.05424560164561 0.81836710413880 0.49581721996904 0.11757847425529 0.07306147438656 0.59175236234889 0.87915237572890 0.35436163628600 0.48258629681254 0.61288638626094 0.72200843964187 0.64743815337723 0.76754510902558 0.22086597948407 0.14492623779379 0.04115761040353 0.22504306304078 0.07423848889836 0.93487861137867 0.70788658006439 0.71629054524183 0.02221282676292 0.46485483163328 0.50413056216378 0.96616883378181 0.38641377632835 0.40858808245272 0.62241225781826 0.90115802215594 0.51861534818401 0.44786101126686 0.35952161904931 0.22510254500281 0.49070836251964 0.45897988750994 0.06799303261514 0.78003456737060 0.32776581462681 0.95489498856406 0.58964956961961 0.26735274297901 0.66001238383281 0.95870299236823 0.68139155493448 0.51993807554649 0.82654663619177 0.67783067095664 0.36741792371369 0.86750410173189 0.92639013038458 0.80574158972444 0.07967274179051 0.46454170908287 0.98298940603760 0.65455188888903 0.96932828906808 0.88354176491188 0.61091393412184 0.10244442427428 0.53912994068715 0.99816325635413 0.43219844624324 0.83783878060325 0.35077473635592 0.77687574937246 0.71512213352690 0.08259229757177 0.15709595889188 0.32736647587802 0.39273703944266 0.10618238665153 0.45196498561797 0.08881082586473 0.52645417015559 0.58323078062635 0.56585103677255 0.26144158024131 0.17930875715185 0.32266351618936 0.90728031181373 0.47721077731317 0.29808318636954 0.47111567781214 0.30520769240830 0.77049231152153 0.98696329349688 0.17707203480671
0.83411286745486 0.07801752944821 0.14993198206817 0.45890849558808 0.65993581160694 0.77661432963375 0.83560703155751 0.06138820761405 0.16137976548135 0.28259143840566 0.29599848588867 0.56005320637045 0.18527602547729 0.84865385568937 0.75428027117170 0.41839211315492 0.00470421815585 0.58396777848971 0.11490151456143 0.43232070678216 0.30130890653844 0.09215860689845 0.57682568082634 0.05444466363931 0.01691092231400 0.85877650405679 0.22885241702587 0.53117475525917 0.09065631944377 0.20976600709372 0.98798196277967 0.19400089623256 0.72472169185908 0.49821058340510 0.11810477243733 0.34274873129122 0.71777991604143 0.27150756128970 0.33955108092545 0.15922686616275 0.78652657922565 0.73753754443846 0.78118930934042 0.67214317114952 0.45302821457038 0.14712322203867 0.58849430551844 0.91121628412779 0.84362934307557 0.05971027201692 0.38913798700314 0.31368491090488 0.63944255541327 0.18944713618087 0.77249358811025 0.16878008190968 0.01928396879299 0.01590200031845 0.32650050480908 0.57062931575201 0.69146578652739 0.49197062709105 0.76312513726668 0.96663378589138 0.76010124441393 0.57299864207817 0.21145561538149 0.37545919241728 0.10810289373711 0.56955543727853 0.20646888489721 0.18792645996406 0.39153583484697 0.94403384290668 0.74502294354593 0.25403435975823 0.87206771461024 0.87677791088579 0.66425883562589 0.44738117710313 0.13486238784560 0.21705207790484 0.46869477619105 0.72127294045914 0.03691622388019 0.76158457289644 0.59238183727905 0.28452951608668 0.96571213801763 0.70798773566742 0.10551693751139 0.62415198874757 0.35972290831147 0.75076240713289 0.44830577387259 0.06050967564221 0.94568659920525 0.95624257587151 0.00314570647736 0.24498054345626 0.85153964040021 0.62801630346700 0.26958491152700 0.19658150206224 0.84256661894880 0.71931767634292 0.82638263969044 0.23498911151306 0.20503594368352 0.90899934589422 0.04595197194233 0.21175648850437 0.19340569285587 0.01877692136241 0.60672838551315 0.85619753977833 0.63189829457670 0.20869579143251 0.28133024882345 0.48116320518291 0.27077593305280 0.79168431687018 0.10452145478581 0.90606635979099 0.43607046601505 0.21446755423539 0.97771415861391 0.05275998419262 0.67899779301900 0.24742398949511 0.21197900247287 0.49550549461972 0.77332260570773 0.51504073273529 0.57725136578803 0.83185398758761 0.71536535055006 0.38014258199075 0.71896772061086 0.62260761031969 0.80838550298613 0.58890280078562 0.80108238422100 0.38268158051954 0.05113717984876 0.20234938676434 0.08704249305478 0.92488517023938 0.16125703735744 0.76302425711488 0.06419507348442 0.60778489997041 0.73753590958922 0.15401739275238 0.90240432541152 0.82312467812334 0.72517758030610 0.63688714558489 0.47870686966042 0.76086954724479 0.98619179445589 0.18103676255554 0.68685200793845 0.41880097432888 0.75576080192495 0.72832992425878 0.69244690395948 0.09032443908210 0.12744726242831 0.49882621889792 0.35620297981960 0.60208683838855 0.38050676415563 0.28458142210826 0.99823420319841 0.67887662992175 0.48127870344866 0.75162718364102 0.28410280227263 0.43597825526383 0.94943155464769 0.30650488129943 0.98355189059410 0.15395912478217 0.34623599689771 0.71796089214988 0.64940340673189 0.33891186981644 0.90718661476817 0.56456066251703 0.21983617742164 0.13064749144315 0.21134890767827 0.03405934288634 0.31461858814780 0.55221145634683 0.89138527210683 0.60447525377037 0.67440169959068 0.41775029250197
0.26629492602905 0.71534487999711 0.86791331262298 0.32464383319950 0.42394744158345 0.87963855087332 0.37794345764278 0.45643033194267 0.80300426849446 0.50946392831987 0.03928006675931 0.43875112595688 0.64720747152837 0.62258173109071 0.86117117255665 0.14900218544276 0.51653372573157 0.51249487165248 0.91596645664003 0.14129898551263 0.75376482956244 0.94469019328326 0.81460392896713 0.26870906159182 0.66134894104555 0.80328156300822 0.04296237284304 0.58318174299410 0.00539227244097 0.31193553214081 0.48093963875688 0.90005044346737 0.05586142007872 0.76576734625717 0.29846781119218 0.28421210605341 0.58296932596946 0.55069526482123 0.13393788382918 0.32575828003346 0.31018253043642 0.38033317068007 0.25410445351320 0.08812193339961 0.34625780735598 0.44718278153817 0.19787767856870 0.32520684948867 0.46261844762978 0.20831564195377 0.69565390831093 0.27816750550052 0.11663518172685 0.27523584190267 0.21631673248432 0.03097115281829 0.04177229743569 0.68466000356425 0.15200639191545 0.50455278064863 0.96510568562271 0.98774076202793 0.71819015625244 0.89695188674433 0.87444335287776 0.04518413190290 0.96537792281398 0.85557088059899 0.21572757637499 0.38806438881704 0.07517465424415 0.33023452114444 0.49072159702243 0.30872801388691 0.23766193123976 0.05233410067288 0.59441651535005 0.56896070706701 0.33030335685644 0.73796027994685 0.04755565856099 0.42168255040984 0.04645372034827 0.10431051480779 0.23417963317841 0.35458308309367 0.91013103204503 0.39068944132499 0.34107666633181 0.72880476924095 0.57681498986968 0.82304162433267 0.03040081354316 0.45188145699156 0.60549641456105 0.70864148427200 0.96122365255353 0.14291940751945 0.37176367387686 0.42469108233423 0.83486348843386 0.78898718575418 0.28891085384391 0.52216017305572 0.25358267217589 0.35431527394369 0.33328315131050 0.36700366566070 0.25482456325721 0.99953488401290 0.12264862984198 0.02535909575924 0.31969688340610 0.95971424906747 0.86106539829770 0.42598193419088 0.45706088928304 0.73994581275053 0.36902584719366 0.71708961952989 0.03879416312340 0.34545830596038 0.92092164343151 0.49389272375633 0.01581328214524 0.79427695742964 0.49726092331714 0.58541658475700 0.79743803149219 0.01336459399116 0.62282332611690 0.72436511116131 0.25738551112665 0.11154500705397 0.17861334448728 0.02548756420977 0.44504991076344 0.78678477497283 0.35797597948892 0.23266392368457 0.40640257397777 0.33896406541087 0.77310664570962 0.03382048952501 0.53703917370895 0.64804354770387 0.30404095804778 0.14057431366474 0.27061786241790 0.96552697336838 0.48146182868362 0.29906184945389 0.52334282947400 0.40951080957326 0.98250164105157 0.91337963000492 0.98954362029855 0.41106279635881 0.07025370950033 0.32612675452506 0.02472408884988 0.29788121110101 0.63738238111960 0.98035069023858 0.06719489382743 0.38172384735802 0.29503282355665 0.10551664056172 0.76549239083787 0.70235612119360 0.46396482933994 0.15896465644322 0.27108882160924 0.41254233406228 0.69872005816091 0.57792560151486 0.00147156391383 0.69871018253356 0.49866479803798 0.86199307538059 0.29821500220767 0.83703991557040 0.10285276181333 0.61759522471692 0.93261555085829 0.95450112103348 0.93495923024812 0.08390511773521 0.98820359935664 0.37044014987877 0.64245104104570 0.34424992403815 0.74688129223973 0.13509247689015 0.70534068581078 0.30123143131860 0.31921814841479 0.07662159708201 0.73522040502039 0.96552249309741
0.52642008707978 0.33468199700662 0.95439031051281 0.54263737851296 0.55757529671558 0.17509100725811 0.91921004550222 0.27828565211879 0.66911922882183 0.95752264423893 0.81682038039820 0.44337522490769 0.87812368055701 0.40631287478333 0.37661463086698 0.53243843984338 0.84484062636092 0.49054612729209 0.96165170365263 0.52388316010012 0.20228136587435 0.46728355765107 0.43021983164262 0.38315419792719 0.61157090039843 0.99282517086130 0.08461152591593 0.65713718086182 0.72199732815238 0.90839591277000 0.51204838791118 0.07505947936193 0.52908786206431 0.49613510437766 0.88477930090617 0.60483479325833 0.58334443259809 0.63062303216085 0.13350480722154 0.02415267273731 0.05588879702955 0.23981654960097 0.91834874025742 0.53641840540078 0.14218257754593 0.36538824168776 0.54923894932230 0.69712096141385 0.51916570906553 0.01339338088460 0.84223473363573 0.55557776038460 0.71233748163789 0.41798522251331 0.49109796749899 0.81665511386678 0.82811145660418 0.30049440011602 0.16023888658265 0.52173598320800 0.12507919863007 0.25959349641353 0.52325375681598 0.02453847809037 0.53440323201067 0.76654732296189 0.19336168751082 0.61531265784967 0.61890708982504 0.69572607421219 0.42301564287557 0.22693746758636 0.19181443831936 0.07675517179861 0.61716255606192 0.24706159592422 0.05291675449113 0.30793138219758 0.51919214251610 0.55596474895989 0.40047583541090 0.66330871915458 0.70918580262011 0.49188611638270 0.35382965800073 0.06363816194499 0.47772291763883 0.13060615166797 0.14325641716582 0.14767865095382 0.50821746120304 0.91815333792140 0.60793361218675 0.61843286724297 0.14443656735807 0.08808495712959 0.26930745455194 0.08501931697898 0.99085383911102 0.27276692493997 0.10566305503522 0.22319119886515 0.42029305131204 0.87776748371009 0.11591079284881 0.93295737533697 0.39636207011663 0.92871791227438 0.97543791129206 0.15188437489869 0.12599392460373 0.10720089782494 0.87601838614797 0.59424381677192 0.59630468651560 0.11362734471539 0.69769632519113 0.01149344013922 0.70230587823017 0.18759792017172 0.11038202089284 0.45564952067633 0.52161818346612 0.74823829946213 0.14439160678538 0.37295536598469 0.91682211842415 0.18191323576754 0.25368913329478 0.68099430339277 0.61065772506509 0.56682975658454 0.14216077544515 0.26123608494350 0.98683045700066 0.97702600537217 0.95351439716286 0.83717932367741 0.37611069450985 0.67433547049837 0.95916814624965 0.00615544198813 0.73853069777010 0.85535557105119 0.27594027707288 0.39218718061366 0.07882271559427 0.92087384386424 0.36293191160727 0.87599122124927 0.97112282755659 0.87248135750206 0.92925980007594 0.09476283316022 0.34847537336415 0.90714885355565 0.63948618404185 0.85693338695217 0.06050003982202 0.27064327392043 0.53561765110944 0.91850623723265 0.89891310821863 0.34187361587518 0.07395268410239 0.89627639264229 0.21535493256886 0.02484301825510 0.45147375685404 0.98586299838909 0.91057080224188 0.08893114685016 0.00051556702553 0.54138745108657 0.89122701379323 0.74052614212290 0.68901237892216 0.10477028209530 0.03657843063303 0.74935385623411 0.10338348657412 0.54360991770733 0.49420323064637 0.70421448052225 0.71785279086085 0.74558981471960 0.36488356864976 0.42194029013962 0.84790226622270 0.51051675939628 0.84169361414749 0.22832155734606 0.29618249301182 0.79549920344592 0.34586421548415 0.98891896827587 0.01551443274823 0.38961855516441 0.62696021657067 0.84153589567291
0.65593161728333 0.46442340859300 0.49331882690153 0.86921768915755 0.09276714483482 0.78086184464923 0.95783571400607 0.13176327622478 0.74016091573701 0.02209292840343 0.24950638614232 0.20667109327069 0.26051949897354 0.43977473037592 0.52770160471091 0.98847627720813 0.32269505785199 0.42001435237189 0.47788395287856 0.85447793763435 0.70047999654570 0.49687391752751 0.19508183942616 0.22028081360547 0.23849244618847 0.14781188887804 0.50868539196673 0.99953092453533 0.38438732631059 0.81817993941839 0.15927353919933 0.73157156788266 0.01090065574525 0.18639916570581 0.87470472709195 0.40857076766981 0.11859517110674 0.90428559431371 0.15467035402042 0.37956353823755 0.49974352051073 0.27847355655005 0.71499771248419 0.73697794181444 0.69095826240644 0.18239254287618 0.78622335616124 0.08662389969670 0.56583299466124 0.01767604143181 0.11585895237382 0.54204934058547 0.46211879254301 0.69384241224768 0.86190223826976 0.85995626775968 0.34497363941684 0.18382196841019 0.09738344908468 0.48713252669012 0.54026684651938 0.50062720146980 0.79515358364251 0.51217606972844 0.67171871210503 0.91348846235718 0.49464346947892 0.43305750006892 0.23191428263020 0.57332311732772 0.00681022824006 0.06555557369541 0.44117125234382 0.25769694963140 0.01302907156429 0.39144212978007 0.28878462170213 0.21719488432060 0.05078876154781 0.50084777275850 0.82595040024638 0.80318871732759 0.99382008606487 0.27406417565725 0.86521742511051 0.58040310948672 0.96699378853624 0.05061755496698 0.52079536629039 0.40993794271515 0.13116023054822 0.25579371116224 0.71024303772204 0.11432174931114 0.04434034585450 0.94182205750959 0.13883579281465 0.41677333495842 0.88197659397893 0.41261609900479 0.79560800526989 0.55144369219320 0.74135418914590 0.30220342335232 0.64236849055767 0.81331270996545 0.05042716565086 0.12394746637834 0.38356314481701 0.75938033233383 0.56344557641162 0.76024727619890 0.68607715253321 0.68185422351726 0.70373185716180 0.61071253522558 0.42816848940850 0.13549706828617 0.07064612508531 0.35139979256318 0.56473651199379 0.36291161999829 0.02489444078063 0.47024435395631 0.86985150630861 0.82270788717019 0.94002521868801 0.72904680930693 0.92560503799399 0.19743341725106 0.68896971661988 0.29588410341230 0.52390745383308 0.11635682203641 0.06953364928515 0.45633581592361 0.60197767168312 0.76828292848001 0.39462271709932 0.06484358236455 0.54880315430124 0.29406449033526 0.94416423613767 0.82450986695118 0.54165963423940 0.73023981868169 0.31920317899851 0.33355255296563 0.88746353766004 0.11644973183458 0.44432118231809 0.48919627995151 0.73247451351667 0.44075975667297 0.61923123483884 0.11921092427192 0.55948060066745 0.19339410363436 0.55915504610735 0.10164115521832 0.08446207191359 0.37388394788483 0.46599687197763 0.12363292166949 0.84969234894242 0.20321266205697 0.46835411778955 0.36278418507936 0.34334838509784 0.98121286054216 0.16164674218520 0.26845638032231 0.04224522353641 0.43587044845777 0.66889240983360 0.18947300436725 0.61054000770143 0.78824975762984 0.52357046573413 0.37550406477118 0.32282972319278 0.63375372224000 0.25349817808447 0.18540895961917 0.54208235654101 0.33870753524245 0.62469479629998 0.27786064543898 0.96836626121615 0.57094869903998 0.43590161039260 0.41565778834657 0.60721333551219 0.04682238371267 0.52084551966484 0.53897503831155 0.04698859328996 0.32762300076266 0.23750093354654 0.72521202721578
0.99899897055443 0.68920146220016 0.76490555392907 0.54259377928941 0.42768356302197 0.79214210373216 0.15473452105184 0.78799102155331 0.30842858560450 0.46916730240215 0.09149014592475 0.82156752621007 0.29670083226966 0.54080568886363 0.75648869061196 0.98050617054230 0.35274562191842 0.88473690340994 0.37854287894962 0.24813780224214 0.99632169613980 0.66697498053950 0.71484708923942 0.49088939846169 0.88245414902888 0.45773305298911 0.64654278508751 0.04561505270652 0.65624551904768 0.24781899666434 0.15484426929677 0.17534195874114 0.38730052049951 0.50073449144262 0.85137128080559 0.04941274342898 0.99048958414759 0.56410798959427 0.34881954334242 0.23940385695302 0.74828755004709 0.12039096439206 0.61179506197251 0.36689176706551 0.74106936887211 0.43688450550322 0.97897874684413 0.41743142824171 0.77992595994468 0.50379856022809 0.11740900355850 0.25078267892332 0.54885197318114 0.64961754892792 0.20703675387417 0.43766119580501 0.55730285811910 0.43235644037155 0.19904575251050 0.58214292994089 0.32145851755487 0.83551563135637 0.35985854491897 0.42907137496984 0.36418598279067 0.58627249279397 0.00165704002430 0.65360645540275 0.21223280389180 0.56020904128198 0.97912588232210 0.98049487285432 0.83279283902438 0.05399033041485 0.46835784542287 0.31333102098651 0.64908521898169 0.47096392879790 0.23691486004635 0.96591452392338 0.55120108582958 0.47730240014548 0.03959884505244 0.07269502437603 0.57000727799763 0.27396119905626 0.55670831698282 0.49273532524062 0.98426441842239 0.16110316807273 0.15407020066075 0.21675925128037 0.17686928876689 0.06617542295288 0.01125768322704 0.82751659786778 0.25538341946484 0.77999775348567 0.46742545989997 0.34787979084494 0.72134793046063 0.29223592381034 0.48576232340554 0.17485779745355 0.56811468458979 0.47915603315517 0.10066489016375 0.96011682778098 0.19590151522955 0.95074070198276 0.39790902594954 0.26382352457211 0.99296069336633 0.82775820618778 0.03090665290011 0.20737794245457 0.55811520149120 0.63220444939775 0.80591865084551 0.92995527728954 0.16845631212947 0.99692092931136 0.77452831351078 0.67137339167438 0.36453840811477 0.19097703987538 0.83726196944282 0.84396815192677 0.09490646145471 0.52523725988326 0.77601070739657 0.01903402405336 0.96689821346601 0.23506793288125 0.29968947039663 0.74563448894005 0.12310661895805 0.68667656665458 0.11941522358873 0.90283508777318 0.06901597072829 0.79187477390786 0.30685223042090 0.40817255273668 0.62557884275679 0.86018371853560 0.56441925873365 0.83866884931468 0.47238855889096 0.42084819854862 0.36486563443489 0.95054232616418 0.33282442695877 0.94060341674663 0.30891089643352 0.85681797249718 0.24199159472096 0.98000202476830 0.84601886419616 0.46258194352927 0.05147392338229 0.23235214753969 0.24453804007430 0.78720640000059 0.12662895142040 0.53360015707505 0.37019494816272 0.97687566157253 0.88343412321952 0.05534177047584 0.76674244521215 0.38797187483324 0.96979565876689 0.89428260178691 0.04931219339205 0.14733930209615 0.76176018672847 0.46206780346772 0.30045512272757 0.88040984706016 0.74020891418079 0.99091310812811 0.38894013709123 0.65953987482273 0.74687759536423 0.34201730991873 0.85092344700050 0.03520529827926 0.56018574618125 0.91139940593407 0.87130908942308 0.54054601133032 0.63363239379650 0.33147553710083 0.55967280960274 0.51368334688929 0.45788398709885 0.15059572048808 0.68676029955415 0.45517747552602
0.65069486221041 0.19864477881192 0.03550193709667 0.77818558776020 0.76014575253564 0.52892064276978 0.32721278257615 0.12822793444247 0.70727489847353 0.49511821820158 0.60385494029218 0.50013073313064 0.35114344880958 0.37003915859132 0.17169970176397 0.62277871665292 0.01114804285427 0.31285808350803 0.54950370529964 0.85445825362697 0.49646158207370 0.11952743066233 0.65325598659699 0.95638801546459 0.34129198638366 0.81226472956138 0.84391274540913 0.02806479556279 0.63997092194620 0.16492658247217 0.43969939078368 0.27032703898966 0.38393221091619 0.42336485144259 0.84381518630648 0.84107088311354 0.55866097844388 0.24144086947103 0.11819371303922 0.57570107997377 0.67345037062789 0.70398367981469 0.21325407525624 0.96587123734974 0.79179361261713 0.90604312983641 0.22943338379660 0.71988405279450 0.86590187747420 0.44387818100489 0.80902570299200 0.44286352163034 0.05832459737128 0.87443131429849 0.92145584124557 0.49219252024533 0.17992703054348 0.26068037390559 0.87017539224180 0.14612158428609 0.72737924111067 0.91554076397723 0.90828500074447 0.49750402624521 0.95158934882625 0.82287592232392 0.04461566073837 0.03842118484620 0.52882018839565 0.54974304504877 0.04090711744898 0.00061833214901 0.65430768919367 0.20527319533132 0.78201157841422 0.79111534314989 0.53209670209775 0.22831292227563 0.34934401777807 0.23982584036166 0.17619317963668 0.12176220369776 0.40481971113042 0.43636010862824 0.41019590237648 0.21941549183443 0.19150078579884 0.11059865441513 0.79865265147866 0.42501347002479 0.85825973461711 0.87748719310224 0.51134734041259 0.24811367014346 0.00312949447274 0.05026811987860 0.28715838936107 0.80521339747682 0.15894785473347 0.62988079212059 0.38972444926864 0.50795800496428 0.36105083057177 0.76735103551137 0.14919591393480 0.61747850592323 0.15555369876603 0.90106484451823 0.66044205914374 0.90155151096395 0.43198591119699 0.02325244659990 0.93781109931878 0.19215685981975 0.35925967998247 0.32054278239161 0.18352391494685 0.23143034551683 0.56167335828375 0.15428580148337 0.23640407383974 0.37880682169250 0.43837060524384 0.02558817200374 0.87159183603203 0.73689305813353 0.86794698169154 0.14256135512870 0.63431723131119 0.20390793960826 0.42084081937190 0.67055370905672 0.19347026999323 0.42417866448494 0.82441067508535 0.20635888362575 0.88576378337729 0.50045974410990 0.81738567741954 0.29121457963891 0.11420169594402 0.56975232327955 0.56410333905398 0.71026346550163 0.13402659386429 0.16396924458441 0.98246654624883 0.80094752070002 0.53784764124527 0.13168975018284 0.13611165882385 0.04915309254679 0.54269439150154 0.84571529705844 0.60415618447239 0.65151982303430 0.72086683592696 0.04415419315583 0.93111519222561 0.52927788779380 0.10365574934503 0.04993531388409 0.65652827068688 0.07248290339319 0.19949313533051 0.82609228883510 0.59417408091042 0.29240425490712 0.14450442452767 0.42252248294316 0.27518795280792 0.18909633408869 0.50242837763832 0.88285260964666 0.38405029282716 0.11812254704257 0.84148543954630 0.81106683760096 0.14808943037461 0.37145075284793 0.77792045663201 0.20669896182300 0.82819927223001 0.82625969729290 0.43964119243360 0.95683157231405 0.62379430254884 0.91316182425787 0.95630676689194 0.14089155326038 0.32455646807080 0.77320643914384 0.72705827016038 0.28502397590437 0.56558024475205 0.91875929579475 0.71606556460349 0.83779358852277 0.87907249512806 0.62450063005321
0.41043108766953 0.63006241695021 0.12859183928392 0.03162042932855 0.78399975420021 0.27171230125290 0.95638307142504 0.74917771893258 0.68650561125608 0.46806350541822 0.95146721842456 0.12948982534542 0.70415633931563 0.71923113345957 0.22996736402004 0.76012028579433 0.66490665845620 0.50185675422697 0.10429278600941 0.84170678022988 0.76581153777843 0.37999476121662 0.01173916228061 0.84801151302968 0.01554699079904 0.96297942871673 0.88449737542269 0.98542559086705 0.83147017883357 0.64189340004260 0.05857488975247 0.80836345354026 0.05991876793878 0.36087098193717 0.02755479165935 0.10051089554919 0.92426585614505 0.46905202671003 0.39440935637779 0.49478282910899 0.49954943216793 0.22520363985509 0.60812221190085 0.23672430096290 0.88002470609749 0.81085103910017 0.92095294150474 0.26982071098757 0.95685366614000 0.47859841507080 0.55658505741166 0.39265398239489 0.30014731661438 0.59809104813643 0.34259577802893 0.74960689821549 0.06636500955971 0.59272234416733 0.57284336765767 0.25065896345937 0.18901044465077 0.10087420776229 0.61913493334256 0.15537319268744 0.66169226067099 0.76917308470810 0.95004686643687 0.46595363602041 0.24696176857105 0.17489054080606 0.88724840347680 0.71004028453499 0.94332464063773 0.75394780192495 0.28173862014026 0.40040596637404 0.85759843893920 0.79830850044496 0.03146128395097 0.52538199793468 0.95486915495597 0.99760541511758 0.55604325283240 0.72825152592808 0.45790858201358 0.50678653813216 0.80005475730371 0.06924206223993 0.99748858126141 0.43957269574863 0.65517666985826 0.83467422411633 0.50164773341597 0.30723795102257 0.80949099998760 0.25630632236504 0.21546980237947 0.24555330923389 0.67047993892228 0.12479364484570 0.52428246841856 0.24446159450770 0.59118480592637 0.11857675311031 0.21347925409005 0.98822453707474 0.32806288450706 0.79824366835468 0.23652061039876 0.01692162078939 0.62304146720036 0.72177696127681 0.52607851528686 0.48454291638530 0.19798777026887 0.01343010307406 0.22904901185132 0.53837636426903 0.00432110942283 0.52964061783319 0.68291732628983 0.65425332142833 0.57452641931568 0.27572297181276 0.88169423304565 0.25565065670856 0.44717737714703 0.27669366372673 0.50010040012127 0.44617376183989 0.61534220871039 0.17708435643269 0.15062370310617 0.18625256298850 0.18060123366810 0.17295014442666 0.45015010257637 0.46720536695083 0.19862727994489 0.77661099435214 0.59232979216628 0.93341047555138 0.02220322019277 0.79977229919484 0.13628354455456 0.21581588289408 0.80955624977195 0.75626328085763 0.88941835658471 0.97459402825113 0.26451241172867 0.16255739856845 0.33760191248389 0.11478650163357 0.43720607450771 0.26816201995739 0.59031084663241 0.57099869060526 0.94254639641222 0.67222817029064 0.93590246550799 0.28123222979594 0.87426685360350 0.06415986429704 0.79800130073768 0.86732966305173 0.21069510265646 0.93483987581726 0.96750120226444 0.75451324570133 0.84973114444717 0.80634704254146 0.41334231549296 0.81299544936609 0.29821242187455 0.71083014544432 0.43209969304348 0.63765283370966 0.36167822659222 0.38114392706231 0.71700350943907 0.48887825629626 0.79630306428916 0.49484419175746 0.98256902359082 0.30048491706177 0.41085636917648 0.61107290205679 0.69944155151345 0.93875392662755 0.24213385653587 0.54703849341461 0.78211069098381 0.70454629431102 0.24734063710339 0.95350586705058 0.21054331385971 0.57347796986554 0.43615097902309 0.73747847665371
0.98724781170340 0.40278451911378 0.04221769005422 0.58995670077688 0.59087240315880 0.06907564159491 0.67304483097110 0.33615611779515 0.43745862230405 0.50643449668901 0.04282877604345 0.74518722375891 0.44327830263193 0.97664561466917 0.99111682475300 0.11817830078855 0.08202065237084 0.67007879835512 0.56785719873545 0.16945319856507 0.96147358139832 0.88658036716406 0.74040736812785 0.14816611890125 0.51631977616495 0.83116175373136 0.11307084061060 0.85363904262916 0.98856965540353 0.57594109798970 0.98222071378689 0.91194074156057 0.28333660423362 0.55045130548424 0.43333421265990 0.77982223182459 0.30827379640948 0.84066446392063 0.66468558696415 0.27848142915465 0.84431583520175 0.77814938907851 0.21445769731701 0.98829207343595 0.54526704733620 0.95553249757115 0.32528804188085 0.82810760460967 0.26055780201646 0.35949964826524 0.62620183086322 0.93847993436787 0.47178858288272 0.33139778520648 0.35132143200613 0.24645378222473 0.93232600546508 0.72883599820371 0.54924725067153 0.77029915214258 0.55234416065876 0.93241756160829 0.12467109075796 0.38555026495972 0.22246536128604 0.28330828438854 0.18835285493004 0.66551117893436 0.20124547039002 0.38982169241648 0.66575494366694 0.38499278002157 0.44484598498745 0.60703234506121 0.84739347380723 0.15612968486922 0.27216967410281 0.15832049382253 0.67600505925150 0.86312236339119 0.41861711249576 0.12233242428595 0.08627382710058 0.84261231160962 0.67014180829935 0.93062836333108 0.69378149751888 0.77692798267820 0.91336794441085 0.80746958764692 0.14253539887811 0.60523787571321 0.73657474756299 0.50000306316869 0.93128871554635 0.02395379929929 0.20730100845950 0.04943548237348 0.11452989528044 0.67570311241872 0.54544429440871 0.97941857548140 0.38606445969603 0.61381129786470 0.45201989049578 0.47323768425261 0.09826435440081 0.67198460233963 0.94753660257481 0.98721434184833 0.38090708548144 0.35431318387261 0.47939555155223 0.51170307026264 0.84033655060717 0.92591086362056 0.80898357534932 0.80763781437583 0.86797581503018 0.12238905755651 0.80632647191403 0.27467327967343 0.01069149709899 0.07553488731307 0.48957282427436 0.83008561543031 0.44618868418798 0.71325455572244 0.46663550032398 0.24875349163073 0.22672054596784 0.97608295177385 0.46086983244024 0.72259939497829 0.16968901212358 0.29731740948745 0.03958166356565 0.14961316376459 0.01857484690576 0.52013289632268 0.61608014088872 0.71447125269497 0.86754834490009 0.40805114801540 0.70409182275868 0.19808399900523 0.97843177297776 0.39173625212088 0.57569917814102 0.34060202656744 0.21474557879450 0.22724781334156 0.79074510523619 0.68837249027442 0.83440563300218 0.88082423858977 0.48577365959643 0.00436671238235 0.14104240512721 0.61659306420446 0.68448402909829 0.37106469053300 0.90196672072099 0.14494755943114 0.63276640727858 0.38553314967360 0.15692068463190 0.27279115419734 0.94164631380882 0.47151075717145 0.33844861465887 0.79791797894003 0.45119230076601 0.32344952453230 0.40857677266111 0.25781077647224 0.17108257027205 0.19752111403911 0.98481735367660 0.86149511727147 0.17998503855240 0.05957970125886 0.55279930758481 0.08435436422981 0.27076739010795 0.03471035036851 0.20266738318944 0.57991350561169 0.90270119453527 0.14635924585023 0.70239780309952 0.73901642282633 0.47274928311652 0.37840336433087 0.69559017837853 0.76656060108056 0.64725726937041 0.40516974049062 0.58545011387491 0.70325470826549
0.46134739121772 0.34702066823695 0.55787056691804 0.94964150277473 0.65711577486281 0.86643061539650 0.05452031399644 0.29067899176900 0.98106474343262 0.38932637000688 0.29642607042640 0.15328226257370 0.33273078610272 0.80717997339682 0.83444387593960 0.26310088669395 0.55100058501547 0.13578070658616 0.73342970656785 0.76835706616911 0.61169307269920 0.76119947257358 0.81708542196369 0.36538800949564 0.58686049208095 0.63697888459577 0.31156164932675 0.34244313225245 0.16415719810945 0.46175821269830 0.28190921894692 0.65229524490250 0.35208083725734 0.40182608656257 0.84286148673458 0.10884848932448 0.35671547657484 0.93409079389096 0.34540032690072 0.11441600470723 0.06621604264494 0.39608748249745 0.79601512088589 0.98225978205785 0.60311572212442 0.60930965880865 0.21340146461141 0.81246213819902 0.44131019292623 0.99666553915783 0.32433969154871 0.87692682259440 0.46727475255098 0.68712358709156 0.09224677615352 0.84434386640373 0.75899209041731 0.20873878054584 0.41341846972323 0.08539464898255 0.78303728066263 0.60950080807938 0.82141785721697 0.60095795442573 0.59135128192603 0.97746478365795 0.33042940412978 0.39635581141688 0.42768753599839 0.80275783992741 0.75691133117760 0.02315693676235 0.47000096752897 0.92478891645297 0.22292713010542 0.87273874624631 0.34079550414525 0.78061245475213 0.40634172905661 0.90651315428757 0.26161730120193 0.19541266676262 0.00133227707237 0.30315396015529 0.61834410569546 0.64598339371502 0.13049962928000 0.58030681190591 0.22253234033486 0.87170358962834 0.72613060663678 0.80644939793962 0.22999208248201 0.14877391721642 0.47552407908658 0.78776337215054 0.28584574383684 0.60265405924679 0.04000877079294 0.75504006067092 0.69887204212224 0.91358946361003 0.32620022146102 0.76108122825041 0.54106765635723 0.99462730940706 0.66473446542279 0.06269083758085 0.79550462314714 0.60784753635374 0.83824759673458 0.21364035699160 0.60455024966149 0.86788273445403 0.81766163105269 0.99261921266975 0.01840172848665 0.47174423092776 0.38870953347549 0.13200102381386 0.99254602099860 0.89997132011059 0.47133141040983 0.13644977177394 0.22724141789742 0.50147002755247 0.23718026940884 0.57145835296206 0.89947112646137 0.57585875851819 0.19444370298810 0.14609421754066 0.49266987176266 0.07813544207963 0.38852234919712 0.15597097719150 0.22416288051975 0.04378024950578 0.21387528457308 0.05393956877522 0.43094262293264 0.68342577398667 0.03695075720662 0.81966339651503 0.69008812095245 0.12326490994743 0.51522657704158 0.20595412384433 0.28746305208194 0.40468653065666 0.72488085198028 0.66808613689364 0.95015178678594 0.99207821882135 0.48189044733412 0.74048999509610 0.09840301717104 0.93971714214782 0.70166365148464 0.23869418680582 0.54483510661289 0.80074421700972 0.51865430161600 0.82742525580571 0.50738513026671 0.68806327514471 0.79658524711396 0.94431029363394 0.39004681173895 0.26552163396936 0.01525713536556 0.10161515197924 0.39855786673357 0.83918868413470 0.02220303856094 0.17038626348830 0.99240419214529 0.54071215545983 0.39167755577026 0.94749802841950 0.23544258529218 0.10523688887811 0.58911600761504 0.18870770629930 0.86001475298000 0.24448469428352 0.20666825390708 0.32565058036216 0.06267053335132 0.02024884121014 0.91622448640173 0.14611960694439 0.25297327304665 0.13664419694169 0.53938126617305 0.21294891747006 0.80820769940382 0.85654670603049 0.02130466827761 0.29285293028864
0.83058143272537 0.66135180951842 0.20977737461141 0.58249757471747 0.53033875223605 0.09331752172048 0.91424255808959 0.40739691069599 0.68252310542301 0.44609629758706 0.71797794501002 0.17273157445002 0.54872782125574 0.45920370068327 0.69021290987880 0.76418908604713 0.49662207561518 0.63991476541472 0.28585716470843 0.93642715627129 0.69068275720974 0.58016973145160 0.03003196553913 0.46358645972673 0.36372835547676 0.56077614931085 0.61611566495026 0.47218049687254 0.87197230683611 0.63508465006008 0.15199283103157 0.83035315651862 0.58470004910089 0.62675798732272 0.42997249268682 0.83355937023274 0.25227853802092 0.19534844690290 0.03619869617464 0.40366933954099 0.12965797803599 0.29405291220108 0.35562656497072 0.95650497170555 0.42440905456267 0.58734951320200 0.07893366373692 0.80842009042111 0.89126270361131 0.06627260791848 0.05206938495411 0.23052608441446 0.43239891394031 0.39983574089892 0.78303713318931 0.81172377414104 0.01150308059240 0.05177396822168 0.63366407703109 0.81902236950997 0.86803535871996 0.69725167889574 0.92443238957499 0.34125859986757 0.88137002883735 0.31968706881662 0.57439115080521 0.42509525989306 0.36364166741287 0.80902641718556 0.55007589554529 0.10869587814674 0.66947097331441 0.86750826273427 0.67013920881557 0.15725525865683 0.32742481664514 0.72595022763789 0.13299799265115 0.03272284791134 0.98495679780156 0.07222893989532 0.16613892659522 0.59589245455986 0.63836235633317 0.12390089349176 0.08071977341928 0.48751026955523 0.01212506255499 0.82998550771179 0.65646533383410 0.51587145506544 0.15875848437448 0.83171642290428 0.43296592753620 0.25434934027870 0.60988215978649 0.04335208970555 0.89348051128020 0.22216550858742 0.43433300575797 0.27561491962008 0.48782234411174 0.55809593767921 0.30944110381022 0.93230928957555 0.00809451660744 0.65490661423104 0.26576554025543 0.40679191732696 0.02062360690451 0.61275994788651 0.36258537855252 0.52326074506829 0.88737379127843 0.60483044236842 0.33529684615047 0.20359748867371 0.62956958134210 0.49600671135693 0.29917371873902 0.16357830189560 0.04166791348321 0.16130692197409 0.83789064903748 0.98680960128437 0.91295653891538 0.14392962102475 0.18962178612930 0.03096231958848 0.49482611290553 0.76671630578945 0.84298355212205 0.10809115539574 0.49279210078819 0.69232061923731 0.74472807721881 0.86849456991798 0.29990315795960 0.19260415765690 0.30527105964236 0.05197449618587 0.44505695092651 0.80250809003188 0.28405204901618 0.58255822156993 0.94791079559961 0.80247995870040 0.26098538713806 0.46647250801674 0.39126311937388 0.68944010554681 0.43321513885290 0.58167131453651 0.85026342061297 0.77519069540784 0.12133428787137 0.42794653265525 0.55736698353916 0.18123251201596 0.26445084069905 0.33224357361663 0.09608259994103 0.67200773607274 0.33667429164531 0.03904123054468 0.35693442419673 0.28670659689470 0.17972025828694 0.62332875367632 0.92677904784767 0.97861313528800 0.05358047535549 0.95755998064445 0.61891952980289 0.78497060265417 0.57894932111497 0.72905321959491 0.14588653839916 0.18470263097282 0.27014253003345 0.98396240491886 0.83332847366921 0.29591691502599 0.82855957029561 0.07623941266312 0.02690736228300 0.91787180438597 0.65764261859201 0.21657460358781 0.60971879716007 0.01561829200807 0.08751548138581 0.56278215526892 0.41721405891360 0.73485653126723 0.78575307382121 0.62945501674717 0.36949180957890 0.94125098838227
0.00001737591952 0.90342803677872 0.96764342702303 0.98766455231831 0.62477513518289 0.76383120927827 0.73736496884737 0.98909660948198 0.06151956077391 0.88777752365368 0.93542978609661 0.43535055612902 0.40070077766403 0.43081958032769 0.25954267282309 0.22489028687920 0.28012176261431 0.09338189891083 0.34961674680142 0.30381879682776 0.93578675429165 0.73635915360046 0.46707194858076 0.68059440762504 0.35533045443327 0.65871365393448 0.02295294618434 0.22543791408569 0.39149608950550 0.62333588035421 0.14781856647122 0.15327647398901 0.49606444691040 0.96424100104629 0.63300607533812 0.79210211207972 0.64161648406517 0.93118017968804 0.72400144662563 0.22069725160754 0.57948212831970 0.40689069440501 0.77225378927239 0.85039131779248 0.77657832760395 0.65584661972654 0.48496334413258 0.03921164637400 0.92950169781359 0.90639965626632 0.71011936655567 0.09365836977969 0.34435424636093 0.10360412890030 0.54227550195421 0.38721106049603 0.16088119575847 0.33543616241968 0.04751183326978 0.77449734249600 0.05773357979736 0.99972347435938 0.18739575012185 0.61001401959628 0.32776882490238 0.14313826840844 0.87286165597250 0.47424671477116 0.56701081015864 0.80234757481537 0.22464402483213 0.00517607603812 0.85855488198287 0.18292033781956 0.96331838291711 0.95387397272810 0.20980039499819 0.02599992546662 0.62705365098553 0.98158152522542 0.53950818132060 0.44437389050174 0.34572007094353 0.03344103026138 0.60780767530321 0.09876999059453 0.05045021338014 0.12224186208205 0.62725723847008 0.24940997607578 0.02361065108720 0.54738618579770 0.08417151266391 0.67694012907595 0.71421574611700 0.42545782516160 0.24401853752840 0.02459107679325 0.35892464481518 0.75437175010932 0.88119878362820 0.80446276786919 0.89579603523637 0.34940765139680 0.05647164182249 0.45474228130436 0.35599678821717 0.92771739847138 0.28757850280584 0.62508527089438 0.08035970100207 0.67549061425737 0.48230188636341 0.92826368370689 0.20392734735223 0.54712385673536 0.25613859604877 0.71054669480583 0.65973686491221 0.01963920936339 0.62184132642043 0.95861079960459 0.25252117040225 0.81441715680772 0.52765618900005 0.23759989262735 0.08645587659844 0.53588390727281 0.95936756242043 0.68921878109543 0.65601960347744 0.25954649142460 0.15854493574883 0.82835892574885 0.77935362935724 0.97041219655744 0.21980217507254 0.29528885456169 0.36835367736522 0.22841053703020 0.21336156239445 0.84946885317233 0.27754429852546 0.02431499730166 0.93022118789698 0.03496453253982 0.53265234508062 0.28141848278750 0.35694531122036 0.74781187988690 0.86277372635671 0.33397133415975 0.70438006119950 0.15823693775164 0.12599116363724 0.22874019569227 0.41366062282687 0.21653418363602 0.04578547658793 0.65307364365971 0.72296493960526 0.91318868175724 0.13807758687946 0.28058307812634 0.32941306831200 0.58921292967188 0.37070183598808 0.89026051620236 0.80886706130102 0.66016539244188 0.75682980956116 0.00986796471558 0.69585329789175 0.00431940383245 0.77449295602166 0.12660154278716 0.75368980901317 0.13249959120812 0.61910374632047 0.39990393090264 0.77979166320843 0.56940962733316 0.47816870976988 0.05757302853558 0.47129399423564 0.66258395574318 0.63965217690596 0.59296566405655 0.22718285834239 0.47269009074996 0.01557859678493 0.97254696405161 0.03617471934833 0.16943992029800 0.78061869263292 0.23665092965409 0.02905120962782 0.34183310968664 0.16957069509766 0.24140485924008
0.32807125203608 0.54743772069186 0.21539711388311 0.73777490751921 0.74618626909904 0.28228566833551 0.64927788256207 0.63821703037640 0.12076447232769 0.78366643079385 0.80626863826026 0.97937010320233 0.73638485195479 0.39782300280516 0.82762786940263 0.39185157435220 0.00984821688841 0.41178819859848 0.57691796888955 0.59673554880338 0.98520248649487 0.17391007867675 0.69512032512397 0.67909825619343 0.48072860339407 0.38149973391725 0.62752399200821 0.46190736203885 0.24302637170284 0.41653248788453 0.97802670832159 0.09670949829964 0.12161214420530 0.45680175018255 0.48539688046783 0.47687197940835 0.91693398936304 0.46494924324281 0.19732449142823 0.65637188606523 0.47557074476993 0.56554600570077 0.07002996247054 0.11788097125384 0.00837107688195 0.18079927995502 0.53016856870196 0.35179660279555 0.25609113901447 0.37469476677885 0.44924659278879 0.08237315779934 0.29324678982185 0.16597355773028 0.77734068266404 0.08145366591121 0.43325586280341 0.95436050464288 0.61828673066133 0.83812092457765 0.45821698618682 0.99251135162776 0.55589663040594 0.72198552801878 0.20382804659631 0.57052786960793 0.19903217967905 0.93554776500856 0.83184335147015 0.62500620534833 0.31699626678554 0.66948185556133 0.81433140117004 0.75044294481104 0.32970187618257 0.66705757370492 0.44199574722842 0.62858865195186 0.74416672055432 0.67733964871009 0.63988887072664 0.65892601653127 0.82190905563801 0.53326349657298 0.18704593192621 0.41899073870160 0.58402869088620 0.19334037887722 0.69583834157268 0.65958159984481 0.10785499456653 0.13764690143803 0.61811010343445 0.95918579685474 0.82268735726716 0.46365410091027 0.81889774391601 0.46306101540729 0.92593254092361 0.46183710705949 0.35426461613649 0.89476449894288 0.25552190581191 0.81296968053176 0.49288316168864 0.42653612642585 0.48001568589641 0.87812180614374 0.43334402395112 0.90333544364406 0.70350344101565 0.91557193480002 0.53420475300993 0.16686062070180 0.72272158790370 0.49006629088999 0.42843269326564 0.27235780419345 0.24858175891863 0.73364492177275 0.83228411057508 0.73982639555475 0.94384281846617 0.83825869883882 0.67583468019322 0.12726629959986 0.34573997512503 0.33973478602826 0.27960772206053 0.23289520896459 0.66582236818038 0.21103234445348 0.58809479134368 0.80285125886818 0.42012092251170 0.30795707573880 0.12430290513370 0.17739780731125 0.12901388519867 0.83550193181524 0.76097778770878 0.08988622046332 0.20685289718493 0.07279614107559 0.13650112892093 0.69482990857919 0.54759968491674 0.97315948257223 0.18738140027456 0.68834167890965 0.45923238316166 0.29144586831931 0.18158148323430 0.59496032972100 0.48904509597710 0.95172042018534 0.10471217424835 0.30158323983717 0.96697433200064 0.19313975749859 0.30890607513237 0.27681554630088 0.39145240899023 0.76927989094252 0.69082707360208 0.18507131479226 0.83894937942907 0.04676032410462 0.33599675312165 0.37430260473190 0.35431296210646 0.30281886745326 0.24770774857466 0.17490328937542 0.94445159744107 0.16444493510785 0.59269202097724 0.64789134820291 0.26968390341965 0.46412801812969 0.65867272300671 0.99182534222088 0.37150895627260 0.84213389271570 0.67266535721197 0.72062403321542 0.60672449774499 0.21547284095148 0.45481443008873 0.17776888251548 0.55792555335245 0.26536494299689 0.08979556129429 0.00569774221643 0.36018254030332 0.31345208578957 0.84934251138667 0.66616489699102 0.63906901505923 0.61981101396602
0.19511590377483 0.27033090185187 0.58144530808716 0.40959661557664 0.76960309960857 0.19145944923004 0.26897554356961 0.75018855196700 0.90940736366494 0.48713699095621 0.41308072629306 0.40632532427150 0.91285000178022 0.07908118551285 0.09923801224678 0.32216353063016 0.55172508650968 0.98110168357863 0.70405866998647 0.14696666831004 0.38561744382200 0.71141667921618 0.45900260047093 0.97161857276341 0.06481647669147 0.33464837566672 0.13605261564103 0.16992562758761 0.40514736522460 0.11689263693769 0.05292737686929 0.05261692729924 0.98808951846940 0.62859857993511 0.71820430031953 0.04807542553539 0.41262269953927 0.81183540578785 0.95083351004386 0.70279769328471 0.35933650600560 0.23105825656586 0.80118101382944 0.40454917814631 0.00041540499591 0.68074685192127 0.48920354923341 0.41187004800891 0.31024642425478 0.88409460580459 0.64676085994191 0.12234767330225 0.98754831447670 0.52328075852775 0.47965710708262 0.61938680790185 0.42899106692901 0.12840606041436 0.17602518185914 0.10646037435627 0.24543999082522 0.23947068554803 0.13327746243412 0.61444820605286 0.93301952249150 0.20470490561338 0.90110418331315 0.09737107033510 0.45657371950675 0.84415409072789 0.10793069977902 0.03287811590956 0.15834496465136 0.94362500862253 0.16601115278715 0.09593282364250 0.71646867508178 0.37003767343899 0.34012981668071 0.20703176641126 0.12450248036778 0.25544110733419 0.89737380757256 0.75464709754321 0.51574553584620 0.41285369961513 0.33566694607048 0.94706065810116 0.62752783344086 0.09535355391068 0.50366230777551 0.54964997941671 0.29717243984788 0.70447220135928 0.52191348128031 0.44063982966111 0.29677261062449 0.13555007901004 0.80306351529949 0.87170593921308 0.72552337827339 0.95358176873087 0.33330281015695 0.94853615764679 0.88193604726152 0.12807161850653 0.97709633256465 0.69432342524070 0.56822635738176 0.38304221521170 0.08303637862426 0.40066211614804 0.32949466789908 0.66283276116600 0.31915034033711 0.26212490348938 0.54050505739487 0.88208360578287 0.05324358276100 0.27022209954039 0.30409783970758 0.56546350364634 0.13054261907695 0.84375860265987 0.19244947004581 0.63883398147420 0.46771226716031 0.38402026619353 0.59535939869446 0.64465049372598 0.11319876640905 0.76462805229840 0.02272083696567 0.35795804460074 0.73960333460653 0.36680982544553 0.89712461115592 0.96699375558035 0.94579172762674 0.05474628763305 0.70448132924236 0.77854622255269 0.11086903211632 0.94615723000171 0.00152503091820 0.08925094549333 0.19906726009831 0.55371541984010 0.91347314727190 0.27702681347364 0.62089753585355 0.84182846620933 0.11059202041053 0.33891048334618 0.85912396353919 0.07610213721989 0.76516348740025 0.24327897700291 0.10454562345164 0.90732867524627 0.70409826068028 0.29466749252365 0.88749774291861 0.86696101922371 0.47370767400199 0.90921280762411 0.35738177982802 0.38089574221511 0.84511209863753 0.79683899357269 0.64767369595568 0.21607747512576 0.33828133356071 0.96203641891016 0.51176069961962 0.78185742886381 0.53420967710511 0.44762765127425 0.10542475559257 0.72508306768838 0.52413097672074 0.76388626568716 0.61337233860009 0.35111855958952 0.11549747962788 0.10882888976219 0.66005086636079 0.33547959898987 0.87828407561835 0.32012925966746 0.26478619664352 0.76816291427689 0.17483272627924 0.92090500730665 0.43366240487315 0.11318029328665 0.79555191744648 0.03305307333316 0.88134018762467 0.45730633448280
0.06797279009841 0.08235622028422 0.48896343059655 0.55625788870983 0.86359487446048 0.30058071098255 0.18171038573014 0.01280447051335 0.95404613282288 0.91259466834915 0.42269571810281 0.34015613210199 0.29451300178183 0.09908802516693 0.10817140717031 0.22828918096124 0.32157240706025 0.31386183631406 0.86205954802579 0.58148415255954 0.42171155090782 0.27839106557963 0.16011120371565 0.64105311083360 0.45023979679622 0.97210843747050 0.73855600549617 0.86788435018868 0.65133816335506 0.32248479184070 0.68519796916662 0.94498569861192 0.48796290055973 0.28943414504072 0.32114024410714 0.08515993990549 0.38554457347199 0.08321993061046 0.02493631639824 0.59846291806355 0.51940802675322 0.60030028494751 0.82990909100032 0.01207510481696 0.40591832557150 0.05550927489684 0.13251164757611 0.29505907829205 0.28093502120939 0.56239027513365 0.09078379368871 0.50641597561367 0.49655085253916 0.85238165616570 0.55640890711021 0.73241109883189 0.48289723329198 0.50157396345343 0.45761152851917 0.84636744480640 0.81966240004344 0.77164779640428 0.07533447221852 0.81966644650888 0.44086301203141 0.90702072026274 0.87949082253449 0.60917908447633 0.72159775367128 0.37978624815070 0.52924857171537 0.33606488180118 0.46784454930552 0.85898623888453 0.32044039700906 0.66473410633689 0.75242591739726 0.81579471173325 0.71717883669132 0.18491336591623 0.70255241713298 0.11380577894966 0.70579044380925 0.32576361707269 0.27837466242391 0.17864168837179 0.80473211179193 0.42018551895359 0.36326248209752 0.77279565934613 0.15799380155678 0.79929672175781 0.52366266302755 0.34225003333340 0.07792427673560 0.85546380812001 0.97662025248222 0.38192473172609 0.26711118020942 0.78991209028759 0.08717960412647 0.70491321600716 0.11510744317339 0.29231433979515 0.32309026241411 0.93068729754919 0.97301598858915 0.08016462106423 0.95422097524358 0.56475124631660 0.19752730205552 0.20551196993138 0.58035985494505 0.23183861802822 0.79125936692525 0.77804082557215 0.83990928468400 0.63382288131515 0.67775284415817 0.63765982085563 0.80140227290199 0.34921114833292 0.56198202100668 0.39774323878807 0.27381841610446 0.90602050833293 0.44530949186061 0.79129530272356 0.33206027623836 0.95506341855338 0.28741124348334 0.23619179956546 0.05819304864299 0.65505041338475 0.75706590907142 0.75170231271491 0.57264736204986 0.31011510863835 0.52967701591343 0.35253991634572 0.23999047656911 0.06265846252322 0.97032356666845 0.99169802924286 0.54614410680874 0.67922578308556 0.77900099602962 0.04523274759664 0.34489502161591 0.63183934545141 0.08006403320989 0.15175694981467 0.28964289017885 0.60533716658625 0.84609822580436 0.53400796495827 0.92506573724612 0.68849679543456 0.83256154932907 0.61895816163844 0.85844837468322 0.80937935110135 0.86361474702380 0.52568964587048 0.99401478242964 0.07357975685881 0.99144169075053 0.12696651317592 0.90442309303148 0.94480475345135 0.08671466233439 0.95999095054974 0.57833463731951 0.94462325845988 0.42875960775506 0.89301239602360 0.70000266507461 0.25811320250569 0.92784809465430 0.40963359974426 0.84157225049781 0.10306175376639 0.41649321779408 0.36145665170065 0.70910301142329 0.24737351163973 0.05325812753590 0.47852563134045 0.69069387669404 0.36151757880751 0.15322221846707 0.18365921330602 0.72096055576506 0.09807429859449 0.47828862124986 0.05323779538184 0.29324791254420 0.61326555620610 0.15994581582431 0.52000169730275
0.99174625109124 0.07102526479498 0.53847303403488 0.99289202281824 0.99484866452199 0.36138557846003 0.14371748352653 0.44996168157999 0.87222330929773 0.09346457585781 0.63813591640218 0.80031152411827 0.85989840448115 0.74840483583066 0.25475086512276 0.45549001698401 0.23316944017243 0.85624378605197 0.68135195967888 0.17676448811086 0.45790942919865 0.18496365838169 0.60694441872702 0.21273238475499 0.40527729098799 0.46602076191452 0.69777712405690 0.13511140073176 0.65310728705232 0.01613482789493 0.07867998395998 0.39909324046236 0.37800283033732 0.33636717690144 0.20679931314334 0.92769492857679 0.81483309957395 0.82575866824480 0.49014179212447 0.45453970801827 0.27712223305070 0.12505689009729 0.74990682447550 0.28800602982621 0.46740164857433 0.17950524350505 0.45429739771202 0.75965737273427 0.20935111081507 0.32705767214607 0.83404516731118 0.06209678339659 0.17334801358642 0.87827527769162 0.82007356812882 0.98682659350999 0.05148994237370 0.11473400258727 0.74467111682664 0.60479084747466 0.03053601526729 0.95770154547894 0.27434783224094 0.12859859507426 0.94845959311917 0.63625477752417 0.93197279230896 0.80101551083256 0.37989962258038 0.33884949577678 0.38177559365610 0.73723864443031 0.53085465077052 0.58102924425324 0.71894852693467 0.71533853291237 0.15518480486220 0.85109022000577 0.19542121668442 0.37840671392409 0.05184051794783 0.34904384277141 0.37233545893827 0.49274524172185 0.79258311338056 0.87135943357756 0.09713994096919 0.63785800125350 0.21949427405980 0.12277189821195 0.45920336632477 0.64058580519551 0.37456752343295 0.57480478567891 0.21284990039776 0.86954811583648 0.53124037519581 0.96236571121212 0.89437753705613 0.99627146406355 0.19551450857103 0.52663255304779 0.85593133714455 0.28943880162640 0.91599898223679 0.91564895638327 0.47831083670843 0.15250823700746 0.82230664429446 0.44400350629501 0.06670172943657 0.98504597729033 0.66799722644894 0.76697513460494 0.01938111136800 0.21835751303331 0.92524947933347 0.73974418517757 0.69091231411810 0.36170943535479 0.18961203974858 0.82540622944112 0.47769409589545 0.33231242915936 0.13946601697349 0.17798234027651 0.79382507662956 0.18063524082917 0.66442308217892 0.74218855043181 0.45644645560278 0.35134502490323 0.29682948285952 0.60074830644930 0.76742405982000 0.71689040218226 0.41091482013929 0.13981137546210 0.37352377385898 0.50787008722906 0.16929053579191 0.17123918845412 0.95742682772724 0.12152667005952 0.37180372401819 0.50745915584191 0.94665379490678 0.13880112952560 0.30350951950325 0.96536788542730 0.85462216642756 0.69673291078110 0.49153929672884 0.62350305126876 0.83331735067053 0.54775771200988 0.62083338347724 0.48000354147261 0.44686135248981 0.34926850067522 0.56367970513607 0.16751708580270 0.86207375161462 0.98212563743852 0.79542146562562 0.46997250328657 0.76929555420972 0.64297490305163 0.56772018768641 0.68653072453624 0.25427481414928 0.27927763379662 0.65755004185108 0.43986473735884 0.38934782254856 0.77403869510179 0.82678041278729 0.30319364364610 0.24151137679911 0.58484258802459 0.47797999887008 0.71364727692318 0.70688249902946 0.27450933008496 0.97635708291474 0.10117605793431 0.35392123782982 0.38831988120905 0.55519191638274 0.86892481355096 0.78325797566150 0.73727009237752 0.87727322535156 0.49616231094315 0.12854442833913 0.53721519442030 0.92554360542960 0.59400431057001 0.58482600017152 0.95811961808096
0.47546620580325 0.39930695159353 0.11940484802183 0.44600386986710 0.81609465437488 0.98103628112609 0.95180950981296 0.11716862108753 0.75195869669938 0.57044506776296 0.78759037327745 0.86641245492334 0.15471445591365 0.56638581471126 0.98785651090893 0.25193492148517 0.58923886785038 0.46851171911231 0.07761130717220 0.75010256306022 0.99329614128753 0.88276154410289 0.09579885567262 0.77093825510176 0.11457501588982 0.33162807377252 0.71289237605992 0.01392388619898 0.92743077465808 0.31236723501575 0.50767710150590 0.18799019711516 0.20272130393709 0.95405073029342 0.49893204763200 0.87490766951553 0.20607616081030 0.35666856812910 0.43415519415854 0.45390100250160 0.14535154024172 0.14413553841890 0.65956853186274 0.47621182385450 0.15565021269906 0.93104290994977 0.09754993504752 0.32269163728367 0.32863103811283 0.61793413548228 0.69746931432865 0.28335922395229 0.27416326865112 0.75309631764375 0.40560793875397 0.52697511195554 0.62782661972498 0.21725143946788 0.81052669685329 0.22715252633436 0.87985616506045 0.71728520847563 0.69614573459299 0.32015654073279 0.11926629133899 0.79482728176694 0.88009086824201 0.79415655631657 0.94900541895220 0.91477460141063 0.66816556256095 0.10298368921253 0.57205846109954 0.67449002777486 0.73456551313838 0.97192560535728 0.32362365442280 0.65325280718627 0.97532228477466 0.14457484421260 0.33898208721210 0.52066713852766 0.73848792935219 0.01486920220190 0.58279027938679 0.31401655473303 0.51808931710547 0.98076731706242 0.28927887132902 0.74462379982463 0.17082388177434 0.37262073389982 0.91600885142299 0.13282704449428 0.15076198559779 0.38598730540582 0.56660706343366 0.05606709133148 0.46101156805792 0.88465276357998 0.36730232353321 0.15776840343900 0.28120486316815 0.32545749708879 0.34831696315252 0.32807301046601 0.58960830077796 0.30136976190013 0.47080730973982 0.83322148454126 0.77217979129713 0.72536564053150 0.76862960790687 0.46096393984802 0.78883906574357 0.63627507269255 0.58887222289168 0.65001108450054 0.29428309288533 0.63130647990528 0.96420520348167 0.54855904514986 0.59521416439838 0.66435605876944 0.40502338772858 0.26688780013514 0.03947934581943 0.36983604648109 0.90290725459754 0.27625707501790 0.82943429418054 0.89372548338512 0.76075261484906 0.01186734028378 0.69861766917980 0.74201001403614 0.31631041713228 0.15422782980685 0.03433860098862 0.75279442524181 0.78705545392031 0.03631888928691 0.50559092144180 0.72947587686818 0.08014216635551 0.21748364085528 0.73083008328213 0.58340578606821 0.80688441835788 0.89614379781303 0.87892670364593 0.84572563874880 0.40630615590237 0.53785699504071 0.91013024528537 0.47752008450643 0.35856117172254 0.27893970307720 0.98136323020333 0.33982373060538 0.32489337580675 0.54814466102608 0.72012071242693 0.60563101947674 0.30446807787055 0.08908303456917 0.18084297526625 0.83206989193375 0.15802555453770 0.04034889728554 0.52007494401336 0.37757166104507 0.61065068498049 0.66331843554851 0.26673489565701 0.90350805326725 0.94591386402800 0.67591797466384 0.17693948852579 0.63974783535376 0.07063923680110 0.49427416183739 0.02231355147368 0.90250423235695 0.53284405873465 0.18116083063148 0.97763933780588 0.06667719234409 0.95618131170718 0.90305467986390 0.41152546226084 0.57597636853290 0.05509825093737 0.89655555577390 0.41892282943069 0.17055576968302 0.06309984125688 0.77233706038371 0.21852223469814 0.83908087256701
0.35594951120150 0.45571524055774 0.80615549742821 0.61416916432863 0.53169230653509 0.86759558960631 0.71660301970792 0.52166894990504 0.39346287693980 0.36456623584251 0.17556860845488 0.88853214544840 0.89102929132757 0.94438485104449 0.86657804045507 0.63388661312328 0.06923904068160 0.42916090670404 0.68260824040955 0.81876750898553 0.23354938144738 0.42296556735561 0.09334693125495 0.68679954054382 0.56693596520932 0.02255112204123 0.87489564380795 0.33009118578394 0.84257485081720 0.33927081902393 0.98758939570775 0.62981583965382 0.51965758796218 0.85210701933868 0.87564723766749 0.59005516749001 0.75117899082701 0.00307721792061 0.34463299506425 0.39047580942631 0.28719867421598 0.81055505209527 0.14331966958351 0.13836099624513 0.55139005532992 0.10149926028870 0.03126984272233 0.90816994440314 0.91728863954374 0.60984322839122 0.94329123320898 0.93322331955521 0.03744960882669 0.07272919928508 0.23872308103955 0.65952784362811 0.73723105341319 0.46036927487757 0.44505949665429 0.86241049122380 0.81469727495527 0.59047631173900 0.90747968197001 0.10051370232931 0.06967852873943 0.56824263758513 0.30247577018608 0.79919712305821 0.50848394918424 0.81774802348708 0.50483067058586 0.70359915886683 0.45663261160272 0.00897093701334 0.39049838448463 0.67585311061702 0.85984922174959 0.32097050992900 0.66893511683879 0.21569970287024 0.22745524946473 0.52020808969885 0.62430433694376 0.26588861938288 0.83086441500920 0.61423038735921 0.08135647028885 0.64718025116302 0.45305823508017 0.60385594555712 0.68076593411439 0.48905240736666 0.88996353868093 0.12559720178830 0.21135267436413 0.06558263965606 0.75368579035375 0.83493347526159 0.38083196698299 0.89639815184788 0.15871642026307 0.61912909785937 0.29641924359708 0.68734522735518 0.80541786540592 0.07231421512637 0.63492962769403 0.02073248192529 0.57658227202696 0.34591725503245 0.32807860808356 0.07304618639995 0.36654829723941 0.73161040111889 0.90599755499832 0.51930487931248 0.59993091552872 0.96554664334584 0.62965436902618 0.35647635810016 0.06633565674742 0.28685032597292 0.57656149812224 0.07689017303123 0.09209277021410 0.10531145773575 0.19219556060552 0.25040478128110 0.18727047253286 0.00268401799499 0.04845615363686 0.88293158980228 0.57062694873009 0.77006992791892 0.79097227004554 0.29950366869426 0.25242688904722 0.68744489813418 0.71357163337363 0.13920605693712 0.45553883829870 0.00726516717573 0.34729260597993 0.45873763181577 0.23433241504402 0.29975874289971 0.22393572397392 0.27000296393164 0.52221497367495 0.96216218134375 0.09945863741247 0.48120714688553 0.21114016977107 0.41098692765129 0.51524565746797 0.85379430236523 0.39562717128449 0.46931386815656 0.21252397938889 0.11130574560003 0.66880330963342 0.43234693875655 0.83497326512980 0.72882212637024 0.08579599306884 0.87609261863990 0.75405259256213 0.22893589580538 0.38431688888688 0.04723316692415 0.22843701151279 0.29226274379034 0.59319255752863 0.98630108495969 0.62760095217448 0.01928802265774 0.79484757070069 0.47645361974586 0.06437192753348 0.27152898250903 0.01266615255110 0.30844598917020 0.86507699360448 0.24234581983030 0.18678699397141 0.25537519471861 0.26646430521446 0.84829308790150 0.94356122724439 0.50667371965453 0.75256883601418 0.00174016571391 0.08581347563645 0.04836325942535 0.20154692094512 0.01368935744380 0.13378777788031 0.89630871475820 0.14008013764902 0.25858556989656
0.70636918778235 0.77974791546154 0.50869750444656 0.50412990612452 0.60743238290140 0.47844164716514 0.20724843894017 0.81857962298093 0.51872430858200 0.32594753082351 0.55237056778034 0.89184178559636 0.43569648224463 0.77845279645741 0.88677166103506 0.95894545392665 0.01769601152634 0.80225432785351 0.64927390714323 0.91774773929531 0.92017031848319 0.84720913854610 0.75124813979154 0.95211773339714 0.38668750149586 0.30734741569106 0.28276398619259 0.89527338442464 0.94195557552096 0.94500155109672 0.60421517185727 0.63445623863239 0.54377940316171 0.34097368795827 0.81232933824684 0.96126719934191 0.60319694971735 0.97934237567112 0.96147146536266 0.74499893499769 0.31514317480860 0.94082446115266 0.46425437487885 0.13140117342493 0.56723326686903 0.49788993376576 0.93300267083680 0.20478416981146 0.15665277569065 0.08134700772280 0.34820295018414 0.15226434382477 0.52010060066809 0.01858167719843 0.94227336033083 0.84230856005655 0.69124258378033 0.11294838603466 0.51778183271797 0.39721479810708 0.47333896744640 0.36544234115431 0.78718550688003 0.54678472983048 0.26509624710639 0.96429545247029 0.09523421993109 0.40965112167891 0.96004203417725 0.66239652096403 0.15093393983338 0.31264672228636 0.23864899930843 0.16652640648821 0.06565516403897 0.90271158058573 0.68230472172601 0.80635249513335 0.17362497824654 0.47013244174255 0.76894520548555 0.20352323523484 0.60490643538441 0.96058121868447 0.19092032568802 0.22588882908118 0.74068086046748 0.69933786244784 0.14983678302069 0.47707525076733 0.49456586803663 0.13095323814156 0.66477965995839 0.24351207117377 0.55294987722738 0.41384481190992 0.59382515776536 0.51382253561236 0.68002431739185 0.97727490515737 0.32397064035855 0.85241860812512 0.01968793766870 0.74342425347695 0.15187288169851 0.05694542543965 0.54540805239544 0.71251751769691 0.36311551242547 0.74349069602672 0.34292112655130 0.73417237350667 0.21786867394410 0.78304261951316 0.39300475491280 0.54653171059175 0.28702771148400 0.65443309968989 0.64029746539920 0.07461994300732 0.56728998208473 0.36856532521730 0.85606874897344 0.91595649025299 0.91132326491880 0.31287355467960 0.34884796223042 0.17906263739774 0.05781163439146 0.50890222530994 0.08625217512058 0.17642272709098 0.65921822657393 0.18733246247150 0.16710829241447 0.52644411384720 0.27515837513568 0.28148605485111 0.81995448446153 0.82254332282854 0.85139289349452 0.30929859115168 0.18324217626248 0.24565437517934 0.27061181935402 0.58506892775360 0.21757145485485 0.21459722073160 0.37056150620957 0.61296168820547 0.52921534641414 0.24832235062067 0.28977947471525 0.89316462909114 0.28419063358561 0.81848547195706 0.33410298278979 0.02921974557395 0.92497270976251 0.53806883651096 0.06918059789927 0.26475183009320 0.91407405116322 0.49895390886909 0.60891543372516 0.87027363307922 0.91990876379236 0.73049393954021 0.29305430418257 0.88337250869669 0.15738081971957 0.58949143924977 0.43986808630652 0.38921166039686 0.27358618971041 0.16375299773113 0.49332542411361 0.72558590183835 0.81146510941934 0.77350667963380 0.13896212473075 0.26640911518889 0.48228134582477 0.32038580832401 0.02511837999135 0.66685866942251 0.66763819281902 0.57377685931794 0.14522626559015 0.11078448515025 0.72037924252760 0.24221276013447 0.81027391092522 0.99200443101835 0.50980905835379 0.46573009820121 0.83000921396475 0.90787816069929 0.23621349535945 0.82351359015811
0.51439926047984 0.10075695284186 0.72466918318115 0.87819690120780 0.24170566850229 0.17409844965261 0.39569785375850 0.33107950273909 0.32346207656959 0.68736694383404 0.49551473184613 0.14862209178993 0.64406391603150 0.82692416945961 0.86605617280336 0.43708309821870 0.75837415682869 0.83766707166158 0.07498923637654 0.94644544905942 0.56570173023923 0.53918395800236 0.63080603904444 0.99990561396425 0.89128547520924 0.13697460794127 0.74205902381920 0.29750172408108 0.07495048016906 0.04478419728381 0.69976447035650 0.96093733150879 0.24059090831198 0.97505175569110 0.13625067913874 0.38181668905876 0.83921054608330 0.14267419654053 0.63645557374518 0.56917851698910 0.73590799971700 0.57570954170237 0.02621809202437 0.76546041899317 0.06509866719301 0.16623633445057 0.76388567528410 0.99585575630979 0.28380519808466 0.94100656373310 0.65225637145713 0.00260499257099 0.78380449047566 0.69675630858698 0.79975322875937 0.15778048726771 0.49567946613653 0.36369153789574 0.16937514783503 0.95733166762861 0.45080927668784 0.32420103932650 0.72059838011969 0.41590912250211 0.43468552151968 0.52097514681495 0.30958488147270 0.11932036832056 0.46397471197861 0.06174088725977 0.44106513027678 0.45097417879616 0.69984706041542 0.83378259294249 0.12848662226938 0.94242396274630 0.69425464207245 0.54636429360149 0.15325105216921 0.09025816959321 0.69756331023487 0.80520526780155 0.67346556988232 0.97115370748765 0.54427030064247 0.84431022480281 0.08548707139113 0.07414496491442 0.55957267834269 0.01877900113887 0.57196658184276 0.62894771210641 0.39561524655344 0.07431359399562 0.41927305452179 0.28451505755353 0.69361942549060 0.09620069224892 0.80226766686589 0.58809351403181 0.25901578325198 0.73895427325839 0.26664466546732 0.03567675860257 0.25957732411062 0.85222820044025 0.33471421915123 0.40570604489781 0.18569309045192 0.66450281601642 0.99669048695176 0.33467714357987 0.94899174462760 0.77388515509881 0.77595175129629 0.96048709836037 0.67036116147747 0.09966381465355 0.93225217442093 0.87124979950752 0.82671300610833 0.20467377918839 0.02391548727419 0.13806387135674 0.48891848326513 0.31791942439729 0.10599949313812 0.42663186761453 0.43352523827268 0.69049126587400 0.33129623036943 0.36869217381973 0.08170152004874 0.25296132238988 0.26888774795622 0.47312191130810 0.07711284815648 0.66587900860294 0.46662352722703 0.80311634782842 0.70683886489638 0.24719433038238 0.50293118103938 0.85357844848335 0.37998964585837 0.66108241342040 0.90429985837794 0.76435190385579 0.99545087403095 0.05487686767678 0.58207666246641 0.02984448993621 0.40893250687030 0.71933475727633 0.17486660895918 0.96577677983230 0.53639662258892 0.14068598519078 0.94880610162457 0.33968423396556 0.57110189664247 0.66661010489119 0.82730943403141 0.43035160501885 0.97660076424768 0.02791187670602 0.69785094053625 0.01039965002790 0.20606947465688 0.26625458378189 0.67191119752411 0.06794934472848 0.12316530867821 0.52160225537364 0.83711489547025 0.43236036496189 0.08038494471007 0.24263392948187 0.65409638783679 0.15229830137454 0.42722260523599 0.12615999971798 0.05114433593755 0.83943386373057 0.30730050408875 0.54489057437779 0.34252110649275 0.66751205171201 0.65864520516298 0.63922758672788 0.17166615408229 0.07149963652133 0.73154120496711 0.04911665422384 0.42283967587263 0.84826845599179 0.90116707906406 0.38614913088387 0.84924242994618 0.44115808302913
0.91761598783491 0.77182242738736 0.78031794202157 0.84157446192097 0.60890597760037 0.22452352162452 0.90941452638477 0.04156189540995 0.41729042659362 0.56207705854609 0.63827606688382 0.32750664451646 0.80489484762504 0.78216479430517 0.90846340836853 0.22110992656430 0.29560295369458 0.44439748795611 0.94491100017500 0.04989533935561 0.49059457294348 0.64645138667500 0.44703309648301 0.49572950434536 0.42076054340662 0.16284882061702 0.54109963344301 0.39475113745879 0.78868677395645 0.13232824652679 0.80275763401876 0.31182980284937 0.25167316202946 0.10305600457050 0.02761582884070 0.41558274764247 0.76154500016336 0.18497982991955 0.52440233466018 0.09906137155608 0.15943762712424 0.24324026872443 0.08821289009559 0.96119237362720 0.73817587808127 0.35308897295829 0.00087745496935 0.31324398346377 0.26308810564924 0.50534179791174 0.55790326595013 0.05995705834824 0.66264328393048 0.66965315437813 0.03406346109113 0.24804144670382 0.90435283718018 0.26166011971720 0.93561236951015 0.39322023206533 0.37795130263060 0.22497855006518 0.49213401332367 0.62597225863845 0.48073836226854 0.70113255361048 0.71397938798611 0.99334415615475 0.83110824989669 0.57740939504860 0.59197618705741 0.39677463924173 0.46233755329729 0.79945266308205 0.85570164943052 0.63914931768088 0.35921853646960 0.65297509906871 0.18413322478896 0.79973525845558 0.40586573966520 0.86678521484121 0.08774465802036 0.84592043718119 0.53784333805668 0.84490841578949 0.49430591007206 0.79523490676755 0.16171727883219 0.15152749500553 0.45041452565540 0.07703182562229 0.64791555004759 0.08641439676011 0.70774292155376 0.31571796968061 0.45643540601199 0.29953465620623 0.77074973290091 0.84187545896862 0.08578040724728 0.44575312922385 0.91945568481882 0.61554753703686 0.91445542098100 0.16957699052456 0.02816334948019 0.16235018422431 0.00873343073072 0.36248775227872 0.58636465116876 0.28522139010627 0.11200885996602 0.08343249569776 0.69694355900964 0.09757469972650 0.96932019678236 0.06439319423497 0.51325487790429 0.04337927526852 0.66693196151190 0.52916378170444 0.25141476494695 0.13390914883615 0.11724970741223 0.96659341460912 0.24825838276437 0.92754428742922 0.31278096320863 0.36092615925005 0.30881003857834 0.24123172242678 0.18320980844048 0.87090763363952 0.77327302938946 0.33195665951883 0.91028491249082 0.31468530999819 0.48186759837089 0.69331871683978 0.93753612743310 0.48486533465246 0.06810483199657 0.16156224434805 0.74223698725224 0.40876196030621 0.42187676542621 0.77791048705798 0.01680951050678 0.90057816986449 0.44227351097265 0.31596268654833 0.06993499244612 0.13177079542409 0.31670882765119 0.34133032504915 0.57729073755326 0.57579358539012 0.43464765741075 0.33660427195711 0.16901158409403 0.37861602874453 0.19569037388480 0.13681380359146 0.12199357323407 0.90632729996187 0.52467331781688 0.08420192127390 0.93131156416441 0.44373009838798 0.46279696306013 0.35436547927082 0.70457456429718 0.49694177123034 0.09370388581054 0.56293505408803 0.34094857826921 0.26097127514305 0.37476213211000 0.45515650448840 0.46739344466225 0.96338341630947 0.21141375039795 0.52276551521050 0.29151833436217 0.71164846839449 0.86267770566744 0.06826293426887 0.23039968959363 0.59659156511083 0.48624736238620 0.77496982817666 0.00980218043812 0.50183386474282 0.48957722354510 0.70411078863649 0.62165406836707 0.09702667974707 0.28953108658238 0.75185003234799
0.02030096487729 0.81711583901975 0.29220620142125 0.08972587093006 0.63790460994903 0.73803615634681 0.93436249956500 0.89061035558711 0.58320617373398 0.87715867148944 0.81053599408642 0.05650605269691 0.01471732559992 0.83554602575827 0.04205222854809 0.36179572446389 0.38207833988102 0.19658507148000 0.12665726708829 0.19798305593947 0.65234096646123 0.49579174818475 0.41913776897639 0.79078404203276 0.36005882206459 0.23261101480983 0.48317019979764 0.35516194898757 0.17084928268297 0.40308510107639 0.21986473543876 0.70649399450985 0.80592294484958 0.66330700444956 0.26564312735659 0.20994479104828 0.78570090249790 0.18991041059319 0.22751838174496 0.11587530185573 0.82289513969020 0.11095212723944 0.60899169610951 0.80610450848181 0.27652356310359 0.74638380729462 0.44886825596434 0.14107085184765 0.15165560729180 0.20309583261768 0.40763096254000 0.33668838845101 0.09028672125977 0.73291373580785 0.21432970792010 0.41085917918236 0.45809241405217 0.37686994260564 0.54699059396386 0.24949156979422 0.08755487614737 0.15846836777325 0.29049162504199 0.69963127047891 0.91120184216105 0.11902015523765 0.96566556149467 0.39407188120264 0.80847473345304 0.87858889364009 0.16306273745418 0.00191427242495 0.41909567858470 0.51013281674869 0.42766872341655 0.83677084676036 0.06630327668331 0.72173024385839 0.94195361321996 0.01871513174647 0.20945436573386 0.18195689895875 0.33912743656686 0.54953026357561 0.66710569155513 0.42286842061919 0.67322462002811 0.93690254700086 0.44666585831452 0.63341681307062 0.64525671748091 0.38990288453165 0.02605419438638 0.67539542726842 0.21878879256565 0.94175430167854 0.16835625668376 0.20188676634769 0.57424467566661 0.48679232229302 0.78586444185521 0.22350486226782 0.24849063437796 0.03314987810499 0.28243299325941 0.53115331970156 0.98405148865998 0.43088932720686 0.89621364029009 0.32486706632644 0.21409525863013 0.48552361032043 0.42721796785439 0.99977136054536 0.12169624987413 0.84799299716073 0.52569980405394 0.03401262064486 0.22701994232509 0.77284943078619 0.47125917351496 0.71627774330560 0.94583835316637 0.31296216495221 0.00674530090877 0.09995880637555 0.64837867660061 0.52360245654499 0.07653083408612 0.18978431450188 0.69322570978520 0.90199404153151 0.30304157978420 0.87111594465242 0.35868059056740 0.67273638371205 0.30833650049333 0.85334168438268 0.13650782707062 0.59207950252434 0.58268398444242 0.46460177869736 0.36907040210720 0.25815602870166 0.94459892445717 0.22549090510851 0.19269824127295 0.16181039031112 0.61832886235524 0.38455942386666 0.93039979692321 0.96317771588045 0.01853248338499 0.24918636659148 0.16088033045418 0.60243513040884 0.99636935558820 0.98919899823480 0.31861637171287 0.42402896032975 0.07435154903660 0.84208100891094 0.05199987553523 0.55485617795404 0.56397249426204 0.27731373760890 0.28753968959674 0.77161763681866 0.96872857171511 0.20304785485782 0.79745409687474 0.31117632873178 0.69263785012764 0.31336066211085 0.73105818763214 0.52801713309906 0.36586984609468 0.67488900755524 0.21104662262517 0.57770160930673 0.48168243771027 0.79437872347372 0.23805725200092 0.96647896433240 0.08311773582701 0.08367066134062 0.01610870338296 0.69462354967773 0.12697944526795 0.31661716064918 0.59437116090838 0.62094764520650 0.36451372726665 0.13102834199720 0.81544276306908 0.90534502878889 0.45463652742400 0.49042845452037 0.07755049427602 0.74643513389483
0.77810769777310 0.25076517517131 0.50320741095425 0.48505290183317 0.06609019586193 0.57761715880426 0.74298014793762 0.76434548937939 0.85259281219305 0.92278091580885 0.19171639290291 0.36565942221954 0.98384128430756 0.07901707321504 0.31041780738429 0.27846489826573 0.72965916089216 0.97607280453520 0.87927854473802 0.68436866498770 0.86304943824791 0.60318563690535 0.28838095045245 0.33433512242663 0.91161367481340 0.83196464157168 0.88288642338934 0.02654179216633 0.11100939410469 0.19158266252694 0.62076300101477 0.92771095981240 0.82201999169923 0.05685983243354 0.87389539670667 0.75033897714961 0.60818456426484 0.76977153411390 0.24180357887071 0.01718399544524 0.72451159665258 0.78234870977848 0.38705668474226 0.44441692160616 0.30569229921127 0.49185085289391 0.25430625931979 0.76417662486111 0.25493730717330 0.44981325476650 0.85481407472848 0.64139237998937 0.06160111017661 0.17892314488076 0.91400482433392 0.10214797948351 0.89024002120295 0.69249537521578 0.99305590557232 0.39600993261830 0.01080007111499 0.50193370340905 0.85358355730429 0.93405088871337 0.82891004927413 0.88728767434887 0.67942762893385 0.88445710132924 0.61558835813733 0.39202523841955 0.01206022329396 0.68531104466555 0.93519134117962 0.40624693022795 0.05053121785349 0.57955577758378 0.11552338930019 0.89713095568628 0.02313101432126 0.71583658379098 0.51782246366086 0.31543080440850 0.92896449379304 0.35270117618434 0.25074722538244 0.88055473745036 0.53127393652413 0.62676169981643 0.30659632901337 0.24168904976654 0.82957268604392 0.46449911152945 0.02347580367173 0.79425259962551 0.69071730330306 0.49775106154186 0.20269216731628 0.14142079920230 0.99390390482822 0.76762077339702 0.85449874564056 0.97904637632349 0.01596403143203 0.21682314587441 0.70986035524572 0.15780214112510 0.85319610023660 0.45487623137606 0.39859037286617 0.31828340697532 0.47867090464560 0.50423405066904 0.50025312185640 0.25204237036222 0.57938670406675 0.46639144088025 0.75408327217576 0.04208652765587 0.55141650204573 0.91571970179228 0.42297632295064 0.42013647496128 0.77092140198995 0.57299017338773 0.36491085833344 0.39658216975336 0.65797173571221 0.22128227638489 0.47885001617580 0.46841748590731 0.45740273986947 0.93534957885895 0.25851816630588 0.74294051708825 0.03566086524333 0.76951305740278 0.09648846772263 0.35427942243550 0.31041427483960 0.92483017467985 0.67866781760390 0.05251980638010 0.57780852753805 0.24092793015134 0.28125218616883 0.68774165701118 0.37429048857994 0.03315099540876 0.72609919848976 0.90705123350071 0.13250948304449 0.86948845103805 0.50818053953497 0.20293804854868 0.43048095867486 0.47775300111109 0.66421693428794 0.23883393413394 0.01556069766023 0.31314476177114 0.16592190788925 0.99178513845766 0.38725299672632 0.83995088428807 0.08815332592491 0.30669604351453 0.71988103562165 0.50464426371579 0.93010692263193 0.31122036922931 0.65793256043538 0.61714722273801 0.92760826967816 0.30374187251447 0.00585689150431 0.32530763001739 0.77203043473507 0.22694526602863 0.40763728605605 0.20736736101923 0.86709965621367 0.26178800295656 0.50747401946608 0.97502766534518 0.02468435277359 0.55965197472970 0.40043774368500 0.71283924809019 0.57313919609220 0.37000438809608 0.17841435526805 0.87062798982723 0.33192148530508 0.65038760729172 0.25600112810153 0.51641727155370 0.89740302214678 0.35021639360317 0.67821014979566 0.56672233201420
0.51435549945044 0.83266241336421 0.86477231668800 0.89062549833809 0.29077774818458 0.68997395767020 0.40768375647599 0.59072384085403 0.05352727946725 0.92523182914128 0.83445298010509 0.91756677696457 0.81733798996715 0.74155903341980 0.44850284243220 0.14044154517723 0.83984561913050 0.40395868506435 0.01091515842131 0.53290240248852 0.30630100344990 0.97607363414125 0.33729113810149 0.07401086399371 0.84129035177542 0.60370331366453 0.16968743024774 0.50514751971540 0.90188340895482 0.00355252430649 0.87119179588805 0.28914546250183 0.54005427112943 0.34429255573036 0.74196585033252 0.33787924512792 0.91530054226619 0.41831759108301 0.97609112242616 0.78266517042346 0.99149005755531 0.63664339540890 0.80560990274798 0.84860636263684 0.82365591906287 0.63348934202437 0.01162291257188 0.00776818221934 0.72802076029996 0.28737170387320 0.71640150191713 0.36451616256429 0.23761483988698 0.24504978194480 0.70568147439873 0.12871165802974 0.53931820792727 0.65118402066848 0.02325389419443 0.08804181929185 0.31996014111207 0.81134557569627 0.45000174398849 0.23648684164886 0.40083229946091 0.75434835429113 0.09079872892629 0.00920682703098 0.88320665230331 0.24871625996706 0.20909353390411 0.56767691600031 0.71169395505043 0.84318889004894 0.10575386703498 0.54898474724660 0.75582600658111 0.70567414813858 0.37184210107272 0.63984311985800 0.83139556449151 0.80080620358994 0.18286956323593 0.43265730742938 0.17007234040238 0.36100863325414 0.27679240071937 0.45291333751891 0.41450223449315 0.83900019711235 0.25562106028953 0.33429327288118 0.08167222416008 0.81164256378423 0.48047513629792 0.68134407158060 0.13856097342154 0.96665646089885 0.34915443700579 0.33817556838192 0.28687310190545 0.32682226065783 0.57937374507593 0.98363052778758 0.86552637532029 0.27742743017551 0.58992089614382 0.28587175106586 0.94744235174141 0.76792774269150 0.35263744328745 0.37141683209549 0.48009875007644 0.57621053250003 0.01099508614133 0.42925891828808 0.41883530007374 0.01627613793608 0.74683243868228 0.58423644460712 0.85670085769683 0.10849936219751 0.76406412864116 0.79957057245195 0.45433431716195 0.96174054994942 0.17611704119630 0.37436170367882 0.44549160559095 0.27468909707407 0.76098843501742 0.32663532794417 0.78586856139166 0.07854944242123 0.81107692273020 0.50891574838110 0.95339657553266 0.69346205654548 0.45535550241848 0.39086116669015 0.11114163960360 0.90214191716567 0.99405933373089 0.96141116116105 0.17207557614924 0.60611846790244 0.47994677260092 0.05766597930881 0.27845294070724 0.23435709073830 0.66625608796389 0.94996842721109 0.22934015925806 0.70329346087271 0.42812927831127 0.28142666013941 0.25850717526993 0.52959804170185 0.99056744860934 0.45777737004102 0.68847695364506 0.94598477460577 0.37385107640463 0.01904210641798 0.58427732130368 0.53887169142291 0.51582307813593 0.73115822522246 0.80533049807942 0.24828192391905 0.68134725698986 0.92238224073816 0.87064926121439 0.31223651419574 0.18238728204214 0.74614713004364 0.42678986167459 0.40356090747980 0.66155031067600 0.76413779831925 0.27481447096341 0.52579015136871 0.18719674557446 0.77701990637327 0.10579860079973 0.84182134902752 0.64061972313621 0.56195146979738 0.68350058021854 0.97343550150216 0.93015694558645 0.03446429127418 0.00991745640546 0.80692579834896 0.15568643163141 0.68178650442631 0.45903167936582 0.24921460509373 0.26471492839491 0.04376305155552
0.47083785448926 0.76601752739541 0.61089635326776 0.65565537211857 0.28441018492714 0.39150868109941 0.04850303393090 0.23960747510041 0.40563144723074 0.90096746851177 0.73270913322624 0.79278328735277 0.01364368991747 0.86382475024289 0.09108901312152 0.37227928159609 0.13152481912095 0.83418752690352 0.32438601949053 0.65794141561828 0.29689911430060 0.08372061467285 0.10847541005773 0.92983928307569 0.81777762795484 0.40160769607045 0.03876588788173 0.56375706099233 0.11340037746470 0.40942513204014 0.92152576414191 0.62504068708264 0.46980053144600 0.60003359869225 0.84740647994049 0.16438008498057 0.71001358254628 0.11000696146614 0.85649930774977 0.69695473385255 0.70160017963006 0.72097915130019 0.84192453390773 0.02631525435512 0.04939458954639 0.88032237442383 0.12424998749918 0.19214307436122 0.85561588252740 0.60335305882057 0.04740686920552 0.22103995909560 0.43804637353149 0.58925024446618 0.34294261379620 0.61619463547883 0.86923141959994 0.97705770755336 0.47983660657843 0.44475377073895 0.93770302276672 0.36539713494013 0.48940776819942 0.61893294271775 0.95032704255078 0.30920456890661 0.82246148514995 0.06035874043517 0.21247694570661 0.00143929560126 0.77576203771845 0.26678473535883 0.54304885964482 0.07882013375368 0.28390590495150 0.88744080611184 0.26693686023544 0.97914653352343 0.84028004212462 0.65414842604742 0.76442105486398 0.98512614726931 0.27168367522003 0.62500718491000 0.49506490552676 0.54953584708540 0.02858605643960 0.53333274707291 0.40710382345643 0.14965307569713 0.66289360867371 0.59623879175127 0.10983031989401 0.00933214940046 0.28683740410329 0.75362660051049 0.52273928966973 0.92735873879573 0.52045295142187 0.17344883752583 0.85643256195799 0.09675598383466 0.07413213412220 0.20860020746761 0.24322980603525 0.84326745592416 0.49098966809483 0.68588052170760 0.97638901972008 0.53377745819342 0.76376269295757 0.10058561950049 0.36793800032758 0.64313290395954 0.74359374623171 0.68802161138990 0.46869593872838 0.57735328752656 0.93539697505751 0.99282154676280 0.42713207872605 0.44418861083475 0.16629312129326 0.85522254987306 0.22988899265069 0.67899413328247 0.59633175743719 0.53606813113237 0.23574445143968 0.69454456833188 0.93864829419939 0.01688072360280 0.53661770297149 0.69072223808943 0.95898937767064 0.84121380369656 0.38741844473473 0.48058994916342 0.21537779268544 0.63275092765002 0.55066841303798 0.22980840316601 0.18506497504459 0.28762444955839 0.79167795652787 0.54561559190093 0.62986815254482 0.09756604366114 0.62032125521768 0.94445613900640 0.22586381457300 0.27258648073724 0.24153750701368 0.73161508773765 0.16624295352361 0.23466046976121 0.05144289561397 0.62694434801563 0.05112515165505 0.37829383290381 0.53828475293259 0.62395027434671 0.39648850373859 0.76754206714680 0.79411937900639 0.59106471326226 0.12252587054364 0.64381252676314 0.80020010133201 0.28664278024222 0.07678603040437 0.15327620772153 0.17657290426238 0.82756097100252 0.25507128891079 0.87909137348550 0.29014510148719 0.61859299804031 0.89727287581726 0.15084604332960 0.83770536777434 0.22146292884967 0.63872746963761 0.86565940815767 0.38075185949309 0.24065947713408 0.04745844848677 0.44731201851244 0.98337737354668 0.68821052789864 0.13475881530302 0.85923880195638 0.23314166441422 0.96009610628289 0.61728141653512 0.07918038837133 0.19137540069882 0.53552146119720 0.64692245116277 0.65682867178753
0.83211073607710 0.82711186620642 0.85991532639580 0.48611733414143 0.01368052025629 0.80871988821838 0.56987518570527 0.02126196547057 0.41309905278053 0.74081348866109 0.67013832495530 0.79123873091389 0.20123361116691 0.22709151331897 0.90153531120157 0.18484740548896 0.44721433867126 0.88968612293658 0.18975544451849 0.29847258680916 0.14087104956278 0.27029459835788 0.33458907831195 0.94836670067673 0.45842745224281 0.95283501771732 0.41563979886579 0.58571233946924 0.14641068179618 0.77845914555923 0.12877546538754 0.84014237592250 0.10486804611792 0.83791838557949 0.53591440269153 0.59136227276792 0.72291230745761 0.26187188036078 0.42276217243804 0.65588269307055 0.66040701243488 0.92558953491981 0.32674456022256 0.47841845422281 0.58128838316782 0.08319447568533 0.48843548251985 0.70867724910103 0.14266645976382 0.36744499940757 0.60324725839212 0.23453844480471 0.40602447515148 0.75806390727991 0.87659771606077 0.32019669903659 0.10572096612187 0.12178092032724 0.76077528157684 0.92207063910038 0.60968347033465 0.23631249040052 0.92025636526249 0.53009965728157 0.71418463432938 0.68749713208532 0.50574768813564 0.03122097843756 0.22171953645453 0.80897704519974 0.55878305489479 0.87176546350721 0.39573789284782 0.39136517511567 0.79179711468373 0.03390958608142 0.65981996496545 0.67721090954430 0.62195153183498 0.22564651816468 0.53790045751506 0.54990388924372 0.57610125565309 0.80912065384908 0.22951019224381 0.40860407016090 0.76174846538374 0.86793993408552 0.98237677657933 0.95718499701324 0.06379243571240 0.48422660968554 0.59795182153953 0.70384297059851 0.96561804424473 0.48550855141240 0.69208712367621 0.78876750421620 0.19305285995732 0.15795663709806 0.42014487286748 0.70583824180632 0.32364517415043 0.92823117778357 0.76842661554086 0.18485424742549 0.51365105089824 0.14645169480806 0.61675196187211 0.18387179655193 0.88467020286602 0.94690616420803 0.00884402833490 0.52417248605396 0.57689916070716 0.20239011728805 0.88923066475265 0.87176540658789 0.41154167967152 0.69373070740271 0.78812735800209 0.60671414164983 0.88738766640174 0.59490412696476 0.07571763387752 0.20013998319140 0.55712456414706 0.77729705869524 0.22162157292779 0.29369143453071 0.20360856963276 0.04828712631869 0.77507728458415 0.68314389279409 0.32868095768792 0.99167253825192 0.57707742533913 0.68347978499165 0.15732830189181 0.63528413101221 0.50461711333601 0.35769257368005 0.33525326659625 0.49851162381277 0.08185653121303 0.46642062497200 0.64090119113854 0.40909420247065 0.49744470203090 0.86435146199294 0.27547510257707 0.68607734805545 0.49712742050426 0.02100420258856 0.90134991115536 0.93484581636688 0.65313162015309 0.30250908227384 0.11153252370109 0.39417858239937 0.90455921226484 0.12607052163942 0.54920163485084 0.72094682534027 0.79786992214697 0.11116764008764 0.53414105054722 0.67429464884325 0.34447922799172 0.92100130453662 0.87938781555198 0.50939309520215 0.15043879254063 0.06849551972573 0.54964962459158 0.53026347345318 0.43126545368970 0.14046676218048 0.80528047513223 0.03483058199309 0.03598422127338 0.86105216194705 0.59612380165037 0.59246600198653 0.65948531381691 0.17943756035379 0.13468692888412 0.57225538666184 0.65909319094314 0.75714765269508 0.61937974507062 0.47594853834927 0.90274970679660 0.93461854156422 0.42941339572958 0.77624541893867 0.28074540237203 0.90850393472932 0.30440671682850 0.23716894312658
0.43161746567542 0.44574336600303 0.69324833090351 0.42583351368757 0.07864081430580 0.09781161293789 0.90660013601850 0.24187927730128 0.31082249895642 0.74329340258642 0.40697098936603 0.61888992206578 0.16287190678334 0.53410984136946 0.77941714915028 0.82871834490484 0.80618553261572 0.21875097805070 0.50831810521509 0.64084722127684 0.86455840108639 0.17324101362091 0.31102532234230 0.67589936862692 0.48999846410977 0.22380806421925 0.60720262325487 0.42017802232072 0.80938376473060 0.46953409243447 0.88539420116582 0.26759243373356 0.55661994852191 0.20578884286884 0.89264296549513 0.37462380763107 0.08707298823904 0.68589595924637 0.97882049733588 0.04278707412250 0.23678342445500 0.05704802764545 0.21749070014570 0.89628482542593 0.69815097759876 0.88989382260520 0.10320516688731 0.19167030256452 0.96517097338300 0.88074720205963 0.71634157622901 0.45920376710828 0.93210351586641 0.42833044589391 0.33781933467438 0.36578841668651 0.41141208146554 0.56939398675387 0.60450517199732 0.79168813563971 0.25422403370765 0.57362193843988 0.30314431729180 0.12672263642520 0.75537065455587 0.43913175805694 0.44591948113762 0.77202857984275 0.41553684442723 0.04143516883494 0.98133955288271 0.43413248470002 0.25114047132135 0.46455025113641 0.03693138669200 0.71037867674750 0.51657478403997 0.69104793008118 0.98027107066602 0.37692022175332 0.61163713736647 0.11072874613200 0.14779736832027 0.61612776466124 0.23343056037704 0.41575660704097 0.41533539500148 0.23103694570002 0.06757872131756 0.76434012436218 0.42400726689107 0.47340816355075 0.76505994373372 0.09664558672383 0.29808904863312 0.69239978993175 0.63925647771529 0.88458408351148 0.87594672511603 0.45997837276145 0.18946107608576 0.65960310958213 0.74596547672217 0.99565085341600 0.53852531988938 0.88307671739557 0.15197467933980 0.79356748265059 0.48265280202980 0.05132345641463 0.07781138097501 0.88923130756312 0.18995970514514 0.26920772106339 0.30450634454971 0.74362734373354 0.63144202660614 0.08899249870776 0.59478856746975 0.67735161949719 0.05568482838021 0.88711366190504 0.13026271089116 0.27266737205036 0.32552928146349 0.13235510068149 0.13059750657032 0.53288970500763 0.97922653543823 0.04416968864243 0.93414990796015 0.11453418783485 0.54528106035832 0.01497401073407 0.53223268913071 0.22636408522865 0.56227849729740 0.03386645242495 0.90935623098513 0.09620887626774 0.13913583897711 0.15824282663744 0.44057414777398 0.32248424838950 0.15639527550136 0.37282180452165 0.68312795872431 0.37439456079472 0.12918168845043 0.86155076505520 0.52922049572257 0.01791385995041 0.56679450036420 0.22201724881904 0.48741650991144 0.04722728988231 0.48164620682622 0.45061515959446 0.09707332739457 0.96880525538653 0.95906648931275 0.59162202197297 0.43887679773712 0.91428326682685 0.63617209649979 0.18735287844235 0.17303554422048 0.83522984506934 0.74745920140179 0.10399400016797 0.17119042996362 0.66424588200060 0.97324884274901 0.84517155983147 0.80771374203676 0.87325100844073 0.00700943912341 0.48153266764128 0.58279300497782 0.35403924496692 0.67672800651750 0.45605600272449 0.28812949193249 0.19485235999617 0.54076517557513 0.82844530670893 0.14991454342019 0.28862554305629 0.41923879396137 0.15485641420697 0.45374718226654 0.10654096426253 0.79509053319363 0.61542681147178 0.47122819309617 0.08681682538069 0.90116893181715 0.24002241167032 0.08631060755571 0.13508987063942
0.39191854707289 0.34313078362493 0.20394145206742 0.45751552144509 0.12119879936015 0.61909996846591 0.51885867861641 0.19542155456878 0.15359368860660 0.77529750614710 0.09889819916182 0.10998317121174 0.80396202415690 0.58499205038804 0.69752432130311 0.18046213239958 0.78468465646363 0.63936946108384 0.51847610933767 0.90044180952079 0.49389995422535 0.54510393992376 0.95841248699151 0.14953673007566 0.86261880421128 0.77438534348897 0.93079367041912 0.19490361439290 0.45706323864580 0.11638176020677 0.33759779564350 0.44039539045406 0.64502181191380 0.13568032105826 0.70253142456234 0.36213481836779 0.44761228079824 0.69335588643594 0.79165857768250 0.89437755887898 0.27459440048518 0.28947783761326 0.94964346999419 0.44236581292283 0.36088797597131 0.25361684547686 0.92344275922735 0.31090810583770 0.83101406880159 0.90009860064365 0.76782943137745 0.65766529085374 0.36905918329632 0.63668346618799 0.38175051971865 0.87964987851587 0.05218549335053 0.37151599232056 0.20686355201333 0.76994978560332 0.69291666280099 0.51585939446661 0.38640105781735 0.27719477465317 0.48311779096627 0.87858874133573 0.00880028239809 0.25794298871269 0.61789930500321 0.66403837370493 0.17811740342849 0.61638125971928 0.54312948122944 0.17251770237704 0.76374629179580 0.32678492842057 0.44514480041288 0.34753607611354 0.77165202451253 0.70904832054635 0.77066263253114 0.04383453633501 0.12656932564540 0.92161012798080 0.62251866647803 0.68593084956305 0.84481864130227 0.46449604117357 0.98012844530594 0.09087985757143 0.36687145656709 0.71016860126050 0.79439976677337 0.61257024616333 0.52465739182237 0.12269331482261 0.46010349162844 0.05544879104529 0.62237797852920 0.30997645639115 0.76249512030949 0.05613161751214 0.98368710829392 0.26740695656255 0.76489761368660 0.91305329410911 0.10825790947098 0.16997693029661 0.48919132390855 0.19612567050730 0.23465564975858 0.77197710279878 0.37710921332099 0.72418372907833 0.14431711698531 0.86942849457084 0.73472969354470 0.02482510950056 0.25020536935392 0.31681529156643 0.02380858454510 0.26115426242999 0.17045470979633 0.62492376209390 0.38895353145157 0.72670038227564 0.28065969339638 0.98995508018955 0.61207565123722 0.62638132300318 0.17656161391272 0.17589595565890 0.84633250329768 0.24120191436878 0.51020113212191 0.90624287381403 0.63339915665502 0.09787221745094 0.49476372957382 0.37575451716864 0.75836825151298 0.31626720972498 0.94285935517040 0.74419033842473 0.03105862582568 0.79430547876993 0.30540768703494 0.65252250101360 0.34417605178498 0.77190475399064 0.88887187608126 0.57921144209471 0.23000280371215 0.00382630493960 0.55667091956345 0.03631759286062 0.25894834203997 0.43141656782988 0.46831866730514 0.01316459655731 0.58124989928931 0.80556901395101 0.94665721278697 0.49585591528569 0.91734893423110 0.48866993022988 0.78128341656482 0.67690831836363 0.62166554977068 0.99617421896400 0.89036521506231 0.94718116725265 0.13405683456058 0.64329101236678 0.02743611473266 0.33692592496268 0.96295586790013 0.76026548511332 0.98806069844503 0.81536071283818 0.30241038143300 0.25138441111270 0.43073501074337 0.27614946174265 0.90732844478071 0.95542501114983 0.65775644628512 0.09700792425846 0.99334032010548 0.47421020761895 0.02154779181983 0.69723920906466 0.03213590403289 0.90837773588842 0.49105062183495 0.54158083977714 0.41059599760692 0.15914911220006 0.16989329686582 0.29261930823607
0.28311539438386 0.92675014331855 0.61892799969325 0.29380738477409 0.14909539237194 0.76129226331313 0.57253429449406 0.94234011571050 0.96220475154908 0.32648134512000 0.58188962870746 0.82139832649946 0.89127774317308 0.97766627517932 0.23003195164117 0.61187871960088 0.35317358466929 0.66002887745551 0.77926848970175 0.71541807615014 0.48899930849482 0.64221141920654 0.50165065687932 0.36788876018008 0.02609613555732 0.36921267124188 0.85740407704731 0.38609264183109 0.88566294524940 0.21876705885039 0.22085391394730 0.67313986108233 0.73792895212679 0.47099728032944 0.78093315065154 0.82872164203597 0.10330530747920 0.92432536694085 0.58849708016691 0.64683996686922 0.36039641473551 0.38678170450086 0.26615837440681 0.17819503130690 0.42762537138456 0.68838850038813 0.23688866368020 0.46220880540179 0.64178623520306 0.72243221246047 0.92474731798208 0.21760394473871 0.66064473465892 0.99294229233766 0.45948193037176 0.05448858291999 0.46762257296926 0.47989271068661 0.38666124148892 0.99823187633256 0.93704020573730 0.10782857646314 0.98549823489043 0.06907130372464 0.25795943139288 0.55290380592677 0.20376911888856 0.36305409844845 0.33468990225930 0.25644129301820 0.49840608602492 0.50168583371204 0.76084152344037 0.91315425993051 0.23248771003118 0.69203627625098 0.48284912038097 0.18537085235618 0.84057020832399 0.15752417853993 0.30978041976097 0.16748652920082 0.99443820199243 0.91055252056260 0.01064861041828 0.61356153141803 0.37371825068688 0.91029011577067 0.37729826473006 0.14029381414641 0.44509789390340 0.66497837592049 0.77214731005732 0.90484642386908 0.34940527058806 0.14160182037103 0.79992299259048 0.95664871578872 0.16859188846825 0.29778418028861 0.92993346374499 0.68860126673774 0.82891381379898 0.94510822008519 0.61162243069376 0.46590511907497 0.96388698151543 0.25674450252700 0.79263692652375 0.62511881979320 0.64435418602636 0.66167344344761 0.41376684590665 0.42638195459464 0.64732135373843 0.20306426672765 0.94703425854962 0.84463152470406 0.45647321040324 0.52781572543577 0.58016674277096 0.06378143050773 0.64214834931538 0.17537204694203 0.98744800811300 0.18772553303045 0.92494734227129 0.41520572807788 0.63270032858535 0.75257299786564 0.88009273916148 0.47816822802242 0.20553820342360 0.62540618260056 0.47302352383672 0.44889154595715 0.27776490705745 0.92895748239763 0.62014223768288 0.09683358568458 0.50231243215322 0.39954417642954 0.90230180326953 0.66884757250269 0.59028438635233 0.57404987676134 0.51734287749156 0.03574052554470 0.88579089486058 0.61280768888332 0.91784623586006 0.05172659129773 0.65728799883538 0.87756056955917 0.08627172864721 0.07729496522888 0.71592198337188 0.23478933611034 0.86166994775459 0.08378250524557 0.09430046143831 0.13840510537565 0.53688302662510 0.82714994533782 0.38354516869835 0.25276654523905 0.12550179866333 0.04141170420421 0.85546671275011 0.96402692538823 0.56310813405363 0.45705436638097 0.05807468712121 0.29888699709949 0.57800433980116 0.63515086049235 0.15934443781163 0.36780550298638 0.02721100396808 0.51182125480352 0.28774804695441 0.14038860917651 0.88390861826025 0.76737268065084 0.70875503256298 0.44985098945357 0.24742791449192 0.62246376510277 0.94440465833644 0.10404294203432 0.17042273110703 0.30215676023548 0.37424193072711 0.90893708338870 0.63064072713508 0.24412166368261 0.62310772217372 0.92373727193557 0.41748052086808 0.44053075805155
0.10312869557404 0.63529654468812 0.65355481556595 0.15102975774196 0.90482187509353 0.25261407166569 0.82172893238206 0.51910391449667 0.77295945753012 0.19641173202855 0.77242833746680 0.48623037209998 0.51560846393914 0.58194373419917 0.26052042449023 0.89803142147689 0.02406053171803 0.38849221978468 0.23934048458341 0.20855586612845 0.49008070894986 0.51472810076679 0.30657411076976 0.31117342267230 0.07714812634884 0.29103966264410 0.83652811611033 0.93299560249911 0.09565535030744 0.69769200677583 0.29316063395375 0.89269080264201 0.39775324401238 0.05249272723564 0.68428154743570 0.33315035130370 0.48556560669394 0.25681637166470 0.33498678024904 0.56846677319061 0.08463577944113 0.77096119973287 0.18809574614274 0.32400776683209 0.68367863803725 0.83433120313376 0.10745206283777 0.42675338572495 0.21984245200817 0.54956148096042 0.01963577657894 0.39748511107938 0.93006631308799 0.09834164759155 0.22617081793332 0.28139174338650 0.51338213944671 0.76084621343772 0.78643624753176 0.17887639658864 0.25524113188940 0.24560835450839 0.13692759692159 0.20499832015261 0.76703181757426 0.03732022261117 0.92854672473217 0.41253096903085 0.76688147361419 0.72307474734797 0.76263205496798 0.46269357297624 0.42560955278010 0.33166339276078 0.49112712848348 0.28914534830644 0.35957323741594 0.42358419057789 0.08032575741519 0.70284441928727 0.17180077679222 0.83414082972402 0.18237952873563 0.42734064685258 0.46828863744125 0.97668729157922 0.78081124066098 0.57498909850921 0.27029844924603 0.92273657906956 0.91889565989847 0.97076362538527 0.01200784979064 0.84536787392447 0.00632593143945 0.12862879655928 0.20838226841433 0.17121241272592 0.79102286544563 0.75935852869321 0.69928040507860 0.73630394729521 0.83433416130839 0.60934483485285 0.47202835607024 0.31329699520750 0.29284655376914 0.48953368700138 0.83165013734319 0.98049351653616 0.15571014297612 0.82355925037916 0.66578639974010 0.29818787747477 0.64306796521235 0.66461211043849 0.26771862885266 0.31779538483861 0.74089065758876 0.31379768158981 0.88317523812475 0.65930893097662 0.51298798988965 0.03951682757275 0.65743812797696 0.56464171398866 0.92492069565577 0.85475402795318 0.93579066908424 0.84230096612768 0.50759640126057 0.22920178586630 0.00849133401810 0.89014519738150 0.29778890598572 0.14963466964307 0.07228504347145 0.93934628576255 0.22050560578957 0.50491693781123 0.53531557353875 0.43075940842228 0.29483257496554 0.60563035972451 0.86155696710940 0.64471317017306 0.00627119626241 0.85975583091628 0.12060108420375 0.84629799362761 0.98003094551118 0.22841492927564 0.61062742239277 0.73622568626619 0.52323558110014 0.15781285574310 0.03739874141493 0.09996006963596 0.55516261217140 0.30326785312350 0.89451012137200 0.09366808624638 0.93192612961638 0.68958138881206 0.22369324837191 0.97441769427732 0.57660208335644 0.56004995943657 0.62939694384080 0.84659721961853 0.60435898447113 0.29973340247817 0.35618544463946 0.31214963532363 0.11436845592149 0.27799627186491 0.89944652635391 0.11525485179182 0.13838080645556 0.58959223150529 0.92346951680239 0.02324864321986 0.83734632813434 0.53724897487454 0.72948736158527 0.22517166601627 0.76626470969276 0.06466319974435 0.07063085747780 0.58686386963019 0.12601937141713 0.13184438410824 0.37646205195947 0.20832391099378 0.62672506298911 0.58295769193906 0.90798921039564 0.48144345906132 0.97211033022941 0.22838175112868
0.37704348876447 0.41807302428063 0.37027533065521 0.44780141528448 0.43754998054008 0.58235317840240 0.34485066166354 0.02137235860516 0.07697549292744 0.90456367277965 0.99427541079860 0.83417807654222 0.60513901734115 0.40360001850689 0.16681643427206 0.60040285320400 0.75659315596231 0.45757827177498 0.56993035978080 0.20627237913960 0.12630009931744 0.02432435719820 0.18624161499488 0.34298650158583 0.94113572231036 0.73534849442751 0.59882502611565 0.45401933639407 0.56451488908878 0.00993400364833 0.47717282765607 0.82611915890851 0.45412055004682 0.87770191258310 0.08643288671845 0.18111493095850 0.09602005394456 0.99209080554780 0.50908355776997 0.32845050186359 0.40907308628287 0.05239120023017 0.22271435085875 0.81017251922496 0.75464078005150 0.26927709424105 0.42433390709664 0.70709874163046 0.53545630069049 0.35221856604651 0.26679693769672 0.34197095379328 0.77572510793927 0.69700768175384 0.90458201935917 0.89492242410868 0.94353652298879 0.62517536612862 0.87295642254185 0.31229118567988 0.54444802245940 0.21531129562359 0.77905828367644 0.06064452715944 0.61642521644082 0.66419542155224 0.78183642254138 0.36707886724260 0.26881145727955 0.58395477044288 0.89500010480123 0.31155385352118 0.73229302916656 0.84253433415549 0.31165379723073 0.81727727271100 0.36287360938721 0.90162111690262 0.83231055414625 0.13824038661796 0.73390931428416 0.24600311797839 0.65680619850689 0.77332233205124 0.45129600030376 0.87265243649169 0.19851078905221 0.07969813455738 0.57962918894145 0.83757253693058 0.30142825809645 0.55584874379856 0.53305028157344 0.00725184185112 0.39555685578328 0.78141241393447 0.81116049059050 0.92593291319829 0.91706315163391 0.80620296642219 0.25315445052187 0.78946804682831 0.06743860319128 0.75669904633490 0.87104878666130 0.04773046721519 0.78427737307547 0.23218857754088 0.56108101206161 0.34659568574821 0.91882845850514 0.64634061946645 0.06201794709225 0.74706460312165 0.40010766460894 0.85323814305357 0.30803304272664 0.31185108063830 0.13272672689648 0.81088358163053 0.68892660068793 0.70214378933604 0.78650386121155 0.91614640722565 0.06452894409728 0.59555942838139 0.40254743694733 0.30901151066287 0.64783951391536 0.59445656390202 0.11834851585054 0.94810642453661 0.26766941827826 0.60745354062186 0.48319659686930 0.79026601273886 0.29228839421723 0.62186822627160 0.22283236060218 0.50660525744821 0.06244509683758 0.95286947309195 0.13175700377224 0.65395357998548 0.01409153907704 0.91439753197262 0.71992315880510 0.93967214055098 0.97893739469188 0.79071767038626 0.38853757126451 0.67734781050279 0.31222322110749 0.33499526860411 0.83347379701384 0.63418422183356 0.05134826021076 0.39879269545724 0.19154509043954 0.21899272814186 0.68636089070476 0.34362848478849 0.55916330867364 0.17962715991706 0.50629524092747 0.10715514428931 0.09538012007769 0.89101232029730 0.65127799062471 0.83710517153356 0.09036692334362 0.24517708614134 0.93140898119270 0.44240856687411 0.33114672404394 0.16283413294230 0.62627839466413 0.50277694767167 0.57961717829186 0.67232519395761 0.77634164340041 0.74111372002223 0.04158480797628 0.76974324869925 0.06132632289845 0.86191424047113 0.46291258920137 0.11226543875161 0.33708481507401 0.20660556796373 0.34681605304233 0.91037516342851 0.85550666155528 0.67849748338403 0.87584907889712 0.00678902227552 0.26903157967160 0.72780358117552 0.04765621132890 0.73481867076389
0.83884870047991 0.10443687923826 0.58841627914133 0.65529308486965 0.14625929179288 0.02473639846571 0.78746232913804 0.37756668076623 0.67854091982887 0.24108178340256 0.05340956952925 0.20879325337244 0.80709921950152 0.85965544636333 0.70142684487482 0.15213504175056 0.96781779493158 0.88799925060304 0.09346883728240 0.04673281239965 0.03661518251044 0.14514380955359 0.09916462546457 0.06195597591554 0.75952949395527 0.75352812150052 0.80612159947321 0.46473668867589 0.59437858443992 0.70310395137329 0.83589489097184 0.03238318439604 0.50184418017954 0.60716571704872 0.00582408717733 0.00314120200709 0.22305784950479 0.09549287203416 0.84553404963206 0.24339105361594 0.65957323246277 0.56607547341276 0.39690970976817 0.74508028149617 0.33668775869118 0.79867137772903 0.74591620579644 0.52293885285110 0.35810411923694 0.00615894070414 0.32019925546022 0.07858786930227 0.71269343930998 0.20914867958541 0.89854988252418 0.44957147029647 0.64532281112227 0.17004637017642 0.08334967192486 0.60349441560384 0.19210582082384 0.48534427769140 0.90326181530840 0.01420558175011 0.71725806995094 0.14583693741415 0.18296158334728 0.84209167310612 0.94401058776132 0.74212346898428 0.29726958850934 0.95320719074158 0.61787712651192 0.49685552393375 0.59640603026818 0.55375944762909 0.83025128694468 0.91667655927735 0.61500035767607 0.90305984728833 0.27718241372964 0.97305111379218 0.05906740561563 0.61588956237367 0.52602114297630 0.47923318467984 0.41776520044059 0.53327663115947 0.39982913385290 0.95176339740412 0.27571812385843 0.87783860639218 0.39008821282668 0.12152739476654 0.46260760885992 0.50823232265156 0.67220732051795 0.14813291132005 0.76082415918309 0.92242701810088 0.38394777364772 0.32907402684266 0.83508196260243 0.38022461308214 0.72692850659961 0.40053578895566 0.55632357906264 0.07892830887897 0.82910900664231 0.12307723953705 0.92331034257864 0.69850898993298 0.77198627524388 0.59418994062242 0.03825893001504 0.85248332336074 0.74234681825683 0.38666544922308 0.12251882139854 0.08174412972158 0.26614361279259 0.52076987300009 0.47872015451755 0.99208816938940 0.92314446278864 0.84822579850101 0.83414057549902 0.51375996164799 0.12879957014871 0.71709551428566 0.62062590061927 0.33069869024635 0.10552420017447 0.23286157187879 0.39887081139538 0.87845193947673 0.55383057878087 0.18382393549418 0.70864147926727 0.39516879848144 0.88296225466575 0.53670235635996 0.19330223031053 0.80455866664543 0.52942615461224 0.40498363791562 0.36828907861818 0.21053484279417 0.67409237626682 0.30633840172028 0.12235288064059 0.07763293861545 0.92127112450552 0.24767165048388 0.78678232336667 0.02904843998253 0.68445470383258 0.89519869556039 0.70854762664883 0.51089017426598 0.83355394397755 0.03562902960650 0.46418958974634 0.17221987546115 0.81868575114846 0.52547662689468 0.67031589361642 0.04867259334212 0.48807212382388 0.35180238896104 0.28610096975871 0.47796673858521 0.63347417446295 0.69844460687863 0.20956129645514 0.71044152066677 0.11219011987116 0.97217497104875 0.28422830630801 0.97945505630911 0.98741568630549 0.96133048526853 0.28120234319198 0.73114549081073 0.87521463579606 0.70532041640451 0.71723691539741 0.34575228808307 0.36630664315122 0.25294996834220 0.54038678369141 0.40780748064282 0.00606581344298 0.35227908802732 0.22936090417423 0.81056374805258 0.28202868493470 0.13498350293418 0.47014816579635 0.34321744264055
0.31708970788898 0.27057758779764 0.17785040346402 0.97180075228962 0.29382651040808 0.76753072633005 0.13673096036916 0.60437384398997 0.15425579260684 0.07819012213003 0.58078070671016 0.58725158049914 0.63072750847642 0.98993531816897 0.72788662167759 0.09564125083709 0.99531447186861 0.92906118368719 0.00789671009493 0.84171859422617 0.56531153024147 0.23525000798988 0.08987839340616 0.42695167230917 0.05833588847122 0.31864749531952 0.12729391994822 0.34845985454391 0.16249008611367 0.16398238980158 0.60822984514231 0.30766812688537 0.93303515828050 0.24653077502586 0.21622225512746 0.65590973890006 0.31462666539989 0.54988200704730 0.18192895856822 0.06179143443451 0.26602196382258 0.18848542232452 0.31267885217435 0.25584306896425 0.63032012915230 0.22214462684368 0.33850355793458 0.57911416262181 0.33351264905805 0.09113209178841 0.20743166242140 0.63034291484987 0.33915972212043 0.81595014306673 0.79181062767247 0.06663582316313 0.70105120264854 0.92320830875905 0.81274788226992 0.69921965184963 0.55930798953059 0.70688120447893 0.79765163945624 0.77268986438755 0.21048016994085 0.90016418359950 0.09636544838496 0.19522945360342 0.99795028537642 0.04598583971384 0.26739974642595 0.39176192237020 0.06045605296326 0.76047077049285 0.11031053705154 0.51672306368171 0.72028182406193 0.93859468210256 0.86285620201696 0.98704325243592 0.69349080144500 0.97491646770626 0.38644001153452 0.23443336252108 0.49301144902199 0.49062088524862 0.16271995472229 0.97988008089630 0.80613121716682 0.78160409693660 0.08583241593652 0.11484589494318 0.02498664583143 0.96356272086954 0.76027840366469 0.51939392914014 0.66872757334810 0.61106573025982 0.59048837757863 0.18368395839648 0.68472705450854 0.96173521884162 0.69841536672747 0.75713094833803 0.57705424349872 0.95443264327786 0.12019821580877 0.42518798559350 0.16224847878763 0.45230184278659 0.46627458814967 0.66436782312426 0.25460193367317 0.65310248657706 0.63836924497160 0.72183183395941 0.25977244679752 0.75813902668883 0.16551722955277 0.25733145281306 0.53964153533252 0.65749063364166 0.91075648816615 0.30128744087287 0.68214749964702 0.47978314267008 0.37266338935078 0.07029373209628 0.28426239021298 0.38389920433982 0.62439093281540 0.62697036744506 0.48604895536052 0.48974568670361 0.82071977580971 0.29854142702662 0.42498650688399 0.12407996799736 0.35132358093023 0.62605552997215 0.38251324275050 0.56907161615443 0.06037116124196 0.37345324399864 0.70664555954292 0.50899212819465 0.05212948162564 0.77733043972514 0.19563727369673 0.72150406869506 0.04327453372250 0.29652283783638 0.56922605279916 0.49848816571523 0.98834062328876 0.00484987967988 0.79577839124041 0.63419335842715 0.28072715442858 0.47672561246744 0.87464221431613 0.15492955491740 0.10927333788785 0.48118586847503 0.97599287842818 0.15336198259846 0.79376359301170 0.04187483621395 0.75539696758663 0.77726369012373 0.45080608010639 0.17460126200208 0.05494680492914 0.86110431262777 0.30718366949899 0.33499110200374 0.20770999180695 0.02054174787291 0.93205167030573 0.60001377102838 0.61588920818102 0.24965112530672 0.12896137792798 0.68513935044799 0.19287773191332 0.40940024210444 0.84542048370050 0.23314755549550 0.13902176975167 0.56427789884377 0.16250716095391 0.36602553050481 0.53316686263542 0.76084964610680 0.98533967180085 0.21404997095686 0.70501514906975 0.46598699429410 0.00505400640843 0.71886888313855
0.16342107953973 0.49526085644977 0.48194428493282 0.34968472438145 0.37072715070932 0.43431080854545 0.91399900780815 0.95275417356018 0.74396011094964 0.99569280467842 0.72811767912062 0.95764092290711 0.77950818405528 0.09757252671579 0.52118612038743 0.41500668772604 0.08686004517274 0.06523506481007 0.99426328388380 0.29268898473925 0.90770626878886 0.80189600393793 0.12293977085968 0.33037059116680 0.06833615442239 0.14265319127378 0.84908624295013 0.87160028320574 0.59799796760104 0.92301468044540 0.75527236361196 0.22694912483097 0.46157478406263 0.83047212778364 0.27415004346576 0.67969390323659 0.09361405222810 0.92111625323961 0.49127408685723 0.45436389081718 0.61219925223638 0.25063097199672 0.63959646808206 0.61695433992518 0.13244769484043 0.53245201422857 0.37683910408139 0.26967527022092 0.49175939229390 0.76618228755512 0.69973955587624 0.50239778821499 0.97670169593039 0.12477069252147 0.27742025118951 0.64386134768565 0.83053240606668 0.28305908031148 0.64847655821725 0.48432029553272 0.34981627780005 0.27685353333874 0.58008095827124 0.61918115468778 0.52826186995970 0.97316191180497 0.88493673961305 0.15459853568294 0.93113928204925 0.94720484372238 0.27745306141895 0.91954875629008 0.52207014461617 0.54860292254113 0.37962248037437 0.52981315837045 0.64551948823072 0.93865427383464 0.03600528032676 0.06896386847178 0.73991489155033 0.16496202209796 0.59184530658108 0.62920373708822 0.82899201599254 0.36233238279839 0.76279623391733 0.93418612714193 0.89849095814675 0.05059191936422 0.22554400007523 0.14952766941654 0.82413054003204 0.63644709997810 0.44613247099557 0.63717015446233 0.52674222665271 0.32418770622593 0.27547857404600 0.84794498106675 0.30378211539369 0.63285290089731 0.68793580653580 0.95169829788137 0.45017671734202 0.84859450950211 0.02235404815227 0.29157989361529 0.76714702920977 0.17447356702754 0.42829280025890 0.33614515798018 0.17468293907505 0.51266377772362 0.20088980443824 0.06396971883722 0.29030406095229 0.76471216329281 0.71413992997725 0.94005922498903 0.40875033015927 0.92011075872779 0.46666322423039 0.25205217600852 0.69855463912716 0.30756716338429 0.36284991261462 0.73749706191768 0.40271228588770 0.93689850629305 0.99362920678654 0.67727032962052 0.09531901508688 0.20180298445229 0.81293966082071 0.29661591373740 0.04846550463273 0.78262929166057 0.50067426415302 0.02802064111044 0.27124152819443 0.52629037411265 0.90635528906232 0.62228579475180 0.99545067109404 0.77708367064722 0.09257305981488 0.81077383871221 0.12146000890787 0.51241029811323 0.55388040850071 0.32489381729646 0.15348121215183 0.87168436371258 0.05108297309652 0.44381138539121 0.30028826932795 0.71424735409690 0.48334406336729 0.39682286391266 0.67946525392304 0.73233592302254 0.30295614212925 0.75464639844012 0.75404790256418 0.16765974444575 0.05286299555303 0.38690341680439 0.09588239209241 0.76405624376278 0.32747095169420 0.62305615949904 0.60688143227061 0.62739121885555 0.45076186356298 0.67141015382980 0.48772073027549 0.58994033802062 0.07482305487070 0.79261495841287 0.90968852362060 0.60247749648226 0.63087961651637 0.64057147223824 0.00526105868229 0.38168207404158 0.27948230803981 0.16944604411123 0.73040769362213 0.09095653813104 0.30663971376807 0.76496867612743 0.44890991126707 0.09510780154044 0.52527400774307 0.47677104216280 0.13678847025513 0.41825654508506 0.10950750901032 0.12067872468514
0.93550809535378 0.56167629584120 0.91311099711067 0.52299501422691 0.08386019873631 0.75110541260367 0.64456521603425 0.97035117358716 0.14868392765425 0.19222644022995 0.83687675767966 0.40531898054771 0.92564842102911 0.47818641820091 0.92284205976984 0.40274009693442 0.05698248312716 0.03585353034981 0.46343155538935 0.10497548164404 0.17877152968330 0.00739733369318 0.41328716141614 0.36147380760520 0.56596912580638 0.48465980487128 0.95068436278597 0.11328845033430 0.69458048277966 0.63850928850365 0.69592757369200 0.37429840194794 0.90491477317917 0.09137705541745 0.61529100974470 0.89411532558669 0.03912420059404 0.74305877947295 0.76785872820295 0.04165696144543 0.34873439913376 0.98913700865934 0.92040119827431 0.10024066862479 0.84502202774918 0.38210076108231 0.11148688814244 0.69493892232611 0.89629171735073 0.55611731398523 0.24145541948494 0.93921767063288 0.00859155557675 0.53789411709869 0.07645441337430 0.78095754498762 0.91652996175976 0.72077020372022 0.72946701070772 0.11644134168824 0.95730344433644 0.35768898019628 0.85580071268161 0.74256704668228 0.78876538031371 0.57979035833521 0.07151083698441 0.99017794756996 0.63783734615408 0.47980045749037 0.41357133339357 0.89698041129465 0.17384788951485 0.11865434025469 0.58274268044483 0.99993540365764 0.79605821945892 0.59918956195019 0.06196622203752 0.45528874334715 0.13171237970117 0.46456308261948 0.06530020493467 0.50001891855564 0.95156587840678 0.41123393605586 0.46104943614841 0.48811473363160 0.61277895017777 0.82505546387524 0.65566098341549 0.09568397092842 0.20664079793905 0.46252028700557 0.11312208394565 0.93579802780582 0.02603195184231 0.65187140299352 0.22224774941549 0.23224260005580 0.51314151475893 0.43960663420187 0.32751214937718 0.84457106425707 0.55773550493162 0.76042941393326 0.15012577415684 0.16526625602811 0.24681325808041 0.49814197079625 0.67200987409992 0.63449286245210 0.30369054290757 0.45614533511270 0.40159138826055 0.76449473332906 0.99749742955917 0.95061487147391 0.03889912065987 0.93770389779866 0.62743976744414 0.61497224970757 0.02891101045376 0.46197078412655 0.06669896961934 0.58110131882997 0.58104982892297 0.69000452361723 0.05379848550949 0.82836956376851 0.35236602024331 0.58923543595587 0.80319270476999 0.79224458185290 0.53986040209907 0.01920277486167 0.07019027800517 0.67399515184560 0.61515403296326 0.19624798754231 0.37991958642461 0.41742068504138 0.56760378886598 0.03263666425078 0.58079733707242 0.85864379598915 0.51306488704309 0.83939976152156 0.96761245492117 0.20983458804770 0.70951812442404 0.39360505545572 0.02964498658810 0.46424762251467 0.04835289949348 0.22226118342962 0.46923927102479 0.60742818100784 0.91542486654369 0.40869366779661 0.48536730139984 0.73282889591007 0.21115438119375 0.16350254074383 0.15849052314892 0.58725205772836 0.88872582847216 0.12268078859112 0.41738609668276 0.64534283303272 0.24148735282761 0.13750337958662 0.85084362323264 0.74483181859783 0.36791259127458 0.76594812827409 0.70600547062281 0.56542558378658 0.29389648163929 0.92493663811573 0.36863264633989 0.83381227175619 0.77532730466815 0.90251453895971 0.88218391030214 0.05878749100520 0.21649606536230 0.59342848226071 0.29146583829056 0.12491504101346 0.38127899235850 0.35891987674715 0.28723238426333 0.69071187474415 0.43576470298178 0.71301818474962 0.01583177480423 0.00647791696906 0.78999036891306 0.88340878950785
0.78743238736499 0.24461617010258 0.06749487833191 0.70340197864524 0.31341717011415 0.17087927789808 0.93726791906218 0.72403504468099 0.06829328099777 0.35800988443486 0.78587233584455 0.02967108462859 0.66362438370726 0.79001215953236 0.49002882449888 0.56179912289673 0.22508804523070 0.69517673414727 0.55232613761713 0.84511541097133 0.50911117248810 0.34201968254456 0.23456164179481 0.19354199770337 0.27204325564876 0.21002278043832 0.36279165380592 0.51621543869927 0.72481773631326 0.08073335216090 0.83503838913787 0.77704201447313 0.77444362401806 0.56745366239846 0.13956158138338 0.02609622815798 0.61913519342257 0.12449670151693 0.22011192532915 0.14821631315219 0.99932710615146 0.52885948858268 0.77731701457146 0.39624011614838 0.41481656620324 0.01662733562038 0.67649718791955 0.07257752154701 0.43211316357810 0.30890942467330 0.74082950154692 0.05276636746517 0.99429242106227 0.31363487207056 0.23701033649789 0.03691847583992 0.52900132310051 0.88665174669406 0.82749579398539 0.00103776218335 0.59044304227470 0.13342989291689 0.80896423737385 0.70699660736413 0.84476349814034 0.90936054663015 0.12034135189580 0.61409312153296 0.80285678187021 0.26026995481260 0.86986967784186 0.07442679607333 0.24287546878853 0.22689635977032 0.22523737767932 0.28970306989203 0.24732314621619 0.59000311338580 0.05040242902712 0.09959582673277 0.72081321879912 0.83781012599301 0.05232063576132 0.67647209273304 0.46595135169394 0.19585116030114 0.53333148140542 0.13106512263979 0.23634135648607 0.81464392541452 0.92065413208217 0.99698448974762 0.46296950813997 0.09233967451957 0.84161273101928 0.78897486964034 0.34036225137344 0.26909773915339 0.03211674559304 0.44890685966550 0.52949128673454 0.48521740160560 0.53489260599383 0.56552207176223 0.80655487162570 0.43666723662384 0.68610837342403 0.57670956969214 0.02379744502390 0.67669260122751 0.05733680088578 0.24333254495874 0.31623723683477 0.06902762447350 0.92909652381001 0.89859377139282 0.85399784411420 0.21718849919396 0.59287382076295 0.17596490649252 0.73432007381230 0.33449580316639 0.36391661223858 0.75045336797753 0.98700716720968 0.58075838158023 0.89410329373684 0.67059121821576 0.04107953436833 0.62327004979055 0.75076028715160 0.91105450626556 0.83782588334556 0.33687210163814 0.79473179651451 0.77812150706954 0.58987682237464 0.32377841239312 0.78813804925941 0.12665474183657 0.06941905962582 0.43334421297665 0.12887725455780 0.15771333964316 0.59248340261552 0.28537873659450 0.42322745225556 0.48027133315939 0.77257583410350 0.80703939478685 0.33707973690699 0.28056312574563 0.83533232586301 0.41316012254675 0.13964532710036 0.74609202692297 0.78938619057019 0.27560826703954 0.98596449174814 0.95891073305274 0.64895891960362 0.25111233985283 0.07074217980385 0.24495686293122 0.63669003857488 0.15894457088889 0.60064111780913 0.49903135936313 0.35054140675392 0.92117909427555 0.91102273088311 0.49228345019577 0.62177713490389 0.20838943742841 0.75831652699980 0.82997293288898 0.08758546554879 0.29300172778334 0.59466239138976 0.96776106021957 0.45623746756067 0.18988664428269 0.03846279026120 0.93875952592697 0.20118373180632 0.52266032312532 0.99885384015768 0.89949605739422 0.90280659218547 0.62813710063020 0.24840252152572 0.62206743165965 0.65524453036300 0.09027401345001 0.55351258800980 0.01516655474938 0.51120305323323 0.35333477577025 0.28956339548647 0.08480587326250
0.08676024719679 0.37342728812592 0.08680942598564 0.88364241229567 0.95128117460908 0.87874303022229 0.48322300077227 0.05576137591335 0.78898863423059 0.11643596664516 0.71806056196890 0.50854381725271 0.70976139337687 0.21135069287647 0.22108794439696 0.58511063592627 0.42916393651045 0.14167891171183 0.18545670874531 0.60290332276786 0.92276138288468 0.59572189086858 0.86868920769778 0.71572216080393 0.01746517004980 0.94512471072305 0.95531709173502 0.63038665113183 0.70260600825715 0.34161753798608 0.49795491761743 0.39915087247942 0.07022587354344 0.17684664338829 0.21334221993001 0.32465070825075 0.64986121447866 0.19360385752302 0.06459353981501 0.43121935835535 0.81310203820977 0.17453879216695 0.63385975955636 0.15643805145181 0.61914106671119 0.59475114787834 0.47446872030068 0.80128929328818 0.50516662859738 0.72999513233298 0.99444988318001 0.33222136353443 0.03925659540351 0.43678348138883 0.48354806814780 0.05508711206923 0.53459122432196 0.21459712041236 0.74222517347424 0.33554211166937 0.89451507456571 0.13005462276563 0.46090603230534 0.56701656098656 0.30358979054566 0.76747554982537 0.40524482818088 0.53539142537411 0.09939643575418 0.04078525714275 0.63254287282020 0.43884741918273 0.07183977303267 0.29583526637662 0.86726139076713 0.15878241980295 0.30255520161235 0.14778334551937 0.22351976511674 0.98159185554237 0.65902373938339 0.34202637087626 0.89282759283681 0.37807071144901 0.28016402200963 0.94411658038714 0.09456560713481 0.72536929754492 0.85311669126889 0.47378902397380 0.30446832664570 0.65528725593102 0.21603213204232 0.05966397275974 0.66309357859187 0.06120609677236 0.26241031128638 0.90965636808277 0.41137830497675 0.98827429384808 0.11001988902514 0.46574584098252 0.08672060462033 0.29118395293880 0.55227828549882 0.83822344551203 0.84874278006266 0.56527057823497 0.80681764613925 0.39057731407284 0.25215262954890 0.08392608552016 0.57094204820450 0.33205501045499 0.84767300637537 0.85861575206521 0.46220229531993 0.39621253706546 0.51252776723600 0.77262758447260 0.41498152276525 0.38710676362542 0.28448181710049 0.77346399862360 0.07153633163169 0.79221087605200 0.20897818497340 0.98313302828723 0.63731422164420 0.80188911257680 0.24147904133361 0.76192865431810 0.69635959874134 0.84037243242937 0.96633316886557 0.25454812445452 0.14373007321152 0.17167224902476 0.80635284566755 0.97365654120575 0.00552035533111 0.83189364543562 0.58884192552855 0.54707333023339 0.85985361674322 0.52237865957287 0.30878630961961 0.35717049072572 0.55949487387993 0.89052416319923 0.16989718180548 0.81549515564544 0.04448012557543 0.67064879102607 0.62763120222327 0.66363045743179 0.31000902591279 0.38943108246705 0.11857062782184 0.82608048690174 0.35080104246080 0.94047638462433 0.89773852019681 0.00204176045234 0.00782893587459 0.34765188244796 0.98722639829612 0.18878711968504 0.65459433541735 0.00178820634325 0.00753043965167 0.47539966471634 0.64290097948391 0.92963793941271 0.11941704201092 0.99079822245135 0.27984940520048 0.03804693528607 0.53638407609199 0.07307828639956 0.65998946000418 0.01563369996993 0.82205025193187 0.85274324235885 0.03478392210252 0.82600057348390 0.95882115884298 0.74654683524746 0.21368534686804 0.92838368561259 0.16622373345473 0.27685340869100 0.43697526775090 0.21428636565680 0.40466519263475 0.89660355799270 0.15165178960604 0.87682385566419 0.13099557867254 0.41794169915796
0.42548421785807 0.03703044540960 0.90078253728957 0.86051104330172 0.35076987559255 0.47616142940460 0.56957080904541 0.08950903098075 0.27344566954757 0.89177499445071 0.46899477211223 0.10986609469951 0.04043749495688 0.40536729177550 0.40444584488360 0.20223757870334 0.40198262337494 0.23615321481795 0.54021744350691 0.32864845508876 0.19927663106951 0.98091778150929 0.49488579139291 0.12450552480098 0.20421870855413 0.63744880185083 0.11525142692797 0.83189287860594 0.37812414559480 0.42604370150071 0.30884807750167 0.49238280802731 0.05397150325672 0.75016555055218 0.52514082601550 0.40839416292706 0.79293518691185 0.79908069034994 0.70165332279203 0.55190236003810 0.49375524565923 0.21881685709042 0.91791083346232 0.90880166785898 0.61803590840065 0.95732764312404 0.89015498987607 0.33017339633793 0.49889719619064 0.04372120481968 0.80096543983973 0.00754723634376 0.89505612521286 0.12030839403238 0.62865591373711 0.55805035087251 0.66992356399029 0.32426453863669 0.49270227557489 0.58494933193896 0.48387562709136 0.61005626540026 0.57860163566548 0.07761146699908 0.28211651349946 0.17440277761619 0.67635113835474 0.52350940544785 0.51913669332399 0.13440014683864 0.28396558886257 0.98272765050312 0.26263068795706 0.98156335827197 0.53799423399835 0.45644240966262 0.78223682024341 0.55650210492281 0.64427857163499 0.03347414532786 0.51897245130914 0.57671269104191 0.77509751653703 0.98402831160476 0.73280070131284 0.35064187381754 0.54891234541757 0.18231102470233 0.89914693048408 0.29695169430016 0.35802496054619 0.80324829143491 0.18636137090447 0.18261128537502 0.64747711039199 0.83529513034076 0.46408451317816 0.00796310069104 0.10094741683478 0.76137520732602 0.40661767542727 0.17449931707691 0.39959524615785 0.34159310854006 0.10096816217622 0.40189334777975 0.45941036968148 0.51597181620345 0.40477350719920 0.38734048011242 0.95631417523977 0.77587466751980 0.77817463745884 0.19139080746587 0.69731415203357 0.80690408336085 0.40947445242901 0.15666239831403 0.68565253401344 0.85981120918065 0.32682270203524 0.22846527167589 0.28042857208718 0.73326339093821 0.29318274143950 0.74390846942954 0.58606929160249 0.10172084426569 0.88942097056865 0.07434423608338 0.58748347496383 0.91432278951262 0.29522592372339 0.13041518735664 0.37900740290450 0.44854376404022 0.16841826097562 0.35069129827531 0.72965530304179 0.54986400923449 0.24384488732643 0.55371660393545 0.16834647172084 0.33165746666856 0.81985768709597 0.26150902012753 0.25619855890186 0.47066431246729 0.43824718115379 0.60485466342198 0.94764202042485 0.60505955208543 0.90524856665888 0.32021991472175 0.77759328189628 0.15189274240672 0.88455821789491 0.15451979147190 0.48384353083090 0.41402178240989 0.59367113449622 0.60542638111929 0.56911814141566 0.28026897158604 0.04396044455833 0.34112264737011 0.73395029142990 0.39656566149622 0.04109675344646 0.56870681849174 0.24188469308623 0.39145177238997 0.75537356569902 0.00219237707884 0.74782802834991 0.81546331780179 0.48171529167700 0.16988384690449 0.24241576176522 0.97200257584690 0.08770808011395 0.66768089386541 0.73127971859307 0.66274112143461 0.19095585563808 0.84735560831944 0.30222135722061 0.21598635973018 0.31230362355498 0.76879213777662 0.32574239483474 0.91323933641876 0.13800757885963 0.08779037071651 0.93958896040460 0.93793161233564 0.98974250833125 0.68688677543661 0.44013990281028 0.87103027927970
0.64604531701389 0.35914812674448 0.02881146686859 0.18345296395950 0.00200300866615 0.38625284421768 0.09900800627465 0.13214254584223 0.08259086033387 0.61909697171529 0.83629287900228 0.87071255062876 0.77137080075653 0.43048568784288 0.09853121733189 0.09122590596209 0.01634489063343 0.68011113409098 0.51127117725155 0.12146721165196 0.76013802604583 0.97665980528417 0.20339459831551 0.19915996081415 0.60828954676389 0.42671442994842 0.40218665400909 0.01446981892724 0.85556596960630 0.16490529376196 0.97001111791718 0.59069903429518 0.03529366351828 0.30951531114608 0.40708042291340 0.71870773062446 0.16726266666411 0.72026105649348 0.67202452409085 0.37936044389426 0.29219759677395 0.04616220858526 0.79972771536181 0.36755372517228 0.91543302667364 0.97733963354338 0.75629940862052 0.05064989311840 0.00906436399048 0.79094341272821 0.65340907276073 0.60022277536443 0.98419858820940 0.06171831205915 0.97081211521831 0.21405142523094 0.36023738988001 0.18220074545016 0.80039408110625 0.37057035796068 0.77264029960395 0.94771142101972 0.04527663023007 0.31127185876928 0.12102434860655 0.20448630566279 0.48865121173962 0.01922851007721 0.06072744016990 0.96089956640379 0.77281528213447 0.27969102120083 0.84016814554395 0.72809049667170 0.60299731668992 0.32952901759514 0.93734569567806 0.18531072583640 0.10100349969322 0.92039549030469 0.88500383604438 0.30697290468018 0.04577025339974 0.44628782467224 0.41136576906401 0.82889725293333 0.05799856039312 0.73476753062683 0.18287908615252 0.31483400595962 0.66569388941061 0.49150634352077 0.31675643358398 0.09080938419865 0.98239920030891 0.21176985655991 0.84376940937625 0.03175288334635 0.39035436094394 0.78215908064118 0.12259356057136 0.97106162883952 0.19460516809995 0.52596240290208 0.46791439974552 0.74200459984813 0.41380383158327 0.51031237783901 0.23446305478265 0.98289259985710 0.37199656233488 0.25874781889515 0.88466115792196 0.80896747311394 0.31312040345758 0.63358127164625 0.52536813458372 0.14148230689545 0.09977901928153 0.84513395591965 0.43140363293280 0.17966262994066 0.00793411298117 0.44635795431501 0.22858816274121 0.61746485008150 0.15138762371932 0.27885886996163 0.87476380790268 0.79311132737304 0.89206842741344 0.62798419570686 0.69615846501787 0.69816429828315 0.21399434585055 0.02723768929861 0.67475416957133 0.33319041507285 0.51669305593167 0.24519332848014 0.13891321194840 0.36115970712084 0.13081977602347 0.20504119838016 0.78709954015550 0.12061272409981 0.60241165082713 0.34961805910186 0.11215982265348 0.36254231041958 0.87678663400057 0.43566596738460 0.01730378658968 0.59088980382061 0.19989824865919 0.05088920311731 0.51324501843566 0.86419265883632 0.65005069201727 0.35835516105889 0.52006578082728 0.18773967032351 0.79379562574508 0.74683886628086 0.86263252267082 0.45478246220460 0.69045344236108 0.98684777729589 0.40554070636818 0.61930244755876 0.64187196908131 0.61856098707658 0.89526704874164 0.07449030495468 0.89707926979465 0.49035457481011 0.63163353081832 0.67911667103022 0.65663713075243 0.65688346865460 0.73781738908744 0.54470848142077 0.62984214826705 0.93586650358959 0.66244558049709 0.86158433658192 0.96518286360222 0.71096463805094 0.90376829823630 0.27877638320855 0.89314616207108 0.47334935242755 0.19991873746597 0.63824133356396 0.89185252717948 0.33523920105843 0.83080448025397 0.74856600825377 0.24925151817179 0.29188963085409
0.08547121724956 0.97837068978003 0.15224896656465 0.57057828290262 0.00135479329467 0.10857451626050 0.91901176636996 0.75113457935844 0.44947815230493 0.82211362810534 0.65047704217106 0.86641450593159 0.52161732836228 0.98244968711283 0.15042914919432 0.47484036501123 0.29912463189582 0.96111649389039 0.60209487541260 0.93830514134400 0.24908700779955 0.27893407764040 0.51160253237112 0.49159763999966 0.11223327514766 0.69304551624672 0.20975314453615 0.36391224192975 0.24466193348226 0.10757927281546 0.68389766040743 0.14316670390164 0.07537938969148 0.05394953491098 0.79794419110384 0.43313235583273 0.41088635881023 0.82833213065298 0.62218801521636 0.60719277495111 0.38419772717678 0.04076773143370 0.16282515793900 0.90508337604311 0.17070267561674 0.88188007026502 0.59316606203781 0.39597992164710 0.11222430405485 0.78453744651006 0.86081086744640 0.28003760833692 0.74837957513923 0.79033498740374 0.80125193391241 0.66122531243128 0.03863930755076 0.02962335207266 0.77529534109417 0.94161848946266 0.57650929224179 0.72800070919344 0.09556717758061 0.65861159100886 0.80467132233422 0.30791490757125 0.22438870123748 0.19374037606640 0.67994691325037 0.32363004862997 0.10203555798181 0.29928294921267 0.80671700049206 0.56996194474498 0.06808056289078 0.77772918269784 0.51658040362594 0.73796416178681 0.24865108174119 0.15710811196896 0.17270941123072 0.94298025233859 0.29665497242173 0.78420432689519 0.21010156280847 0.18816248036006 0.51562737987501 0.98180432385657 0.84080449574258 0.73603853841179 0.91868481885835 0.27357719955130 0.31921130280794 0.65677777864508 0.56623197638854 0.36935228301095 0.40783818281329 0.40021430676601 0.86850897807093 0.60940649072558 0.20025672075794 0.84305810373400 0.94882983661357 0.00416127966672 0.17760562686969 0.96719203899324 0.82599733153546 0.65845467340485 0.83913075692035 0.69936673840564 0.66684705367016 0.62742776728581 0.92033397350525 0.93402020289520 0.63572478216797 0.12160292772175 0.19658879134265 0.28348881738014 0.79335783116955 0.71476817933641 0.28099857001895 0.61544929085244 0.63432732591470 0.51880007147642 0.76329850887662 0.84609417139786 0.36658856868154 0.99824011924294 0.46051310134555 0.38563457249288 0.09187308257977 0.87001327065066 0.02222501390369 0.97432616105389 0.65250409314061 0.45504854869576 0.99008850684262 0.27688505830170 0.01162020738664 0.49845041133426 0.60214228812326 0.41498079570480 0.66180182206547 0.27300119560425 0.55544435781615 0.19613538853618 0.40957640002836 0.69640733977073 0.97489019474197 0.48012241960514 0.05727339921335 0.14415511560252 0.40898095689521 0.32595717811821 0.21108160785101 0.94766437857363 0.94414503771246 0.03046968538223 0.01375084589291 0.67817686164093 0.64807137410486 0.71848895662735 0.35199945293526 0.06656158564428 0.31810112981078 0.03940206156935 0.71481941769866 0.25489595404529 0.04734960519356 0.94866467503544 0.59175123739384 0.29420850137102 0.93725620006991 0.58377372666441 0.58103939886581 0.28457655663837 0.40246426379885 0.63528994500889 0.55739983786044 0.93736307884349 0.54026331788705 0.84554381599649 0.21431079096318 0.12668932148952 0.45061932767242 0.60270521744768 0.66596584022025 0.94353150020545 0.25546423697625 0.45502396710614 0.38621477672519 0.16076283322124 0.71005899072935 0.01861731226371 0.09155028795493 0.35232343707368 0.67214964901174 0.43317192058738 0.09116171283490 0.35264272823333
0.13177196714000 0.45658244312795 0.88319140351168 0.07586400433798 0.29678375133724 0.02392970306041 0.47141208436727 0.72279222434778 0.33655735213078 0.51959363993031 0.96524477962999 0.61934445631756 0.33248197586244 0.97889518631349 0.62201610831170 0.20611592780433 0.49738302285251 0.97382590582367 0.94744108134032 0.35364365080266 0.80668560229977 0.49169434720857 0.61264209686306 0.49270387964309 0.25527352160845 0.20141239539558 0.76536752667115 0.84761159409381 0.61138835726783 0.85707316333039 0.71333535505061 0.94565989274094 0.09412952031942 0.37241285676049 0.26465516049976 0.87539601609184 0.22341785879382 0.59159534060241 0.91247870453218 0.30235801618129 0.33408062981176 0.77845126897900 0.49027153744076 0.17308089017994 0.90921760456411 0.51466888564467 0.89636220637700 0.81087716931910 0.21770100136517 0.52039321887121 0.64213347088111 0.28486183291082 0.79804963769134 0.37018586344253 0.78083156954135 0.68661616423690 0.29103692084088 0.52009720638052 0.80622952530314 0.66648505209772 0.10997067746181 0.87992093325740 0.60358040514106 0.05159228161295 0.13505062798983 0.07670724515319 0.28142227867538 0.19757319146909 0.32678356518063 0.07736827711778 0.53770902190568 0.82951219641662 0.71745587249956 0.16466196592205 0.93178381338955 0.92833042584623 0.63640282171076 0.97417303720660 0.41115609619806 0.92696840994414 0.30125132342788 0.67748490718606 0.24280487170547 0.65257151334796 0.09637999138792 0.40125992856329 0.88927432681354 0.91520587955980 0.92149265520362 0.16174760059838 0.75357771678475 0.77255106797669 0.35023168153776 0.69941496888313 0.20517627668578 0.13690572631421 0.72154522392230 0.69112828850325 0.07066146638805 0.49433318477051 0.08421083858541 0.48752918591926 0.08136092196205 0.01103876752920 0.04360288954760 0.29611540632957 0.22806160103727 0.19041963535111 0.56147902293604 0.68917628880526 0.44404260704363 0.06225581578942 0.35685234056138 0.85200246981267 0.40348105408479 0.50602625191538 0.35674362117528 0.60279283274907 0.48228122256410 0.29873820671818 0.27956084794212 0.43611240596684 0.98357238516160 0.61450501009886 0.95710616347465 0.61966283243279 0.23104556774343 0.50894037006543 0.94691027599788 0.42689906026358 0.58335845816157 0.20142382682238 0.13157589891119 0.45529851957189 0.55801090094713 0.37672252125609 0.77959247213918 0.76697419454008 0.76453849363586 0.47922452446295 0.29594805429621 0.72011895667556 0.79115693069355 0.73309242541449 0.89824665259950 0.82089137469761 0.52505124719683 0.61708397636253 0.89803939138780 0.77165910562799 0.65559426477868 0.38808734730950 0.85281580123692 0.46962236280626 0.84793682326850 0.09508569936799 0.31451133528268 0.57891317402035 0.98929677709379 0.40531934191240 0.62167486605777 0.39294139377879 0.75682114286529 0.57317870412454 0.36513431854167 0.15535271182328 0.87051241570848 0.30928474697734 0.51289455871977 0.63850843354775 0.98944650383725 0.22569358012562 0.90273490337953 0.57207707242297 0.19602863892303 0.52576639144378 0.29994054763320 0.87734760469060 0.52438930703927 0.69721003329954 0.24458038916223 0.05629276383567 0.50063147341372 0.68462069163959 0.96961892109748 0.25896963396951 0.80257040720214 0.80695196352203 0.64748068730238 0.04887673721098 0.45637731858239 0.72895809416409 0.01481518822960 0.04959253186452 0.36040278541350 0.10574856772461 0.06442968509320 0.86804490738875 0.72641887506647 0.29760461144346
0.81038003803685 0.41628483008515 0.50968744080147 0.72985493077823 0.43888400645771 0.83967331771162 0.13914367281585 0.60103584273700 0.15852312805935 0.92448319925391 0.66849104019372 0.44675089379189 0.56166889697068 0.78032054017089 0.93524296819726 0.48843042361661 0.36248660157325 0.83762563081070 0.09617654443344 0.88944350318357 0.88066882945824 0.97706843147483 0.70721918943708 0.85319806502058 0.94706594743999 0.51404077750197 0.61315955912994 0.59437481771677 0.67927366522758 0.78383964127902 0.62226686940499 0.51081640478472 0.66695309125102 0.46422868335333 0.86531371577435 0.89473130846511 0.20555399652457 0.43227582154580 0.41653570809707 0.38906871567996 0.05632179732433 0.66386510022203 0.18868445698463 0.70216064693778 0.40355817255308 0.78192684238356 0.65047478125874 0.07211128593489 0.30572099450451 0.70259312423248 0.42064801864024 0.91674670899742 0.55912363050771 0.47531870301662 0.54721846250933 0.69027261963223 0.47174247964134 0.29224823553885 0.91449792205414 0.70310682475651 0.28176728646279 0.24826432916211 0.32836745119428 0.37430100922426 0.53672140935192 0.62191145024152 0.89494284361436 0.24470331983577 0.00810356870039 0.34488779575115 0.89836775540357 0.22476754370965 0.82724419195869 0.22006929152162 0.42651464281688 0.62855103525568 0.01061564642919 0.97091334728946 0.67860478907296 0.70702378690281 0.22351398832810 0.07393396554288 0.00869093122541 0.66369510525594 0.28631898970443 0.06633732799456 0.68053680797342 0.37255963053858 0.50429529291743 0.62203925624667 0.59296063842716 0.17445762781550 0.71379116664011 0.12260996397859 0.19271852991262 0.27367039296733 0.47961424468720 0.03126885020053 0.86349075712953 0.83047594971508 0.02739908330038 0.69170272047746 0.68996913805540 0.88226299270073 0.39008920527984 0.31216417125900 0.60486882986597 0.87977065524678 0.62405033766571 0.33298522725097 0.53370798014657 0.34337364628157 0.31567844032518 0.02585963102676 0.99647348300053 0.96930829477739 0.73162694360021 0.94023535659002 0.67012078505765 0.65725175354164 0.19881912440850 0.40977809732074 0.38143852533304 0.03096129304232 0.56724667352436 0.88544869600615 0.85466737856551 0.00424206117642 0.82183084331815 0.91062523667166 0.22134499769847 0.93296155745054 0.31301167879110 0.64597097068224 0.18665723461118 0.89188481740122 0.34566359500291 0.88936002685643 0.45712969402207 0.42022362497307 0.68725282537402 0.31002143820189 0.24642112503785 0.68031610854539 0.33823804944160 0.89953340974402 0.49033658902677 0.65807765076325 0.76393720119233 0.48187317716702 0.19841025454514 0.50548710963657 0.77292193487420 0.26666991665681 0.90516708533307 0.84395471757799 0.74948164091042 0.96446421140308 0.77440127351744 0.15610530604583 0.58273221758770 0.20122220965855 0.31363326217914 0.70529764561693 0.01351489578146 0.34998225825794 0.90452157501002 0.50286477458285 0.77699216666701 0.83621575174608 0.18830024154046 0.46335500839452 0.06263709422577 0.50966293710987 0.99329916208724 0.65801594270672 0.65239474406322 0.16238124885147 0.60891128981480 0.44878916172241 0.25262103173622 0.84397924391756 0.57228336476246 0.11229372394408 0.39962722345608 0.08766135421701 0.56681531225679 0.61435041527990 0.69880414012022 0.07719936949677 0.66098912290354 0.19557266044935 0.93860486373196 0.18560282551071 0.68131980157320 0.39685713586394 0.01837646403613 0.26471066918554 0.64166414281489 0.71741902891851
0.09182620002182 0.07744554729179 0.12039139555160 0.10083078747564 0.88753536387149 0.93682356013658 0.05223145441785 0.43978146152546 0.24132614200680 0.03729705214681 0.51681433940813 0.55730323869554 0.92226556056470 0.05917732799181 0.93506841865558 0.82350856107658 0.90346734789216 0.94939894331648 0.75451964644845 0.86313473848856 0.41131395217018 0.06693625128758 0.84896086685623 0.32366118778527 0.66067254059413 0.26745684945521 0.78575451367470 0.80206502424949 0.92907174484462 0.31031587454246 0.96489469186059 0.13331421862053 0.36097530754800 0.21015320072872 0.46538194681009 0.82930953439712 0.70267496734651 0.50655779363860 0.41110703813295 0.03421374328766 0.77431819826760 0.57312327305593 0.19552476918871 0.75559327244572 0.51522047900502 0.21045363153319 0.66599754810506 0.52570365945296 0.76856435887857 0.97417923570694 0.85946995394246 0.18159872292792 0.04509486217632 0.81475065964215 0.07489221090226 0.46120245846923 0.90619784781568 0.45637201636910 0.46898410063685 0.19116439125932 0.21565675812307 0.58783509318774 0.95770205282982 0.74460556737746 0.67540178852850 0.17228685063375 0.18202849997861 0.00981245145909 0.72273839193705 0.32042908502291 0.04690180098780 0.13641226258583 0.87026992776069 0.83691926511154 0.30332625606202 0.98670157018148 0.08296661285733 0.21131099577873 0.95618673569446 0.68074359383590 0.34789098231855 0.92127217590737 0.33008150821878 0.18933613084360 0.32357041964363 0.59286982637827 0.69977452417337 0.55428922995005 0.21579576121613 0.10013269756063 0.68083948466695 0.38769805321220 0.17217485331722 0.23197330240308 0.17837704980805 0.57601112148242 0.71509481966088 0.84491813361746 0.41181724317856 0.49737293319680 0.10797083550943 0.94865908541167 0.62547952404762 0.76715058797508 0.77844766147536 0.95957932862791 0.87064995045132 0.57398649134098 0.91227954723674 0.31814293182639 0.83070172226911 0.48363615379366 0.60527088713787 0.95599482425139 0.94083996251162 0.35711862726609 0.46315272062212 0.99059938557687 0.09108950636232 0.33161771971966 0.08852112109837 0.03624343206643 0.20482730967630 0.69598142548448 0.42406167482063 0.56272157406901 0.18830933346673 0.74729851955626 0.45378721242670 0.41844626884745 0.72557826844887 0.96377319849029 0.41049241620383 0.77271236563686 0.04330158609602 0.01176377156839 0.84282066423841 0.30200697040828 0.89807011162960 0.23953172882882 0.61641925424272 0.35190367454446 0.28542183491765 0.99026522338635 0.93570762638925 0.55889906533119 0.18508647995720 0.31249230336163 0.19139123904269 0.81592816765328 0.97808993926280 0.50879763683186 0.26496133979489 0.41663283266851 0.41869819143762 0.15495409082536 0.75280302050986 0.59653526111871 0.29395157805262 0.11593729057858 0.02192026383184 0.36930735406126 0.56200826161608 0.83943540118076 0.19813746341442 0.34476542406269 0.46596557893948 0.64339720771713 0.24233841882420 0.84074730106629 0.79812649375936 0.57910867346167 0.81440414072433 0.71511491079304 0.42000857753067 0.11308502766520 0.86841262373864 0.49756336168749 0.38069440492233 0.62005917850027 0.79078868672048 0.28673859969685 0.84561714824574 0.31781723146605 0.44171132666349 0.52489546914299 0.38322099929885 0.76191578574296 0.78898900380098 0.86489298562483 0.11711314103538 0.64286550034017 0.15567889399512 0.69455949612815 0.83625301949365 0.13998810509118 0.45386947510981 0.07550905224351 0.24774136029061 0.96984314872376
0.50055433657106 0.05423471056099 0.47269449314571 0.56144261810647 0.19153929553856 0.69157906174800 0.02390210582521 0.54939024107951 0.90738248331535 0.65018992622320 0.03521445456874 0.45033633200015 0.37192755558974 0.98806356860844 0.56151429509832 0.24043963362864 0.07522699891491 0.25695039584167 0.87421979388518 0.51739517451804 0.22436741777497 0.10167386682219 0.21754545890306 0.63332801248366 0.59492238918725 0.83523421988777 0.94156970138253 0.85967699510007 0.07413006803335 0.05625076086959 0.05093309981613 0.81445310682942 0.32479541592239 0.91455745213108 0.39988875704896 0.84227816400624 0.87146884351209 0.06036109079488 0.24396668091302 0.01800734476143 0.68045802633112 0.92605411116614 0.62264947411623 0.49347124064577 0.53713533026865 0.49989349830879 0.72728858849912 0.54755085929703 0.39531408766140 0.85055744766977 0.83830055883192 0.08620926649259 0.93136419267870 0.12900945983421 0.91663826598798 0.83847878784372 0.90432245667686 0.39708700640282 0.16260972290023 0.09661539149497 0.60298254179754 0.25033743764900 0.86610648807087 0.91493989472240 0.14814416759565 0.88661823633730 0.70759597415669 0.99690484250959 0.66034231679030 0.88118632701946 0.86109044168626 0.82462574689678 0.96256522854261 0.42646465410800 0.05834747360919 0.28948121717213 0.76707705047848 0.99437085143615 0.51394568559222 0.79554263650052 0.43078347899475 0.15449423905211 0.91483073977738 0.82757651702518 0.36607088463251 0.79592743721036 0.04949009814179 0.17329009302249 0.07988244472946 0.02699697891970 0.78575793473256 0.74576050894990 0.63932150790759 0.22391070325571 0.67407697856035 0.98477059354163 0.64728672024487 0.50539599588539 0.38706053189657 0.85668950230189 0.93138137547798 0.90335885588492 0.12068930244809 0.32559183017873 0.03041841212513 0.62872900753870 0.12605974788147 0.71267445471263 0.03489911963758 0.86876862579584 0.29873528086394 0.61216517100652 0.04075866419439 0.12237294370786 0.48247502082585 0.96618604519372 0.82054201362981 0.55609785749945 0.30639161646346 0.45585154945391 0.82045379671146 0.36916249767603 0.35964944142084 0.66176709340068 0.26633529814086 0.73350383421765 0.79242206068586 0.70777051740026 0.68514024367540 0.73756708293812 0.45548370700583 0.75790860322119 0.95937499807607 0.31894211010158 0.45847084476331 0.25780458792481 0.19576501369282 0.00175217780978 0.84625247336621 0.08994004735808 0.52433606937065 0.22353740679555 0.22528730155167 0.60461138271659 0.07891505961171 0.11122383302726 0.52736445096484 0.63665881723259 0.96132846511512 0.07694501967410 0.29678735319176 0.10290749254744 0.68873717830288 0.53566541028453 0.82135935625786 0.80345082333710 0.81526064353710 0.84848588267903 0.64129481274943 0.61365449721036 0.78721961491772 0.48035032274149 0.91752030611949 0.67075916473933 0.07512524027641 0.26075381922314 0.89928732129050 0.56545602434477 0.54571549262701 0.82347760327382 0.00236123676071 0.60088244339728 0.66840516115830 0.84184554124472 0.70782722007182 0.92454093719204 0.30923217003546 0.37871011121345 0.58510200475556 0.14541468730391 0.99079033892015 0.02302514830387 0.11835258776537 0.63518119936040 0.62225709992692 0.45405823055096 0.24661855745160 0.52922817223144 0.91383525723884 0.14035949189141 0.40952725324406 0.24776364680346 0.54331805313003 0.67543719562620 0.18256129605020 0.69597867408919 0.45008389499230 0.70947077292921 0.56258018614873 0.16701952890651
0.34188942610947 0.11332276527487 0.36534840400633 0.08570493129013 0.81579829145761 0.49817193727357 0.20540636548756 0.48935996815251 0.98450026125881 0.50259481730712 0.21940171807700 0.37907606121753 0.72044108843026 0.63586363340291 0.57066027262878 0.93003581543804 0.30587862894348 0.36659176509085 0.12110482998136 0.52131645175810 0.94497611744189 0.65959648501576 0.10945108779579 0.78018155316176 0.56644569338280 0.46186157946717 0.46534619653879 0.23055000325043 0.38604975464874 0.43997124922948 0.66139457785340 0.16718368339593 0.89147560413285 0.53406600302994 0.08952946323510 0.98397599475867 0.19955000258113 0.53805474880923 0.64446870768202 0.20417791078305 0.71458447072686 0.17372662965314 0.17805532326020 0.99521359659186 0.67638651668588 0.91400929748508 0.71369685812497 0.42138842725609 0.18367511755264 0.00531413457074 0.23479482872197 0.14558060137236 0.81345785031601 0.43501111466467 0.90853838744231 0.86703121774206 0.69542504771749 0.56772254613273 0.51190469550319 0.10324885281421 0.99443927022073 0.09953850156577 0.30462185034247 0.63106625585822 0.89148623124156 0.17632578348234 0.22890246911373 0.24324621686045 0.10139201815567 0.42700839219836 0.74885928733513 0.80575664964310 0.82506897099201 0.26722002564964 0.36465625596330 0.80429977765112 0.62277912849388 0.80434652344019 0.29233808285370 0.52653815728539 0.05411135335273 0.14799307100287 0.92884679752563 0.29819297886067 0.76495544842619 0.60759431963260 0.85623002317967 0.56370397937774 0.35454761562373 0.66126656813382 0.61587370753572 0.10771305201743 0.89972854569343 0.74924177799803 0.23800665064675 0.07594053805823 0.10299842908995 0.18074062271635 0.32284039684100 0.83415334934375 0.10817975277998 0.03552396703517 0.31676126349466 0.53807728452249 0.58234873923493 0.60791200471799 0.95035348418894 0.67797381916447 0.25655611798533 0.87063113180316 0.86787048823946 0.31450709540586 0.20884531115664 0.74317701292145 0.65676506903750 0.86958073245169 0.78493845045785 0.91885215524273 0.40082601580911 0.10352053986162 0.01917849062253 0.08611689728640 0.95704956167536 0.67839791233174 0.05098146451597 0.00108802513945 0.76755797845981 0.52944470656488 0.84615628506538 0.30578719347241 0.51095157822643 0.98288066317350 0.60081896369579 0.28658977480032 0.35510613269270 0.17296921690287 0.82172370432826 0.32945395380942 0.39245379680349 0.75638069554780 0.92258384347550 0.46970663107767 0.55348654414517 0.06476636654837 0.45889820832301 0.36854986429176 0.06965558405636 0.44651717262994 0.43484154069484 0.18066325786153 0.42836645449266 0.47066400214135 0.92414917780116 0.09691279988198 0.37333230331165 0.84575201981996 0.22289295894300 0.26173655202082 0.53908893811305 0.01890764374771 0.99371126815649 0.50206754819182 0.52611798035836 0.47208875215290 0.36202820842413 0.03744047373600 0.87013529951893 0.60362431797253 0.39400167514360 0.24642358693826 0.27798466268396 0.43411778076021 0.14384034596755 0.22135741784245 0.22962349241387 0.21715900412830 0.05294991512978 0.89097953455957 0.74345151011712 0.69989847628826 0.08025350815630 0.80113234634549 0.03493424386513 0.58104405927440 0.44609757548502 0.18157240653430 0.23594405841836 0.75479139674991 0.15047345567908 0.34347986193823 0.88200685678782 0.89929561767855 0.91054072535401 0.33020802831310 0.92540628123974 0.89709396991872 0.74257252263822 0.28296684493024 0.54010923314763 0.90086822724079
0.67154083136326 0.95047461960247 0.22634031771324 0.15167587065390 0.84266086158334 0.33303953090951 0.50269745908327 0.39374789466145 0.96507844671901 0.24661109350463 0.60311420004142 0.28443489299620 0.52321266067895 0.15754083842971 0.08664450226751 0.95689458255688 0.61008882468306 0.82760407379840 0.23805171316904 0.08354317149200 0.03429571201022 0.98451044021681 0.27729685791130 0.71462585920637 0.43039430898060 0.14617269091628 0.19120043322980 0.27829646460198 0.10816684502460 0.85211313864498 0.27459586583818 0.93005548285249 0.14744133491380 0.98100378814834 0.13028690951164 0.57568807086591 0.19935120715842 0.17117054705206 0.71798496888947 0.44884979051176 0.57307228744768 0.96856022566514 0.81451835178994 0.84504480412630 0.79029379239821 0.99720500204136 0.39353282743682 0.78867828010160 0.16352294031016 0.51886452464981 0.68182589496055 0.38111957840732 0.51365049146565 0.37453838686784 0.64268119122824 0.95788103962306 0.09684429199621 0.10111806559498 0.61623058813060 0.94342488974794 0.57911609255123 0.53867114965934 0.57025987442118 0.07990051323635 0.37045326368877 0.37380543076746 0.64611491171338 0.07589578361517 0.32225042951109 0.09444240599535 0.26360719606106 0.00187904082819 0.22758586584216 0.63117277274474 0.73333701118150 0.93036262874681 0.35897834102766 0.36557104936233 0.32506249238783 0.18858351114817 0.56297592865984 0.30479061749136 0.70397737315227 0.47778059004667 0.61538799060642 0.24712278078494 0.35870124245579 0.85473345168805 0.28618101191893 0.89044322697774 0.01858861227255 0.67034833294738 0.22435033382535 0.87617151599204 0.95626670709175 0.02752702177127 0.48955081113378 0.13296720506818 0.01176323190745 0.78327107777411 0.41224354371613 0.65643112386428 0.55312436054186 0.66165129580137 0.36938893723556 0.58762822347903 0.04215316330344 0.91047984494102 0.81270980676373 0.34142425096173 0.57281719249200 0.56151586540502 0.31435337579189 0.79309287050685 0.69077276865747 0.12799467346740 0.03643205325833 0.07101831167984 0.08747179517019 0.93808823010647 0.93367578716231 0.19838968215256 0.64523358767674 0.21011234784243 0.62766871033819 0.78130747312752 0.75929932445333 0.29731279100095 0.01204134998234 0.54980566240836 0.26571147839978 0.81601046389471 0.47216875178011 0.96108854325697 0.30460209757010 0.81456925933776 0.72440553032143 0.73710517968016 0.88401654107390 0.41339434909260 0.81411315905001 0.93525277190099 0.96682175760913 0.48970939920624 0.88489763109391 0.27707267713130 0.26090443574496 0.12983233287379 0.32232477786357 0.64696753643991 0.79194328303435 0.10872381941137 0.37311720763256 0.32629841919279 0.54453696020615 0.24126572333124 0.16429974563025 0.49444458850557 0.80407219627225 0.84022253215800 0.12150915862163 0.62859298027688 0.04428950999170 0.12526674107876 0.58340655303395 0.21704275721805 0.03120891631887 0.27982630008494 0.14278298603882 0.39677525097381 0.59306629264913 0.77950932037686 0.32129171365671 0.93293423832487 0.74313991495448 0.12446465745375 0.51262026751310 0.32437987255794 0.11200593080668 0.65716501797149 0.66762671434863 0.34696492017408 0.80372431895338 0.13209819227623 0.48629539330206 0.84920277477245 0.74281326990787 0.63986338830737 0.16191326186960 0.17104951915124 0.37328184421540 0.73954334387876 0.34053276482116 0.49631610614023 0.05094501579613 0.81668177579150 0.21287826310177 0.51199437670038 0.13182986062879 0.39331751142280
0.18682337341650 0.41112942233061 0.59116107176160 0.79306940635356 0.85659942855536 0.49306084556709 0.96643577379603 0.25381133985284 0.01319124746240 0.76740613895021 0.64253510134403 0.65871188395253 0.79630800385642 0.41867100152368 0.44304078138356 0.34691381178226 0.76698845314997 0.09957337558397 0.06543087799516 0.07518739271270 0.62484457681553 0.27363783853587 0.87976076520320 0.47785708635731 0.21494722535455 0.90150314902029 0.37408866026050 0.44846493173529 0.06952285578518 0.06641297133189 0.47336629843204 0.27743801433451 0.57070549088822 0.51638787351352 0.11826967499749 0.61618433280712 0.73626245040062 0.75712029663130 0.37027174748099 0.60012971830718 0.18677772426308 0.45569929016689 0.63907755369215 0.43059764618473 0.14001837279793 0.68823247637909 0.42930854588260 0.27674366002267 0.27186524711241 0.43536416205099 0.93928920766473 0.13895954797969 0.25980084271883 0.45888728620023 0.08100955224104 0.97976484578226 0.56562530017007 0.21520819469606 0.21101444198823 0.80339280317273 0.69368175746965 0.31615230441572 0.27158675999879 0.21481918841094 0.29590417976170 0.15142589942519 0.40134194163137 0.14685571893227 0.39222181691989 0.74609668700519 0.01572992130328 0.50913960929144 0.97665096668651 0.07258543717746 0.34360684268350 0.46822747430936 0.87300857885868 0.88400697227854 0.93480390245693 0.80365334790484 0.77498388716098 0.43934734845528 0.13274282400425 0.64882886464111 0.75672765170609 0.31124441080005 0.58585724764249 0.65919948812963 0.49587114861253 0.28888624765054 0.80301168085070 0.79738457203774 0.00576283317742 0.07716973162547 0.52400897906535 0.26243555117139 0.24652887686930 0.32015862849109 0.95359048769630 0.50760226166136 0.87198818626779 0.21693011588548 0.11332548933076 0.81403017470643 0.22465385036596 0.56192003305781 0.93648339539386 0.71022474646623 0.93846132884108 0.08772989684267 0.04472327254983 0.17397659282357 0.12081014220428 0.61810548067194 0.87565628775500 0.38441860752562 0.11017900030809 0.50967162082853 0.74877314742850 0.08653993479392 0.24837148215898 0.27473580957373 0.36812996267252 0.60560270765251 0.82792951154615 0.51910912748634 0.16651866246690 0.23733371875082 0.50404414973189 0.43884924004144 0.80017528357668 0.10287908604075 0.29916826020992 0.32609154721504 0.21354153904048 0.27162739804776 0.86451465600630 0.46423058325281 0.32497470159044 0.36789648764215 0.09716847909152 0.59826775598597 0.94964235401908 0.15487086910616 0.89121202454936 0.98919065522504 0.91279144575623 0.21867287627633 0.13810449059484 0.26684162241112 0.76295641946011 0.38808881358101 0.57286468323893 0.37229493205238 0.95857782875822 0.44345968816257 0.38164330021096 0.98635262857549 0.31604340733040 0.09343332165029 0.27201682633697 0.65435506279429 0.69255963887393 0.36716436839258 0.29460776610097 0.37403157575705 0.69784509027084 0.13403262690588 0.66124609144741 0.39660393035101 0.09787770181120 0.87268954605482 0.72498243149346 0.87570308662587 0.06928516157610 0.58242448062322 0.73489213468279 0.64275256487115 0.11311309232728 0.31931628353713 0.31095637113262 0.14274285157348 0.04849708451116 0.69529600804574 0.09783058749938 0.71851509055063 0.60006191357405 0.06858397954047 0.35579667811059 0.49770205245832 0.16943412928729 0.00615436760994 0.19233503982493 0.78142654641941 0.07040691080440 0.17391365154462 0.27612381232094 0.05006120016434 0.90135688186969 0.00115267589613
0.21942501390973 0.37947215781840 0.30288493661279 0.60629709850531 0.21690671269075 0.01015427338082 0.89351207175220 0.27337895700927 0.85953639841935 0.08711750845682 0.72266875305318 0.55289732647408 0.69834014164736 0.50117825976292 0.74139100669532 0.93241810119402 0.96018250166994 0.85299015853642 0.12375900382235 0.76207196339612 0.10430417959210 0.35013861712318 0.83949115886254 0.51213099707203 0.17395859669814 0.36438465480457 0.89343568480432 0.85640761231261 0.12061795681475 0.60340309461834 0.85545705681323 0.30023956169370 0.32480611779300 0.58687148166396 0.19197935809909 0.41224888215018 0.06556278210988 0.41129543461333 0.13196701880697 0.41774300709273 0.28669705285501 0.38741248048101 0.10507122805664 0.79583201190647 0.02143845691513 0.85431847029141 0.22568138856221 0.55169987906835 0.25474718811287 0.05459626063251 0.04835543891342 0.76559337114094 0.21173476427433 0.11080948475046 0.29206050305088 0.22240983877219 0.98574423738239 0.53666967566359 0.49514135562865 0.33157010942390 0.95301829318082 0.62085624762209 0.35453025774135 0.06686518850317 0.50256957016066 0.01715279390375 0.96109161412565 0.96807349655623 0.31429404632164 0.43633015752481 0.41231012286808 0.99656017885975 0.89777435176285 0.11660904340302 0.96357589728334 0.02518101398522 0.36085707407146 0.85298099652614 0.33586769906326 0.02521591246680 0.52530085311764 0.00614258159749 0.17430176081708 0.16899644443154 0.28322816869641 0.20276086325223 0.42217622258908 0.16890423842219 0.09428299218551 0.16526681738662 0.92421847173583 0.51936586979452 0.36183620762090 0.22359122661740 0.90976151747065 0.18401460749248 0.40029724432971 0.73386013009479 0.14876118535804 0.43976555296851 0.07400698758505 0.78480535441300 0.20249270402981 0.56348355999824 0.04592615311920 0.77790294106312 0.98081968752996 0.92577367489776 0.01607537068432 0.29984305882758 0.19171504577147 0.56960367466033 0.21919691902405 0.38804932754321 0.27077724210069 0.13115828719851 0.21378218069089 0.22220417150312 0.42797031310749 0.46368222775704 0.46461410998868 0.57822501098920 0.36749979421422 0.02885247860580 0.13257082098574 0.27809877922891 0.71889491986166 0.31181476321478 0.09810630633717 0.71913229051600 0.48298676831169 0.26363084904368 0.49787056243038 0.22351378283786 0.08094053698691 0.11863721647374 0.53562484974048 0.14832760625008 0.65458945910241 0.10370695964189 0.04362443197982 0.19319200344720 0.48962901801989 0.88635217428650 0.42627814861182 0.59750552183677 0.27376060083293 0.52900649893001 0.93785318881324 0.77803557776035 0.76262606568127 0.54417609187503 0.25304668161295 0.15574693907531 0.16157791685104 0.15235717207487 0.30914007315205 0.55544779831180 0.76833841818262 0.77302863140700 0.84824178014337 0.62176748333117 0.47882231806224 0.54697604063074 0.36266303944730 0.99126373429520 0.42336813217025 0.87304212366616 0.18931482889977 0.30539740646308 0.62876573705125 0.75815254063311 0.56959770965873 0.14470735935773 0.61893505223583 0.37153770479934 0.84233221910791 0.22627671350447 0.64155789414216 0.51061163654562 0.80566455782908 0.40848289887895 0.51434311566260 0.70089616154642 0.41504894794726 0.23286950105629 0.31157477056482 0.33812746621475 0.58402472600017 0.87660648852819 0.39410337004584 0.28318013767300 0.23903482606094 0.03839528967423 0.51452640358287 0.80362458715499 0.60743437287576 0.13197170716651 0.18799986565301 0.74750475392068
0.81285959530616 0.70657943287318 0.47214961887258 0.86290311974329 0.97879618996263 0.44358062369202 0.57025970410264 0.90794753984550 0.27726599421559 0.70955050945947 0.46928422915694 0.99391559675429 0.62452873997608 0.10655633673129 0.25193364979441 0.51400097462932 0.18704686622565 0.91306585006530 0.11011840049845 0.51090449853864 0.72420381405788 0.19450104730461 0.95072080327396 0.60235805991221 0.58436937102631 0.67616373175301 0.51256551406770 0.77733147511056 0.55304992847966 0.84318931411109 0.54458585395562 0.17986644883543 0.64899046387731 0.74081145982451 0.39288047109888 0.83237632383204 0.44473262365386 0.86293062241101 0.58421612838509 0.71748922057244 0.80164815149201 0.88386779378371 0.43385449947891 0.65819137361616 0.52187210035593 0.96176358659598 0.22342664137492 0.40076016645460 0.45709753193720 0.00822302431201 0.82844252489937 0.82656530916743 0.84433316417164 0.91805671777637 0.89930347836847 0.41534354295289 0.33870441151091 0.48209010294594 0.63535755656815 0.15370673931628 0.21000653196948 0.49515086048606 0.28458436461743 0.48814493735632 0.40150601455868 0.75212718137439 0.34249278676154 0.54167020090386 0.62739401636325 0.37512667351928 0.90860071238142 0.22312170305298 0.58545050619845 0.24701839291257 0.33637270641068 0.63406807405041 0.50148537478554 0.87436855603155 0.46109332519671 0.60417094156317 0.18693131885021 0.85011462415776 0.89459094881054 0.57473135191890 0.05277284974691 0.10220590332649 0.43199333882369 0.59737456822129 0.17607114883540 0.05613383585413 0.74047472771988 0.75989025950914 0.42117507805667 0.46923580265511 0.32399019905457 0.16785874386718 0.90503378335166 0.48570326636950 0.08137816725970 0.07803598723709 0.19777777977657 0.68297037718534 0.65247980237408 0.41323841702041 0.74411466459301 0.12842712806379 0.16143742274519 0.45454305250250 0.39601552950684 0.63625853219852 0.26746364593863 0.60662106059602 0.76006330693349 0.54244259592634 0.46929141007674 0.50600987830113 0.88776604906269 0.36681124349948 0.56975828951824 0.23365084402632 0.74473398173366 0.31977363452333 0.53502176255861 0.69395032435324 0.78424429768878 0.27282390187303 0.44096146754452 0.83874323660543 0.93419499982364 0.48747094622398 0.59972333293142 0.42601006992098 0.05018965688015 0.24411511760097 0.59752559425117 0.27090099747610 0.16212903224690 0.73380726451773 0.12598703804649 0.74897928508674 0.19901206009254 0.06344650978687 0.23325263778698 0.17033678238124 0.86277908167753 0.75688676960529 0.89994659567557 0.34804947979735 0.28512299082799 0.61452252338827 0.01620136233627 0.05716236477921 0.32322547316917 0.88168520327259 0.64317966949485 0.05670527741136 0.67259817997057 0.32105701401953 0.40973998140229 0.29310653920708 0.19653776699111 0.61179412553682 0.87821162177663 0.24657385266743 0.96950243983250 0.92362719684650 0.82002381834062 0.45280604303208 0.22723932440261 0.33659952609966 0.92591616026614 0.56931416423505 0.72481751283586 0.60957247078315 0.52445116303401 0.77717644441402 0.36945704558791 0.58091503313368 0.03844990819777 0.42246747920363 0.77154700643146 0.28894945655746 0.31804695160404 0.36252324898747 0.49972873614404 0.15131552583706 0.01685467093656 0.10518165208393 0.57331779480467 0.08155931224424 0.14527925564476 0.47371606980505 0.27745079053760 0.10257488424664 0.33665070919312 0.50513597167104 0.20088570506976 0.09846761542719 0.30325495187246 0.44563734508533
0.51123546396532 0.86947031565884 0.34264312741043 0.37976540328463 0.17095790471839 0.46987814723667 0.78508300177513 0.91333994609509 0.66042233330571 0.48841587167825 0.16946978064941 0.92847069744376 0.86393061992427 0.67046637374692 0.96320057250667 0.22895521771852 0.88074349224841 0.24657948662347 0.34281813018194 0.67987165817974 0.10981518883301 0.84328683040204 0.97902309879381 0.84552752451917 0.34914138003095 0.18205806717320 0.47454806081241 0.87884918762282 0.95402104444546 0.20258818314385 0.35160716131416 0.79292440405628 0.65254893067343 0.22067957873096 0.08028095652554 0.22609844881168 0.99872729819858 0.61939136450620 0.17915959079748 0.64879260790684 0.51405435611005 0.50129064829645 0.77482662869160 0.99380289892524 0.55993539214290 0.01508970189877 0.82748222027039 0.97506765962186 0.70289718776701 0.87811237879299 0.57172923610841 0.08534752922378 0.24782782414401 0.38191578635220 0.73162815694859 0.27490987961850 0.36288533435884 0.05733804148634 0.46373694722289 0.02662137777463 0.94118365833438 0.97568839672962 0.87033959758227 0.15900573958833 0.02013408992867 0.33961751023569 0.64633912825804 0.59357946985594 0.62026844792547 0.77823106007206 0.57964788745015 0.89837072148850 0.46408117248111 0.30294346764176 0.60497575944931 0.17076947086476 0.00349112106207 0.73205703504232 0.91497643011401 0.42499919625310 0.32193153415482 0.39222661567624 0.95608975811462 0.60441884376255 0.93827052983271 0.26633958706715 0.45710413916745 0.80299489621633 0.84140702690238 0.87691406702240 0.69621981975707 0.34275404596252 0.47483948020881 0.96635925006450 0.28674653745866 0.61326230825697 0.84282866265943 0.83362855567967 0.09632420008339 0.87147163774587 0.52090054238435 0.41974039103014 0.80917459573720 0.64378838670563 0.40478367512361 0.93171721881127 0.52505117365271 0.29869538219979 0.22763520712538 0.49069066127632 0.25236413497131 0.87290787362153 0.62214767518463 0.14719040486330 0.20534723994009 0.42966186217005 0.80798679076597 0.22379196292075 0.84282010720235 0.58537594969033 0.61651658213050 0.16695231047093 0.97052193189837 0.75241456582694 0.14987522413367 0.41262056080419 0.82936924256273 0.97323999681628 0.01140808027488 0.54996460858372 0.46585677291081 0.85263908103250 0.52591266310191 0.59751121548029 0.73621218925384 0.10530486333165 0.54372209830837 0.66844346661891 0.27850328637787 0.54660402367155 0.69163776069727 0.61662266757735 0.46679983337814 0.65407005990642 0.98263393644982 0.29056133485697 0.04392114372718 0.01100542396419 0.24674597573189 0.03782891368283 0.70153207645035 0.06169641190914 0.17673510357211 0.66528932476070 0.99385415106725 0.21415135545895 0.50084292607948 0.87393961573475 0.14353036294810 0.35636683864248 0.86676064057256 0.47681337236478 0.84620189384818 0.87024952641301 0.46153471134185 0.18082113414146 0.33098272616131 0.17624227021969 0.15244244335201 0.69282781625311 0.30570614720490 0.55970334496890 0.00307225213921 0.34597032013420 0.06866022149845 0.72099585896114 0.43146604941230 0.06665189023414 0.87100977889564 0.15059907714649 0.50314544278517 0.62382354842147 0.75727204651070 0.77713857693382 0.97345846405514 0.93731266167408 0.70492119789732 0.87462614377557 0.19692406543842 0.60089563170428 0.27762315067668 0.96382933874853 0.02528066057530 0.94874423309317 0.20381746072665 0.70467960996510 0.82699702008496 0.79512668778545 0.40362286991037 0.84141638614035
0.76384327625935 0.30306187673034 0.44074702610069 0.67819049530784 0.45420952737524 0.80214253178279 0.36948309657839 0.41834944521633 0.89576138165101 0.04190661964061 0.98703133471615 0.39487702978106 0.77003836187891 0.74057286354646 0.02527533396529 0.35375063033931 0.06097269009906 0.95835844320798 0.57911147445394 0.18754723568579 0.37593670085204 0.69273794363547 0.68420279138173 0.70353367024256 0.86879835256410 0.68175640209731 0.44518308279771 0.33477243097387 0.61752325860402 0.11272799336297 0.50973708369030 0.37404298083048 0.11591162553918 0.94167458087794 0.73514211322779 0.27326602703302 0.41117968578100 0.82190022907653 0.58585689100219 0.32289981180324 0.20826276580840 0.31475117494376 0.88287210906370 0.44069166776970 0.34765577343298 0.51872588095056 0.85212808652035 0.18031214145667 0.11372024423191 0.94400550430233 0.25403482955671 0.92922230222146 0.49450964850591 0.98317844666170 0.26941177064297 0.40687975474413 0.93574405541558 0.53457906515191 0.46714356848229 0.01522382673019 0.73342719635925 0.35514373375642 0.09408656962785 0.44316954811737 0.63812456952653 0.15335230486319 0.84931807980470 0.95928862151388 0.75290622951910 0.77247390401209 0.18978099577946 0.31695328100085 0.72852498674321 0.58135356134303 0.60233527492866 0.64019096647251 0.93951652836807 0.45599718858765 0.18060195275437 0.03820986620407 0.64077561192574 0.87991026560246 0.98230586143500 0.53932900824560 0.00088754609715 0.97192087413907 0.98508566020701 0.87643797626211 0.10515320720903 0.75833550416069 0.72469790535763 0.75489595553645 0.28699375838238 0.59343911136283 0.55121520123650 0.27603511880412 0.60218692604916 0.47331254355758 0.90601423947038 0.91054847932853 0.30373017604957 0.34235058270612 0.77204599037361 0.83399949113869 0.05033648715513 0.22615987516728 0.99701813023308 0.37047915195673 0.45983711231070 0.79218518621517 0.44996272369011 0.09526319599915 0.68876299139004 0.43068923212715 0.07425525141575 0.62301588600641 0.53554122525651 0.60592587582960 0.74315113898024 0.40999576875286 0.53765118103397 0.07570093833899 0.20680458366162 0.58547687787903 0.19786596646745 0.81091666898415 0.49169466999624 0.41604147654934 0.57834704985074 0.17897870323232 0.94774461216834 0.98461493874183 0.48643674806727 0.75271393485124 0.24394050165838 0.34045060175667 0.69763739247054 0.85602187957466 0.97626191374835 0.86801606087965 0.11043272442855 0.20371525801058 0.72559433774583 0.93520541512592 0.97659496725949 0.08270894348307 0.16421369930723 0.74761389749868 0.83210037639068 0.28111795354111 0.78432068339718 0.45444096359163 0.73727034475421 0.77884362663362 0.66263330488476 0.59169180313600 0.43103029219233 0.46745379529401 0.20746815074777 0.69149835394862 0.06861687266470 0.44802950831348 0.53984123213408 0.39894567172710 0.33478890568094 0.99962390738386 0.95658284298281 0.40418204036999 0.43871388571507 0.92086549392298 0.10948082470210 0.13345881343529 0.93035945500186 0.20969661384819 0.27676841434589 0.92975995529718 0.22440552890161 0.06701227455495 0.39515644520908 0.05789162842098 0.85725450152100 0.48359183668259 0.81166800138896 0.19268212163660 0.55838397946854 0.42166344500863 0.82732921526774 0.64682773830960 0.33336125058011 0.51283751170043 0.81534199176310 0.86008311146747 0.06167099247043 0.87905181406476 0.64419587942942 0.76675535006414 0.66881944061133 0.89437956264000 0.47175012228831 0.01729996487693
0.12173860721165 0.75298763773378 0.77015603495302 0.29921027760332 0.98182892942524 0.83411585214727 0.89830768698338 0.46139385970582 0.28141517451743 0.51166243779766 0.29738790948912 0.00559703633497 0.62256814322960 0.62201802424008 0.76503720475610 0.63552676167908 0.24399401640979 0.93373305228995 0.41381015539552 0.30575420217690 0.03919573475281 0.46564988592420 0.51747328892314 0.24856315286926 0.05266340213538 0.28514457192130 0.92463335915207 0.41377322890673 0.36673281335460 0.75419648996329 0.52380257842152 0.61715321432471 0.25144206038090 0.92725523845998 0.04404019358022 0.10803155919371 0.75741746009626 0.48588675814994 0.12416851950291 0.67584461014826 0.71274747459331 0.73992521007158 0.06112729533777 0.79554426882966 0.54636563086428 0.67925077034437 0.19643146608479 0.41227974856962 0.62152988762860 0.38068907785140 0.59679866269501 0.71027973415584 0.04984479358334 0.31665318007747 0.92367094869718 0.88173809616741 0.74856491527286 0.01762306082879 0.77972207191240 0.24939453841864 0.48064767749242 0.02930408524186 0.36370100264180 0.59428924075879 0.52466377697226 0.11570049563647 0.10655753082958 0.87451354724321 0.86161014821160 0.25569214506400 0.60936517629273 0.82900337779405 0.54045650826584 0.47510192745799 0.61497111653670 0.59102237246320 0.18237036387716 0.50419508008183 0.36941166880761 0.44339740094171 0.01167596768650 0.15894414193887 0.47589893622827 0.42705390894288 0.89451141236002 0.23110714707711 0.63899643542928 0.16003477800982 0.72726989572026 0.74591894086742 0.90068058755064 0.12004344019711 0.81373212954645 0.43730191893129 0.48483915229919 0.19413565336570 0.03294844403227 0.05149615578280 0.95794894142743 0.82696314702644 0.93789524709475 0.85502839595120 0.95082679877085 0.72378540964779 0.75470041242546 0.79591188117625 0.57955627058287 0.24003680482414 0.90239376708356 0.40975694268279 0.60577096341761 0.68531274822061 0.55187807040260 0.65111383709532 0.15184964168046 0.14908336963803 0.94511740089434 0.14044849058862 0.84029613044553 0.18511507557976 0.61721029535579 0.28748486292658 0.61216122431711 0.16187576182734 0.46206748977529 0.95324974944716 0.49380038169840 0.55748747003709 0.33236515231966 0.52524466112327 0.29610044512896 0.15995829267745 0.51439817572097 0.35782484664403 0.51716845377187 0.58041720803860 0.60125863809633 0.02804671399776 0.58683743200666 0.29439606712152 0.62834589822979 0.12766324189348 0.49659311340652 0.46465966138422 0.18592285825201 0.10738509777855 0.01902038584287 0.52082515015745 0.88242979745172 0.65495913472894 0.62386304308992 0.24868779713914 0.25970772797064 0.19839763102599 0.47546459324433 0.33214823849662 0.16508620242550 0.78278241578025 0.43847086375197 0.73387745844842 0.89661307104804 0.16183482256338 0.28119745629849 0.78255488518867 0.25324790571377 0.30840167974332 0.00865103307842 0.79595525042218 0.17177435384843 0.50700282409558 0.14294576584887 0.76022909424969 0.11131559673918 0.58934285384706 0.87222838760524 0.91397057624849 0.23660400469387 0.75296718264006 0.96329613904481 0.07904156020337 0.49894750739947 0.87296652043439 0.93124874691222 0.84072021757987 0.39856306230299 0.70077996475565 0.94769405998607 0.07918537538547 0.94259653375310 0.55500555155632 0.98896008923321 0.75989593700893 0.51985685959227 0.51983971207918 0.09317574296543 0.88653632153608 0.27742048608543 0.57547879167255 0.37494077926719 0.16416982949923
0.06402291110088 0.16995836334844 0.55840319921130 0.26912215751328 0.47159286588719 0.03740355481658 0.96958985050727 0.16327914561498 0.50844786213069 0.99326493931966 0.32122874920425 0.31198548430144 0.86071586133449 0.13469999714813 0.12479714479972 0.76788429039690 0.28252363114761 0.06063186290974 0.17737901632842 0.04628366009350 0.23328610801913 0.45478036378933 0.33488718135313 0.61555653347123 0.77676213716257 0.74221361023877 0.99376571970822 0.78217447946905 0.82597246536831 0.22118843510130 0.87258570318743 0.66165462004753 0.74187295901515 0.10622102489846 0.02051016957738 0.57057285687372 0.04580322814659 0.63093857127194 0.21041357640100 0.29193568631605 0.29313767263055 0.61964525146228 0.70222328286711 0.81042764622647 0.62982322185497 0.55204038814665 0.79264227637322 0.18836054169109 0.44043807978148 0.43553476041255 0.95956232507043 0.77531495918041 0.62932960411248 0.80313327685681 0.43519303651730 0.15671359572976 0.53313555785417 0.91751331915744 0.96766258855455 0.50509400104383 0.91165977746142 0.60734290159314 0.04276508940077 0.55218594604759 0.59174152888000 0.47705848514726 0.42068743728570 0.00917076235038 0.56520240957444 0.23243971414519 0.54001314338963 0.79954169572069 0.29762185871439 0.54771217057748 0.10651218182223 0.62411104862859 0.26123955479208 0.27310947605895 0.17099131749074 0.67151734512466 0.96988522210698 0.19657691607697 0.85257214310380 0.99458886026866 0.87034587442486 0.58592815026064 0.06911377902592 0.22142960269728 0.43725943224302 0.25031315810275 0.01550376193163 0.57372650412315 0.25300706745983 0.19518645814690 0.61958186565628 0.75273326409852 0.73059124161280 0.90966301226216 0.16978607945184 0.54722955925835 0.48924286891024 0.67750201620607 0.60651563038203 0.46577102199540 0.72201542149985 0.58006113952132 0.11121948322176 0.03802084542275 0.08304113865208 0.78679054899669 0.18004909963980 0.28920023027554 0.25684137463688 0.02168863114079 0.18694645149243 0.26291938693509 0.95636880065974 0.17041341117309 0.86661044439167 0.22415436484309 0.82248385559822 0.11078322753811 0.29359305727578 0.05625795788623 0.26762450570534 0.71280506752378 0.50390666374835 0.65104812243818 0.40540363765133 0.37038280103845 0.14013135706593 0.62901058530273 0.09008286113066 0.72967493294950 0.81801607994050 0.04772480153309 0.80853089780241 0.21665721765184 0.14042683727237 0.06025774845142 0.35472964105413 0.12171736779744 0.64063957358080 0.89647871935006 0.26566141842121 0.75790247112672 0.41905858709974 0.79242236345331 0.21822562990971 0.31505319725871 0.31963563317836 0.83257063809974 0.44113615192244 0.93204998067939 0.17413913658556 0.02470241451109 0.07756228797201 0.46199756076852 0.50842911609209 0.64369591636637 0.10259142572898 0.78837291670348 0.24574740761509 0.80790839287775 0.52792149940934 0.47982455982245 0.10113571615489 0.95857924258426 0.44942551783688 0.75181742563579 0.23155422721828 0.73103313622007 0.29182466118193 0.71357376944898 0.46931763985404 0.76204009541886 0.26196415025833 0.57696445043281 0.75928251163942 0.84872906483588 0.89862707659431 0.66672483405873 0.59151054123703 0.05824835301738 0.20677239548506 0.37365049002046 0.10039807345183 0.14978587591722 0.00945056970689 0.98647259246201 0.11430976781036 0.03801822219358 0.81521698288374 0.06910497157613 0.18167781968890 0.55690919030477 0.86611963446561 0.96532947074979 0.57970232381505 0.68674716719678
0.89340542132437 0.74968077036134 0.94820417551416 0.90156879130009 0.27735811227916 0.98341695119802 0.43039286835805 0.00713725029254 0.14841711725613 0.77365754468479 0.39871230212281 0.89980697346098 0.69921983891478 0.12733387059013 0.59981007212856 0.61703345181442 0.02337039628694 0.74196892082257 0.23992603915694 0.59169026212013 0.56676011396048 0.44739739832607 0.90604796293359 0.17234908374547 0.29314657991134 0.19949556185703 0.78218207478787 0.62421388056192 0.57890738305962 0.16640380702139 0.91868105660978 0.58281430039560 0.56359694794672 0.87720975347862 0.47499127095682 0.87903867338863 0.49554819465442 0.47630088293580 0.30072032000740 0.34409743445907 0.90579217637960 0.80404988567302 0.05126173239147 0.61190895449763 0.28650678230805 0.41695545034649 0.12889560723699 0.95525693926977 0.34484191381196 0.18739426831984 0.30564289304548 0.42049170384924 0.10706186936259 0.41266730370205 0.00930712047408 0.17992054878963 0.43659517524036 0.26223948099699 0.65873397777184 0.91490458160474 0.66236470322612 0.77937944646509 0.03675886371425 0.63656727352572 0.32288268409524 0.79094646667199 0.34976620815150 0.78530295863172 0.53273578298301 0.02158137527919 0.45994532575355 0.68269203733376 0.72819175069483 0.80930891527468 0.13492709588251 0.56333130578729 0.58000841278380 0.63046200749300 0.37768493997891 0.65478999125296 0.41737757427799 0.35340493168037 0.01030077117894 0.02434944574876 0.17334746841972 0.22774266317438 0.78575398250900 0.00315329025645 0.08149151875064 0.03842614156821 0.47365278501480 0.58330240307333 0.56625455906273 0.25822382955853 0.49517718123885 0.51232056731219 0.00073673122956 0.13402598850942 0.73088028447448 0.90557578956065 0.34586278135550 0.25935454012956 0.43847440043079 0.65122023994472 0.40643250393538 0.43154263426729 0.59263735080396 0.32513227393485 0.73191960735167 0.20174308809939 0.63329666186787 0.82420957203140 0.14498587337975 0.81315939931119 0.90264690995228 0.92377208588676 0.45649638170187 0.94872507448944 0.77614556568970 0.22779072291720 0.84804279054989 0.27515399915349 0.97796397175668 0.65931793037966 0.55014373271280 0.54615525859207 0.91497811309790 0.22545942633701 0.77243756952136 0.24161669528686 0.89682556391538 0.38014255370635 0.61881288353544 0.26293962848204 0.66299896856057 0.30344141416100 0.04771910060716 0.38840694177956 0.20939986868829 0.83698216052499 0.33950497893198 0.16945993461207 0.24617683829027 0.31279519945062 0.98606141257252 0.95503058530675 0.75581303831071 0.40261025243513 0.12144257453306 0.90802369881007 0.99740851397941 0.05852109527332 0.60962829993888 0.34429407184347 0.75582828143891 0.15571735337375 0.59342471838524 0.96052929971496 0.83647030031366 0.33144218903932 0.15472902720538 0.37274781176495 0.42967498646008 0.28268185636881 0.03755049641528 0.53149808455041 0.12432039262956 0.61941029068599 0.46324581089914 0.25146064810160 0.21198230497058 0.57716267242769 0.74203353247949 0.38426032100680 0.92631442222194 0.82623658232944 0.29880190762027 0.33405254195718 0.04772077096455 0.65371584536170 0.93426980961982 0.73117017284906 0.14128781607826 0.16807013625897 0.03341124413355 0.11178304512596 0.23594953363888 0.23301080019010 0.82122523795604 0.32580943576576 0.56974574543461 0.62740314109278 0.22853064152179 0.56974509072651 0.87463193393619 0.58734014402420 0.09000508505464 0.84961835714172 0.70668209785030 0.10370838929694
0.91193253827161 0.93345603997763 0.83668833165563 0.66619307956658 0.00147835698930 0.64671349976753 0.59329043556233 0.68065241772235 0.19197642232367 0.95851200025465 0.13921977882826 0.38527348439136 0.49027386421785 0.96494814865018 0.14303305715856 0.05126066398874 0.53986094199158 0.42703887556485 0.98289753810126 0.51625020085569 0.03515025236080 0.35739535635734 0.32479658854244 0.80761393413354 0.31280646471050 0.37233026857708 0.66846396306324 0.09653609723199 0.90420072715525 0.14417635691237 0.79560928788073 0.16436889353916 0.22616607077769 0.46181584314799 0.54548857381371 0.72136498594183 0.40147716131852 0.74437251749464 0.48814268201729 0.81058195042774 0.53697272122059 0.50055627957985 0.08257944355832 0.54662794008386 0.98699965633835 0.57073027218329 0.09846624156127 0.39985406735381 0.27022422507430 0.34040899204948 0.77566041504837 0.21275552097672 0.68715684561829 0.43950696393254 0.96089638570842 0.85015485792894 0.67334576400172 0.43115688793192 0.15842133785694 0.86516534785820 0.42857584797336 0.54035969931399 0.55967277751685 0.55873692291209 0.45326854595128 0.39669587690806 0.59715697037414 0.88874160565251 0.26104535345665 0.58570221661183 0.92905518153197 0.79182838325111 0.12773458171125 0.57901093830889 0.56724355458098 0.69516094152413 0.06398870171587 0.56163118140314 0.54627645017151 0.97109210978597 0.01883263171206 0.55749880511124 0.75805155520336 0.67027652505161 0.73919813363551 0.23737440368054 0.27247400032148 0.52736932757428 0.79760776800023 0.38358023682070 0.63504924738167 0.26763823294142 0.66987841663843 0.72318460631341 0.05079765752253 0.66610742785395 0.17648385189866 0.56344128600091 0.72715377803139 0.60489167891221 0.64495036146524 0.62204877435494 0.87284703108566 0.60988554462749 0.71767966952548 0.86820135806562 0.02223450435574 0.51067062894342 0.25386569342900 0.39728988580908 0.44555466180739 0.93397197065529 0.44731087124281 0.07241945137404 0.76871918842359 0.14926240624587 0.63308209211176 0.97840495825523 0.47638017008440 0.20938840535884 0.99220097345710 0.68450986584811 0.40909826828929 0.86852746571342 0.35875001483198 0.16467336656346 0.39513607961987 0.17453295834340 0.53690398337449 0.90878776352647 0.22196863896884 0.34450372018799 0.80589329623304 0.06862033700094 0.62109113994816 0.46352409051557 0.61442710851417 0.40254800238242 0.24940605308940 0.81659892473973 0.65310527636678 0.76607001649414 0.76891146014908 0.29603068937381 0.99766723207336 0.59591052748033 0.97338390180077 0.53977301335489 0.77553709722497 0.73944060718407 0.73700759822856 0.22000352161987 0.07522912679575 0.76431747450083 0.12279764234175 0.47566935485400 0.51484560115381 0.55769845091312 0.07860253975376 0.72765469898870 0.22615193289746 0.11370089426220 0.03275266801387 0.21287182993031 0.92199225367522 0.99839227257961 0.50569581043353 0.47718373263295 0.21333078768915 0.69525053653401 0.25029232140419 0.77551576685190 0.36211779515303 0.00816896100380 0.55208285714298 0.36758532910773 0.41315167798822 0.57560612714074 0.96211183767392 0.73412068557690 0.76748021349504 0.95705796179233 0.84183455782955 0.75038502101847 0.18479602989515 0.05547597635180 0.47570943963374 0.33536753274847 0.82798917026780 0.80308864059768 0.57829379022439 0.22910547923422 0.85041804787056 0.67920108027131 0.05020632086473 0.65835127613749 0.77927560269429 0.70367823245734 0.75318178137437 0.30568494325328
0.12463323195982 0.50206122805207 0.79677492959326 0.73841017733184 0.90445228692232 0.58923020026767 0.01900209804947 0.86667038816289 0.73376375725046 0.23007180682889 0.69762595199826 0.98130460528393 0.69164825144344 0.98875218983698 0.59875170922751 0.21519042411062 0.30657064017536 0.68896153878879 0.01578996097960 0.22035459384526 0.23265933214323 0.93262423492904 0.23974400093486 0.42120979315783 0.19043313240052 0.80596394167705 0.18925426119029 0.80961188574655 0.13544476449355 0.06854054252526 0.77597995104479 0.98319880942769 0.25089656238922 0.46647712590551 0.90304393164956 0.81795908398224 0.27964073326025 0.75593105809645 0.84712156393009 0.63661144136274 0.20321672296810 0.27895967686763 0.83354633710854 0.87580055153961 0.32124951918462 0.99491063943130 0.04871452381823 0.19434288629731 0.11196831317230 0.11685343451699 0.29185112903386 0.78527939624413 0.82399374047248 0.93280916404154 0.75080797502418 0.33938225292685 0.99112858529460 0.95874962942238 0.60395770098445 0.84489194919055 0.97157102349374 0.01290888467567 0.91570178934005 0.75932362625462 0.78909191041603 0.90684108840857 0.96236068168959 0.64890047033935 0.37619633927581 0.05650491873427 0.19298762512053 0.99939255703681 0.30314692257411 0.04168954325783 0.57265780430184 0.96235856213502 0.64846297860411 0.10740861357810 0.38726336870046 0.40893273037555 0.55870043813913 0.95126660007277 0.41808906180456 0.99879464814611 0.45930301500544 0.01352507029532 0.17798314234982 0.66972784297001 0.36394609729618 0.56885393818058 0.20940090916225 0.56644492842103 0.38943991948656 0.72931297241740 0.76147377356384 0.94946782223416 0.87420977310563 0.17961048150599 0.60329670559475 0.07993318324688 0.05631418203947 0.05749729319767 0.10097304880075 0.24717040562847 0.23383869972653 0.84180991480181 0.42447375805527 0.30827794896315 0.29579600386273 0.11325983976277 0.73016460334148 0.77477773938564 0.90071270618829 0.44501650069901 0.16689243456057 0.14218135980037 0.91930437805689 0.21764901907865 0.06508522775541 0.76301788537086 0.60249492375714 0.47008191889008 0.94707961185572 0.31040728623493 0.28900127549646 0.56765135642882 0.15475287603106 0.52549710205624 0.77165099819099 0.98617947187791 0.39436704029238 0.39341645314861 0.04892109655195 0.55411909115273 0.66654282591746 0.98543850618370 0.28820586194538 0.40379236375055 0.62557805963411 0.54702332198593 0.42193016694137 0.58068551823589 0.52115519448092 0.62783004973110 0.75839577837810 0.92266464668169 0.93893656900700 0.29260699907643 0.01267993695216 0.73425299459051 0.82610495801589 0.34315383544676 0.98361033253833 0.79650708979056 0.20705522068689 0.15141093962018 0.99301868817649 0.56907145672932 0.57490101819843 0.29853626268999 0.46113487715524 0.91461219463082 0.42072746720699 0.53469736213216 0.89271435808591 0.76637363085406 0.92579305184449 0.45735301538193 0.11643475617887 0.14063320391651 0.37682243291775 0.32571893909304 0.35558271430943 0.52523219741984 0.97667439347276 0.31019855925075 0.24506689612663 0.55395610929213 0.09601222307159 0.70906078770137 0.73895071667304 0.51452672517519 0.03845522073936 0.08857368295231 0.88036305703848 0.06653687256867 0.32612223302811 0.48258490467782 0.00432895388741 0.94428371103665 0.51027875161238 0.64817591753259 0.33499160863382 0.35479555704636 0.35384414903509 0.18170950714301 0.80592357454811 0.94342947469064 0.41402133660159 0.42520287368490
0.39920648430478 0.18211616651273 0.53444628793259 0.77219698736414 0.92523171983758 0.51465494658577 0.32511035502163 0.79246671537304 0.41386552143917 0.90669328472623 0.77688150796040 0.70650035522274 0.96515355092723 0.12817930446468 0.71474698005087 0.87132790491123 0.14620538680626 0.66066854995317 0.00321619178318 0.09338512089725 0.56593935738087 0.99499738904064 0.33125524147713 0.74311515572229 0.64633987680631 0.30364650908408 0.30461938217179 0.06291349571144 0.26309807939889 0.66328637361519 0.09921082994837 0.43024309885796 0.15026348915933 0.38634194146422 0.74874725603400 0.10166292183528 0.42216586782557 0.31435994475996 0.50308448672441 0.93691966718431 0.00221790540579 0.96845214679116 0.08192022996031 0.36905129865849 0.90718747203615 0.80637509017724 0.73710380863320 0.02283740326113 0.05202906983442 0.94337696496343 0.88428155017943 0.38495967408885 0.19751397667580 0.87850493098224 0.04849748244720 0.13966992461876 0.91232391211737 0.64824380758973 0.58379129686837 0.67607043292925 0.71177324014000 0.72496648337831 0.15305861595630 0.75790415543907 0.70481433989138 0.15534737886931 0.44774639030092 0.73608954196510 0.93067436995640 0.32305721395326 0.57628821746774 0.53323558955023 0.65743941341676 0.86206067042134 0.03715129812612 0.39745557759513 0.72195857519173 0.72308820192383 0.27886397984782 0.22735400870320 0.16329945672170 0.81751403417989 0.48095783575426 0.19916317570732 0.47041570508738 0.88138178865440 0.70579286532550 0.73869196033141 0.33113372008978 0.39005029420644 0.03989826207069 0.95556238421223 0.89061189248270 0.73612913656014 0.35783140237788 0.60754214592670 0.81360750159098 0.85413984973724 0.79491655893764 0.07183579273711 0.19450166816056 0.44741684866027 0.22211095665793 0.07560790976524 0.46208632643551 0.35839817097102 0.85558395667654 0.74945042487186 0.62077657683230 0.86578806574120 0.60102059996590 0.01464168735161 0.97430572347969 0.55677718681196 0.57978616519767 0.41167460506999 0.17821812440730 0.46845457866572 0.83165833961950 0.48251033428153 0.58134818274743 0.92828518152229 0.95859398858751 0.69126080764891 0.91159993123840 0.67544331329256 0.97893130751181 0.02413883929169 0.54458607090592 0.89657422626303 0.44136310180103 0.51215712176732 0.55135732261812 0.53415864705357 0.69822998402464 0.55774861145213 0.38092071112805 0.45138300975186 0.60778958117200 0.35866328371628 0.37472420865341 0.32144868025600 0.28832458901530 0.44212697942271 0.21077114573619 0.68086520679578 0.74706089265900 0.05263019732481 0.16877697689061 0.32086474316279 0.04841492614512 0.60096449327003 0.69451031200155 0.63771518256106 0.53386160693449 0.78838870044731 0.36376383778136 0.69448589060305 0.84316757512552 0.97679045140777 0.95359544903187 0.46592921579211 0.71931745173880 0.78764812610078 0.49540445138127 0.30588942979609 0.71615971684700 0.32817717364657 0.86344138823005 0.22193128239218 0.92215576894805 0.08020286910811 0.89106010742052 0.15144508903931 0.87454420801920 0.24564169475801 0.76239371421530 0.73502999110415 0.88243668365284 0.98498998465734 0.23764917816688 0.26613954064294 0.67555209356570 0.38549987008005 0.13199314773065 0.97616862142302 0.28130241796973 0.00588647281386 0.06007224808428 0.31953515099508 0.20881232017739 0.13621959902320 0.04938905485364 0.02513056864712 0.36400889297612 0.75350079832193 0.31074045807771 0.56130069789971 0.09995732856230 0.16315060652770
0.81329897596917 0.55423011440337 0.13303867694049 0.34619393028352 0.48699700682982 0.63022904167695 0.66561069476884 0.90265852505438 0.46871310529613 0.50724077797802 0.63475459126995 0.47754512578159 0.43148882297687 0.17586938589562 0.62197966009868 0.87844809660500 0.98353459895418 0.70180642574060 0.59693019100447 0.06597847411362 0.52021773235717 0.89788681756766 0.76735401849993 0.83425697601705 0.39582957801297 0.93099147337003 0.89238816405477 0.57615486451905 0.97266151711106 0.52025337791336 0.38845500439057 0.51317814226112 0.05577866379620 0.70282641553562 0.20489498825325 0.53969268273107 0.62743995171172 0.61531188766447 0.55830716894368 0.64877506002056 0.56947205086337 0.71201259565150 0.91517085051944 0.75881186250969 0.82167136813771 0.60666832228408 0.43771723333692 0.48380078845407 0.33078417382889 0.91116774918898 0.15863606995671 0.92759133149480 0.74464961784247 0.83500552838189 0.95955254620060 0.77205079775070 0.10243156722773 0.27049602871526 0.69259016948274 0.66777808416838 0.59080849053652 0.57832747441742 0.85654343323701 0.66438486638393 0.89006542374155 0.94491216350277 0.61560873139165 0.37331026454239 0.69731452037653 0.75767964049455 0.01610583717510 0.28170567874708 0.34130060556877 0.16146487541050 0.56237075224036 0.11818222675341 0.99023599342193 0.20923510361147 0.28758268858226 0.67028276298078 0.43922881101926 0.11304593235337 0.57374332710393 0.67411146859240 0.17107635743722 0.90017511152730 0.33650242817655 0.89760973147781 0.33590978486227 0.06362692173044 0.80571232745030 0.88379720754694 0.54633770451908 0.74100943370329 0.32237520861279 0.48860201650278 0.71995988461434 0.26376107578763 0.29142185462639 0.07940488466692 0.48665520914961 0.69756926592060 0.53314295003948 0.15389142511798 0.94838465492228 0.34652041812725 0.06434664452098 0.09597240075729 0.10257846133776 0.27576741691718 0.33487975411219 0.50729387007390 0.44627812353960 0.07464331903293 0.63920606086884 0.83299711514874 0.13488314580744 0.55312163567557 0.98816873959920 0.76926695077753 0.78944855933113 0.94328834356473 0.70789314282538 0.03274364740884 0.85499372087452 0.79044023065551 0.72098026547259 0.07987955450322 0.17723365251530 0.68857170575639 0.65622953424226 0.26866242876132 0.80674598083007 0.92868266640176 0.50417130274849 0.63100129800387 0.29804867642009 0.19988227726615 0.53199277405035 0.39082816624264 0.67956238217317 0.88217347505221 0.96003661642331 0.23063438773737 0.98104536624430 0.40981419614592 0.63455357182275 0.32016852964054 0.36608321772946 0.72625048408058 0.70615661430552 0.33063527139544 0.28940155192398 0.47512691132075 0.90382480720434 0.45941628104265 0.29959875579470 0.87877167531424 0.50689005784097 0.04806726999034 0.13115230692411 0.69356108335520 0.36150128440042 0.63318668204245 0.19299857635061 0.88772608863552 0.24602481460187 0.52848227259920 0.71605965485114 0.24539711777433 0.06495436358062 0.57363644006101 0.74942081591014 0.14892159775586 0.35715722382283 0.64698154121613 0.30655151556412 0.86622196653982 0.74134551651762 0.16112331734038 0.80703916284238 0.02629164096967 0.67286967722958 0.92192875754053 0.93531675423756 0.95799415575069 0.97253802583059 0.22925958028319 0.87980552978059 0.69429377360688 0.40333312563166 0.77237416478850 0.65994759745735 0.10668318736940 0.56853123832890 0.11195719640627 0.69635113159570 0.50401303628225 0.89905592296213 0.31907158536108
0.31084667925674 0.36020271165351 0.05545810715667 0.82523008472668 0.49297650471678 0.47450122814727 0.29745048453375 0.62870524444443 0.90670219962132 0.43376977155441 0.55959490272277 0.71604887829243 0.57855877072877 0.27094646388755 0.01267907174274 0.43024905017935 0.52857473295680 0.74172664935694 0.33305605916307 0.91818668997632 0.75968723608952 0.78569721870003 0.36016938640973 0.79351263094477 0.48467266358893 0.82238203359405 0.02393299172905 0.04532597651189 0.98357218863864 0.21799561754486 0.88069247806603 0.23326095743192 0.69045056931851 0.86522085452852 0.96449047459338 0.94455890939652 0.96109725357231 0.43895778035630 0.86463510760824 0.55077961357746 0.78349735797574 0.26031558629446 0.16624464644693 0.01677561209318 0.42194989834453 0.78910623806260 0.77280091388640 0.66162462066189 0.51804045669424 0.18009306514391 0.96614010696742 0.75255772819115 0.26909232201830 0.71939340337989 0.56546790424705 0.36250757772796 0.66910995096928 0.63440464278980 0.05585290384254 0.30225258280608 0.66452094745931 0.23449828473713 0.48924289017196 0.45471300862943 0.37933091238350 0.18560944018158 0.07190644117559 0.00931658511564 0.19460790281741 0.88854229657580 0.00777096733457 0.46371535844169 0.85209837226392 0.15438532125978 0.08693471233695 0.60587218607450 0.08219967281047 0.80300292526792 0.01426654780555 0.17507321946674 0.73104127163654 0.69243781726642 0.97194135541654 0.67160353091348 0.00237364504972 0.63846626216708 0.99694833373135 0.82322367952380 0.55294348791021 0.64377534662018 0.57793403473389 0.09510782246519 0.06906746181472 0.34738981041476 0.29250125362594 0.20224491885898 0.99775830988219 0.80148719416208 0.94905797585411 0.52411915227356 0.06239025324116 0.25571501325593 0.66285641481455 0.69264090036554 0.49938841074304 0.30829191468952 0.59724672853346 0.10144266124482 0.81353634831721 0.26305313899627 0.59224756353274 0.49126242660948 0.22173357629845 0.01413092537281 0.09989287862766 0.07976498274906 0.69269813596258 0.27873809045458 0.77515545615864 0.49013422227578 0.43793148695042 0.05444477321725 0.05116220944037 0.41418241712477 0.98860792101985 0.77054201782376 0.82866277460698 0.43411684527638 0.70044884922520 0.43524523871778 0.45034227988659 0.66923221223879 0.03593047645704 0.23415009526821 0.74293083889762 0.80903229570197 0.21049521610838 0.62799580646070 0.69399937666752 0.51960839975783 0.69933324238435 0.39671159048443 0.97862007034887 0.35735281683189 0.62978214901590 0.26409015495658 0.18358871512172 0.85248823835429 0.76748920181975 0.73875925435059 0.79506926079084 0.41994885473636 0.56214936438221 0.26881848723091 0.09181397134166 0.57280758908092 0.33220265730498 0.96582420396396 0.73244589858984 0.07797556309975 0.16814722960452 0.63680895639651 0.11128283197619 0.45613158927821 0.47644584790241 0.89556480303135 0.25372703263670 0.71832303346764 0.86662942858702 0.47811240336670 0.94078670928334 0.62113381407207 0.61943718888081 0.43237062827404 0.08688352468644 0.94859306234978 0.62268311826911 0.03103498441543 0.05040572354049 0.10796191609867 0.55521739073891 0.32247937626279 0.25517888596617 0.70005930302467 0.53314110604440 0.94854284300309 0.59302408002201 0.94242343175661 0.18637193483051 0.27598016438806 0.32344700084303 0.51927663330517 0.59122057695238 0.89977432316501 0.24551584745822 0.44743789331316 0.59561191959886 0.65640450562342 0.18181049094391 0.32901116470171
0.62675492050118 0.32067010898425 0.29009111268103 0.96992465641623 0.50973733810627 0.65371407900918 0.17797958864285 0.65775009002494 0.02616832449388 0.10851973942657 0.83513173490792 0.24489431644267 0.82639887484181 0.38785611930664 0.48203595791120 0.70991877982689 0.34493595460861 0.22506574042507 0.79469170800887 0.29087692284020 0.90044941227456 0.85560659794345 0.08843888306030 0.60562619094537 0.74870575859163 0.96114803479258 0.33985296304718 0.68509192675789 0.90003718089326 0.86177369616841 0.51292809148809 0.66760039175532 0.30762334016729 0.49855560375986 0.19797439598615 0.30335773561653 0.75151716626235 0.94356498747040 0.73673460966315 0.23430992953528 0.83957234473515 0.14184701329529 0.93882947200956 0.83913682043055 0.34343192183573 0.73418485383640 0.75259340481437 0.15403522971391 0.35123263911977 0.87285790386340 0.72288363764228 0.52060581827610 0.82608687688687 0.39325860951054 0.61523447499195 0.99359937384041 0.60422394743843 0.05055305320233 0.46648970903257 0.76699999886507 0.36845802178038 0.64655704674612 0.60653515056403 0.10838100113876 0.12757250025639 0.44994350971669 0.88584120211567 0.43275825722863 0.22899918785699 0.04332615974006 0.85685280029055 0.84322180230695 0.28794744962798 0.16875352773880 0.26768400623951 0.12702533654010 0.30044382220535 0.47872253290301 0.38501951940780 0.89238429888971 0.12509555801447 0.59451405946807 0.46496405544925 0.76186736352009 0.43722417349348 0.36841983508424 0.90928721066433 0.20349917935614 0.42473887106013 0.53859439213029 0.83380739069347 0.59236997078053 0.27721312636740 0.09595953986545 0.46909023864498 0.19639059585119 0.40730476783281 0.53242902334685 0.90445442676064 0.73911775026347 0.46974297457186 0.32581556214202 0.24859930271895 0.80001197279921 0.14014226863109 0.39148319409437 0.95693148848928 0.79468541941794 0.68526888194318 0.33040859569834 0.05507545093914 0.50292557466812 0.32151406617374 0.74393814037477 0.30551532115694 0.90294171612978 0.84969519679624 0.09529694037372 0.82911599653685 0.33260152823801 0.19507471115316 0.72418278430101 0.93397190933329 0.86846404141408 0.17569906468864 0.96440726252911 0.14062536753055 0.40557646294636 0.76880372153046 0.91873282070924 0.16728105404432 0.66882015632206 0.53775118141120 0.72763647034071 0.35479431228977 0.89201178433711 0.07068059020947 0.88764862301419 0.65153204467226 0.11215143698411 0.17261348424624 0.17514370188737 0.51065703981636 0.24718976836208 0.81892910737457 0.97301250463181 0.03142045289337 0.25992532888141 0.62167106051486 0.79209576609127 0.33429322226527 0.68007765567929 0.39939393042656 0.28490066635507 0.73492202116690 0.10961238919889 0.34731812595370 0.81735324061823 0.08116992326734 0.68927898492341 0.20987932731691 0.28838030391752 0.85885156677124 0.74502989571069 0.28353404394837 0.69542115263591 0.51745772969981 0.61822670056183 0.92831479956611 0.70023729542843 0.36220777458167 0.21263045328085 0.82993050893307 0.88497811728211 0.13495206353996 0.54764507623647 0.00534277760689 0.69676167294051 0.43827702855935 0.99383103722214 0.63926086461127 0.71962817137484 0.28963216824343 0.22141360941168 0.29603160867924 0.30982810646445 0.60116252289736 0.82624271578895 0.62434039326381 0.11494828262457 0.35766719463816 0.58956400118998 0.99388751542751 0.99301859136610 0.85290988677337 0.75174763004811 0.85868451462738 0.09172973284556 0.67320824093008 0.63683520594161
0.67470628006073 0.25013721166624 0.99500934388118 0.94987195335388 0.85763824112966 0.19740762079518 0.08109886528633 0.77789659760067 0.95146896589468 0.00922268016966 0.86836858088753 0.01774945460871 0.89105810432917 0.85830477680271 0.57262004370743 0.56551482849365 0.08413876578768 0.72056172547517 0.43915382449194 0.99623876435862 0.12936649897748 0.13741011352068 0.66118500950176 0.72649769678589 0.73997315817385 0.08853540454400 0.41123994381902 0.03752272716245 0.32588997349771 0.64802596895633 0.00739566393098 0.52991594455688 0.17534289601832 0.43174765014695 0.66777473093209 0.73367724385409 0.09406289835377 0.97059494693436 0.37468857628883 0.65772296150181 0.73202613074875 0.33542588571799 0.91273585335353 0.70255479786248 0.95496197224115 0.73039979849712 0.51290780425890 0.87422201455927 0.25842645072848 0.05185493283823 0.62420211012480 0.64375559947009 0.53556459669390 0.27141873469893 0.20340227127894 0.07347517527323 0.96761311831676 0.67106207561044 0.80145659538138 0.86255512113709 0.64048596384693 0.30174505683251 0.33118612244654 0.43252378403368 0.99091281061715 0.40232005130880 0.46909578930655 0.02210366735714 0.52421681192546 0.52066752905337 0.24900453350936 0.75696565872519 0.92882308530908 0.64679919208077 0.20105566275386 0.92125383053001 0.80401050647593 0.75706305013396 0.52453868941638 0.78019453657242 0.27751555459636 0.85680688037837 0.21897224333227 0.89000937549897 0.93913931242413 0.61961730748593 0.64664636451319 0.67259434148880 0.12574950289708 0.88406888098070 0.93596554573566 0.18929037096507 0.81516707679876 0.94293357674275 0.10890649044770 0.23170698541514 0.81346746182048 0.32732376718508 0.71753270747296 0.65619694101886 0.96464279528192 0.96800705538833 0.07365807550563 0.42806487283290 0.61245372660982 0.98060579433890 0.72693463064238 0.24909162184744 0.34866477984686 0.86522839747385 0.88702874420911 0.11836122207094 0.08302938793493 0.17537946818408 0.31091887823426 0.95950605094473 0.35327643600002 0.08085408700875 0.22230804515855 0.77301134499799 0.91243365783980 0.81889906831987 0.45481612463602 0.67909696179650 0.07964501143089 0.95802746501857 0.89981511602788 0.45766545840428 0.01972589864036 0.16081911031218 0.20349285665648 0.99652639144027 0.96857710128436 0.56676985327814 0.53092717569429 0.65479389983315 0.73251565966058 0.39438922529578 0.20783404406854 0.33575485552534 0.66986745903303 0.68877168131147 0.82773976530649 0.54300312905642 0.83220848099449 0.55469770255502 0.26925974347886 0.26456956900683 0.08983858546427 0.68879366726604 0.38540547588068 0.03196381976215 0.15839164294842 0.83834224405822 0.98990179914344 0.21754234031031 0.20645093490996 0.87109140288788 0.47613795565854 0.76059170865729 0.75539348937614 0.71781633144958 0.35199795987764 0.44489549716318 0.78354173251342 0.62460622807655 0.40232267617389 0.69235905786647 0.43569370698233 0.20075022517757 0.20004858554761 0.89455681610138 0.94074612224220 0.61032804905305 0.78305286466447 0.52917624143816 0.36113033608331 0.22507761610699 0.31492959228540 0.69618060922033 0.43256832240910 0.82075097830700 0.92161906982191 0.04527036028279 0.71495239886737 0.28358266678609 0.89330898073543 0.97349555901757 0.82889515657971 0.36330562202503 0.79385311061915 0.58092089650842 0.74424804078614 0.66718556110723 0.48494756252377 0.92358785708254 0.71431545841836 0.40387912579735 0.10401235763907 0.84691409009539
0.90189134219296 0.67195040201268 0.41029109411286 0.63914975360311 0.57904344490026 0.12202353815464 0.21961117493036 0.95650034614109 0.35362857124331 0.14028229257685 0.30208556183717 0.41447503084282 0.15327778671381 0.19740707509010 0.14085389026144 0.49957240752801 0.34720200151914 0.39460808926843 0.05662997606208 0.51124764339786 0.82493305417156 0.35224294765122 0.38354893937329 0.56033879223298 0.74767507435343 0.57640091681980 0.26230265126030 0.54888804930840 0.40259967457881 0.98826771855789 0.32604673163014 0.52164949075725 0.31732095532581 0.98364545063107 0.85943778430849 0.68724363820758 0.66123840980315 0.02424237393212 0.88909096472499 0.40378147794229 0.21803337477244 0.93080811769797 0.86048219178000 0.00257772194854 0.21246769814120 0.16399310948728 0.59879518629284 0.50497423239683 0.57003851264345 0.15162442185867 0.50949895800217 0.90241821551267 0.78717444810749 0.52461156246930 0.15268265408304 0.21932353242361 0.60137712419853 0.38900139133164 0.10362429512941 0.96251951621581 0.77452239953423 0.67995360544608 0.05552435161882 0.25982837821223 0.23823209716187 0.79824698996909 0.43568319518134 0.95265108306907 0.26359980103924 0.43080447714205 0.63096574999875 0.85863370175887 0.39250021598510 0.96810653331526 0.19556866718550 0.52264520675951 0.33174923554613 0.47037384695144 0.63597858987524 0.04844790727709 0.83416803410407 0.52485307427390 0.20947378350806 0.40345491387537 0.18950274912847 0.02448858898479 0.38413306787963 0.52263032818596 0.71775484700140 0.03460399214549 0.24933307319002 0.29730434260730 0.32053789650032 0.46495250505836 0.00280798995043 0.22617606214814 0.20108246981392 0.29633062209936 0.25685815954652 0.50182347122400 0.39966480527972 0.29995857852746 0.07944515816236 0.06297934953344 0.26056631746200 0.27716088569646 0.35427686685139 0.82828322185134 0.86726853423621 0.50689610081956 0.69761442514071 0.46955724635277 0.97714860827953 0.08617242188523 0.93653895924680 0.95201336708112 0.10316102242782 0.99696219406773 0.52002271919183 0.91174855100699 0.44113835157302 0.22492655998385 0.83746713955596 0.84010465622394 0.10091457381780 0.80948746194243 0.05053744965227 0.56845837641807 0.39329110084544 0.02679122600000 0.75202998366107 0.00333527533302 0.26415405973282 0.08206002034139 0.79490783364708 0.37703518653460 0.12251989220277 0.74086706320014 0.77815411030729 0.38852763421293 0.24724507257821 0.69242362604298 0.57370960321462 0.20734954938082 0.26797540714514 0.09261778187675 0.00764121681724 0.32109398691707 0.62505490930071 0.33020045383886 0.18216666369553 0.09212798114102 0.67112089512381 0.58705107921202 0.15369274692174 0.37094401685801 0.09663281274561 0.50249166936078 0.98122614371255 0.06133774992142 0.55703900360766 0.11877609244388 0.80057286345289 0.09950177333486 0.70286463284396 0.09747134885080 0.79654590060616 0.83241621597599 0.01506030908403 0.57164962962971 0.29983674259787 0.50203346262096 0.41741704592448 0.04866148156867 0.26129462624262 0.37866964555456 0.17196174903091 0.52414386998329 0.09355153223114 0.96077192578663 0.17126046053158 0.29084659683022 0.29947012421582 0.09602917906337 0.39680531705587 0.61969012682561 0.17912346692155 0.92450279993230 0.14870903726268 0.50296652553563 0.43788100736532 0.12198061383929 0.37513679149130 0.34564014047831 0.64439155572749 0.27097426102023 0.75678350993207 0.39137375126429 0.15986212458404 0.96717832523916
0.84851562990514 0.12006816324296 0.14883269913094 0.42905759472117 0.05697876650047 0.23196626292837 0.18580030711908 0.47640877462969 0.16050169951147 0.34670674653239 0.75569654069854 0.80133108664625 0.53754819292831 0.75739204275514 0.93900338742269 0.83631734722781 0.85055728053755 0.25878701329509 0.04187941674989 0.78906674612015 0.76864179585331 0.36258763479495 0.51918864842668 0.73479749364245 0.62345421919483 0.86428029170548 0.68011334751010 0.58466521792757 0.36064360683715 0.88061010374197 0.07819361907952 0.53772780530010 0.28305990990613 0.88785996957897 0.01134900938553 0.76209535157601 0.09354376057574 0.91174961086572 0.71385843985943 0.11006269586252 0.80002733360627 0.38251474627164 0.03330373240189 0.38287894840114 0.34087102419000 0.29735090744420 0.98672696493018 0.31682132466851 0.93687921417041 0.69920822437433 0.64301007512068 0.64897581816851 0.57137315422067 0.28201734167852 0.85690874540382 0.25611179466540 0.87220572968495 0.05267436976504 0.39034283445991 0.18220792929152 0.58340777458130 0.90389090391189 0.84602052148866 0.06283593334459 0.91103382513938 0.48920193599655 0.61035354620776 0.50384741511293 0.98387954100231 0.78186242398265 0.32070690102638 0.62186679351377 0.75489625214682 0.43820785399045 0.26139135057176 0.49352484898830 0.77952597635433 0.47409351846054 0.30920026306255 0.05831503002677 0.75735748233644 0.42576374366433 0.99707298656958 0.49461175504923 0.43950913819225 0.27384073868591 0.29586742885757 0.00780874737362 0.43571246766039 0.65920909157871 0.66407585377467 0.19220599704410 0.87519659641506 0.27620501767158 0.73319206336751 0.77047475619921 0.91685556906586 0.23179155640638 0.80610667123063 0.38607181484317 0.18996065641062 0.26230179769795 0.73448310810033 0.57172313753825 0.21086447114960 0.07312721211004 0.06835473622769 0.00629134212077 0.98598291506571 0.33425634269584 0.31074413167990 0.50181361772711 0.48718214179798 0.10173500323016 0.93767498171249 0.85717038857942 0.43583225149634 0.88362049900752 0.62212298498084 0.26993686385846 0.93530341366751 0.27216466906266 0.56316574738959 0.69388621514354 0.55711437062656 0.73852272879005 0.90919863205978 0.93913380346184 0.88777441963163 0.25988920026342 0.49080695037848 0.57147182222947 0.47709911276708 0.54389644300669 0.64418653070552 0.67307166799842 0.39294753811053 0.95257995316198 0.76150690589368 0.66864543972607 0.57129346623417 0.90981484123630 0.91855881685664 0.87607419441846 0.06073877778913 0.20791622350664 0.54263216825928 0.68659539842449 0.55286651314941 0.18613971992781 0.50510403242352 0.97046503521085 0.46337022647855 0.62312788385796 0.99614449114480 0.41535435303730 0.80405669688556 0.88776214588345 0.09181585523476 0.54555082476563 0.14584408865182 0.91410279913542 0.40013569031701 0.49774830326022 0.00648959929138 0.78225043088216 0.08906043958581 0.07563212075056 0.22864301799874 0.32559661298696 0.17748040836158 0.57803351346362 0.40112646623688 0.45781516058278 0.53996976128079 0.80187816508481 0.85731374229493 0.04051366548562 0.36202779204154 0.88082837677912 0.23905735936929 0.19463494514784 0.78718563643523 0.94384293020871 0.35834490423508 0.28945096482427 0.24631504194926 0.23970167011579 0.04813393564916 0.21437441004681 0.24061409141685 0.81288115562272 0.14593591624043 0.31783980377834 0.15717140668301 0.48990838684782 0.55353961555202 0.85691294498921 0.71597375942167 0.57681554774867
0.98789697580662 0.94707781312679 0.89964671794635 0.56098923303171 0.18881238945706 0.35961000128351 0.51389707366945 0.84803717122535 0.06497677527931 0.95154982122036 0.32717741098118 0.42340768953596 0.26694479623356 0.49103191958628 0.33148156905869 0.06247712280303 0.94127648754762 0.56077710460098 0.57928133451412 0.71691460085175 0.38786647352743 0.81562497226215 0.32196000869328 0.43455675687979 0.37730716010372 0.86805193613510 0.37235886588467 0.28603343508006 0.33240154245593 0.44425003909448 0.95719632227043 0.83720174235042 0.41903531791278 0.01388992910187 0.88923329151484 0.63900072724264 0.82055721534153 0.37970250314073 0.64236049566262 0.15895779610181 0.84165368620878 0.34074251278273 0.71349504791504 0.33572351335353 0.45071048286107 0.41463477117648 0.36221823113324 0.86865392664292 0.32765272557247 0.48591427324763 0.62947331893393 0.62147612938925 0.86912917362042 0.80857242347162 0.57147968149551 0.34642407668290 0.81569184041926 0.64187303782443 0.08660393657237 0.60673704324431 0.08821250187681 0.16543014827442 0.68352621939631 0.30984782194501 0.64109288042918 0.58268617536976 0.79387688739978 0.37810121198910 0.08685657670237 0.80443663568288 0.96736902264524 0.95335998668053 0.40010777931294 0.32141771594003 0.51324569966482 0.21554982928413 0.87226011614462 0.27708269521926 0.60819019077309 0.87215887018087 0.84029866232242 0.36018958749699 0.47806971181574 0.50215106421647 0.95722031324362 0.14455646266172 0.71955448748539 0.06514798775815 0.40126479032500 0.77097305537850 0.00192630330773 0.74395914388794 0.34652014562328 0.63104804345627 0.36301649105260 0.18314599990536 0.03944316221569 0.59604560463934 0.62174157225176 0.29140391373123 0.96747160681594 0.12754249521581 0.69063067518584 0.06144712352713 0.38400794448788 0.35038164883090 0.45135617461818 0.88169401705943 0.83015681185668 0.37952709523140 0.28627677452232 0.30237901929761 0.45666336239998 0.37671103294754 0.96340040072574 0.22917096885032 0.86013230930380 0.73263506485006 0.52980445148460 0.21904497334104 0.98259980639665 0.66074966974950 0.90059224041619 0.54746115406937 0.96528420615424 0.21795088959700 0.86369452385546 0.18963124305750 0.44037744668618 0.78298727880610 0.74745436591814 0.43606780535128 0.53237426136285 0.95998935294046 0.50418867621028 0.27956777702414 0.69691633100702 0.47615689957961 0.72050977196959 0.78049951404129 0.53823256952807 0.03021769020775 0.63958460632928 0.30531691285751 0.91715930386221 0.05944680523262 0.87005229883970 0.74351842037882 0.22417531418996 0.46824675282443 0.46515814591890 0.33663278013048 0.37568169492116 0.79334555126714 0.34591888472301 0.22073588716018 0.08504362343103 0.18719682303287 0.93265211414923 0.49005382524862 0.77869625425912 0.27434055060785 0.20884862105213 0.01275173775457 0.10768456705111 0.22771637871900 0.16073047719486 0.32576868080129 0.03380855589786 0.38033388984765 0.21541036432646 0.78340961155843 0.64018457796055 0.20133161923061 0.23315377829928 0.14502355614468 0.41278042755364 0.98995142963118 0.38658076240675 0.77979953214456 0.34367023505885 0.19700070731369 0.06856451037424 0.20139043738590 0.03018777510406 0.09662705917032 0.75793250001914 0.67729445075115 0.83544871546644 0.96479186240804 0.35639555432113 0.83920678200272 0.34692727940548 0.70337827395050 0.02687600452889 0.25006479223994 0.22819683821260 0.75389861631766 0.39245101283758 0.84353323370105
0.49947700705239 0.69015743240581 0.25102455160198 0.24723814751888 0.50249504209370 0.84279837087413 0.10893164657847 0.99819845309680 0.26263402892181 0.77659415299110 0.77990337210731 0.30154659013558 0.28946309699697 0.11104149921727 0.83109653805314 0.56333496982050 0.88456564274660 0.09837361075261 0.21923480835481 0.39952213598416 0.98973814899899 0.76924414359477 0.49575780148390 0.34276041912848 0.87319596461041 0.39973636100435 0.55773743549766 0.50827080409704 0.94174238897860 0.56373079023083 0.55981358379058 0.16329658592105 0.78937475652993 0.59859945534035 0.90180466830868 0.95537048685924 0.16054044140111 0.68479683133090 0.86607234350581 0.09887202253664 0.00380361189864 0.17099339980872 0.85537661737964 0.48739219820736 0.86727470664475 0.15682439253049 0.81448350006514 0.82796426931263 0.87954440605762 0.96000361152456 0.45081319992213 0.94251946484416 0.11053138342290 0.76416280178815 0.25991905318825 0.29853713070335 0.27883323688877 0.36165457669943 0.07979105118585 0.35245206823759 0.17116121355864 0.81961950002266 0.09851744419787 0.08617298541157 0.90006810167868 0.34872627955496 0.87479380697326 0.66497870444868 0.64161792213742 0.96788238826234 0.06215742195612 0.85586137137903 0.80270795435099 0.78744528515134 0.10782266084485 0.28510785119998 0.79982968457189 0.70502799364445 0.85707737337977 0.18760204229626 0.52520730129204 0.77982302132656 0.11654352420214 0.15933614644212 0.47060690778393 0.26673280113162 0.73414739500757 0.55221940723753 0.32486442319373 0.23788549750626 0.37407691410933 0.99466196539866 0.89006795782509 0.66809320635652 0.53367021260666 0.96729947076849 0.76326638857352 0.03013603726166 0.75698086178275 0.90251079501792 0.10018747594674 0.02233038231791 0.60969790161413 0.86937188714545 0.08361494269311 0.75341073260381 0.88786571397663 0.64030879190002 0.64852832210691 0.24396513189932 0.29637243441891 0.72615850036850 0.02160052982145 0.23781653489287 0.49740330754191 0.54752406317573 0.59084235141096 0.96864466205317 0.69117215645576 0.58775251792035 0.46255009164240 0.76052933385254 0.85029850952282 0.42941990399990 0.38245167658243 0.84490615529312 0.96458545556435 0.28588949854295 0.19994535810752 0.29196897718581 0.13576019293227 0.68748290453335 0.39718998557026 0.94809764723531 0.86645910221601 0.65771809555202 0.96401367650842 0.28903907052751 0.32276799155538 0.18686860486463 0.18760681703750 0.80253160877949 0.78658371088824 0.78227842170579 0.09657181677619 0.28452291792465 0.22014722020678 0.20344493266916 0.40928094184846 0.96533884155913 0.29555149597856 0.51077556895035 0.39517243747575 0.71163316849563 0.05468466423681 0.07077654335027 0.63042027854682 0.70805626702812 0.30612083156577 0.19037654537524 0.19861047225474 0.21288515451660 0.96827729521299 0.08337283862354 0.38010537062574 0.97590127596992 0.92491863531277 0.43776946163863 0.18172012560631 0.84305440953974 0.26590235634104 0.76373432524462 0.60770585143802 0.57611067066091 0.31263995977443 0.94790333623641 0.64640151046071 0.71445316017217 0.49644217634614 0.02937707029067 0.80689531268374 0.69446017715899 0.55324913222388 0.11949797478231 0.09920031855396 0.05620073754322 0.32389900087394 0.96600906538012 0.41315149935781 0.37080075391637 0.16353565211190 0.15203575555474 0.74189410020001 0.16803943709166 0.47747962707590 0.90747678932370 0.72472375838946 0.32201626909303 0.94435979282695 0.22132807541786
0.88542698089207 0.94962622005102 0.66123485839158 0.97148370832044 0.26119488901137 0.71941000263388 0.19882728777435 0.99292227106421 0.80077827231010 0.14482111337280 0.23598594138575 0.13400742246439 0.75697969502265 0.32656999735256 0.87646335299484 0.18764438100642 0.05828220833925 0.58976599169124 0.81124368380144 0.20662109129124 0.75789817291675 0.44232050276947 0.50128084488775 0.42093730264503 0.72808250709448 0.76272401256750 0.04077243218123 0.98483076330753 0.87276048800736 0.90634833842395 0.64032724961242 0.85847718597472 0.57971986091798 0.22776364076631 0.30479056040720 0.27869813746119 0.80173133828174 0.32897010358409 0.24653646367076 0.00409019009089 0.44512614393486 0.36467934450658 0.97874066464871 0.98156514167707 0.37407509501118 0.61813838167455 0.66850043919941 0.36911747761742 0.35194540363941 0.94732968419466 0.80569778949442 0.79446496793809 0.64363282045940 0.83105318447140 0.75959383266914 0.58637541045841 0.72401981735804 0.25927639511727 0.26361339214167 0.83016903287191 0.81217296622251 0.08324476162390 0.97864465647186 0.66159313965055 0.86215274080019 0.63936710741956 0.87494289178935 0.69673853006717 0.19026534133927 0.32260617490217 0.46564756432207 0.80754350939042 0.50847709540476 0.32761028883989 0.65760650593919 0.36700899183119 0.13588567146667 0.19892403887287 0.93729142781582 0.17586016066856 0.66695705710108 0.72908868096804 0.95269463181268 0.84402074277470 0.40368515925988 0.33469403839424 0.86415384001894 0.84127288873083 0.53947623994146 0.33956737380472 0.60533675850921 0.48879020897762 0.38864823422642 0.97054086328418 0.48045532962853 0.23712164952748 0.71137563184149 0.06281869197548 0.30615855777473 0.40665398422493 0.53379596356330 0.53051416529345 0.63440720100821 0.37629837427425 0.83211178290500 0.61273152852730 0.95554561654955 0.09454319391434 0.63450869012961 0.47646204681386 0.80333898103874 0.11922476349963 0.40841576514425 0.57560541830248 0.77332105596257 0.87577609243033 0.71819269313043 0.34141630207970 0.97188282792144 0.98084913691365 0.47292326857572 0.58417983363153 0.32598769157203 0.46815558156158 0.22417006989155 0.84922603991453 0.54768223365675 0.96202986422798 0.05680021545772 0.61454457646105 0.51510173360949 0.82120037053170 0.58574999880064 0.14990910729463 0.53556368029699 0.79497967739756 0.94387469752369 0.93480554499723 0.67943782555759 0.23898666064330 0.65595279276326 0.68248222173965 0.20680338743925 0.20695642081344 0.64977913202606 0.30862383392253 0.82430714742965 0.00059069559585 0.14953409077850 0.50947023182900 0.42073737944746 0.19854771154242 0.37318330114393 0.49135721841695 0.38818718950053 0.45115374965148 0.04782133150764 0.83199439696343 0.43563595422674 0.84815339571925 0.51922257819671 0.11519941504273 0.86311932887468 0.43769734172969 0.22708985574821 0.32739824551366 0.38467179513433 0.07182595235091 0.78238867110966 0.26818162742095 0.36118241284330 0.10084539842563 0.02040987081615 0.51911023894759 0.15550108006021 0.12905323261162 0.53270623019897 0.40110967389368 0.82757678236079 0.47893386907759 0.62466147618361 0.77318515392249 0.96422592549143 0.66852531317714 0.57128288485835 0.56577076194133 0.66355008220137 0.67930985753707 0.59542839368126 0.09548194461252 0.27916392568836 0.02827843887881 0.13695968170148 0.95315427376176 0.54806590049562 0.42262551096978 0.75459670131944 0.40458144181501 0.71392364968151 0.61507025040873
0.60315917402988 0.83644847641337 0.69959486858631 0.50594610739018 0.22322673572520 0.47557828459830 0.55526821190525 0.74852307414370 0.01239565556350 0.59907989058840 0.90571709643521 0.14110607049650 0.47833977958189 0.11392156266655 0.52856286335831 0.50555654631247 0.85660710148309 0.69752992841516 0.09880739814918 0.31372490108268 0.94872907587852 0.11104614826018 0.25547530731676 0.21244811648613 0.82500819973376 0.29709477702505 0.27732958578399 0.10609036903292 0.88559154296181 0.39630857610496 0.68451087015169 0.36096891165673 0.09554837541723 0.88967575990643 0.51297320279738 0.93196292292271 0.45808028761776 0.91708037253180 0.44682129246387 0.19462318360992 0.68922632026425 0.92578309653982 0.44121331210756 0.33467289498491 0.06029735640741 0.61690959832717 0.98597236192217 0.56531918115088 0.74575333273433 0.62061349939797 0.95047243086794 0.26001550971683 0.00272768087405 0.77391219839134 0.32872157694072 0.56957385606147 0.42106318595333 0.22423093016080 0.46549600805299 0.28262951526683 0.67272222528381 0.12241580792510 0.05663761313026 0.63441771914898 0.01539722106317 0.59477678293006 0.41302691154648 0.20189258428708 0.78922081508539 0.09360243762799 0.06873227677907 0.67406935693453 0.35363439349385 0.00157764600448 0.67309727175356 0.36171842523886 0.53362376592820 0.95732848988542 0.43884521340369 0.44406715382291 0.24496308908646 0.28005163504901 0.96721263247785 0.03801166104451 0.18864554228460 0.81250646972077 0.57490386137601 0.98778750200863 0.91344122651627 0.53226521115652 0.68664069918662 0.13101141049913 0.27796276689918 0.25433309963461 0.14601960074774 0.45821629881499 0.61385652789099 0.07995938641927 0.26588522675413 0.60447063041103 0.44961475390374 0.80493428059462 0.82194194442682 0.13337050228734 0.50310241415096 0.32598649290949 0.01588894434053 0.02327124273452 0.86994163219583 0.11742152226850 0.49636050334243 0.54480084945865 0.70370460281747 0.78364061324487 0.00735664300611 0.80839026883633 0.10519680300404 0.43967560682240 0.97937451397168 0.87082494052250 0.69112177550863 0.94879761365741 0.82877177583145 0.09909495189006 0.62443468892829 0.35916412191767 0.55309523591594 0.43044137218182 0.22879889911141 0.86046662064918 0.19843636478874 0.47750853889297 0.31054982786320 0.26993986100881 0.60050571440125 0.87978090711925 0.56964991409534 0.07824686975188 0.70383966540952 0.89143241644073 0.84794273808187 0.81209297085401 0.49696554906285 0.21055589387794 0.54169872932610 0.25357811718657 0.40847418376561 0.65697092324808 0.22079551440687 0.43522940096124 0.38109126795027 0.25315515643005 0.11348602968218 0.50367730160701 0.22186949884599 0.79850762130293 0.67095853520752 0.94368750463490 0.20494418787828 0.39719049458950 0.58441185897766 0.03567200911683 0.64013151671548 0.10886439321005 0.19562715084898 0.11856768932570 0.55585647471755 0.47825758217091 0.89812475018351 0.96278129958852 0.23462850028945 0.53413196362169 0.22490648058757 0.94564712083067 0.19238686037422 0.65120365404771 0.03160399866883 0.93751910590139 0.81645135929935 0.10071066719031 0.91682388777023 0.64098836316359 0.01957758319449 0.43014348890116 0.28877498358395 0.03088420460217 0.11733809573349 0.82635948575671 0.55472508073175 0.49375344515897 0.70216617156812 0.78183753332153 0.41046841983014 0.71359092457519 0.85532988689526 0.22437260922709 0.04645236236787 0.68792172916898 0.84687256279788 0.11957078898127
0.92157945751200 0.08052099832917 0.13781928774933 0.65992767651368 0.42103506526756 0.63215816881066 0.09539339765238 0.63516685632484 0.21013554767172 0.70630623358422 0.29816058054844 0.62924945071795 0.07826410958524 0.93636734243913 0.31764152247185 0.29989391515033 0.59929419548980 0.07887693875055 0.90266719685800 0.93331454342449 0.47605640123757 0.29526987166153 0.01958121117449 0.55580956777007 0.22797266257388 0.37056756953840 0.78967801326134 0.77955812852629 0.41006428422836 0.34166230385376 0.59109285841893 0.07989154824502 0.72944595514244 0.83642398420852 0.12621407739677 0.83838650335346 0.46255846556323 0.55617446610202 0.82545661678755 0.02878756046782 0.81219115015519 0.53006072460799 0.02631045032524 0.41398483930257 0.52287747144041 0.19496998522028 0.92497939149204 0.71187273044463 0.88439761674277 0.38967845871270 0.03892336379667 0.72101472919127 0.51360640707475 0.80918556888825 0.73473347130193 0.28582460630420 0.55568573145997 0.40023808357814 0.28887368898356 0.08641603571893 0.57114021411113 0.95483499986053 0.00119490512732 0.19260281909338 0.49501622274734 0.24058229174336 0.59045514367425 0.75711887344951 0.85248151656013 0.26253384443779 0.88775838867187 0.27362913789454 0.24686158408140 0.00408282714278 0.22342070349847 0.11142636750222 0.46239445517256 0.51691804573877 0.39156035389571 0.74826976481331 0.89333910596998 0.80698988370914 0.45077824981140 0.48371921268049 0.78827157048336 0.44792371631046 0.14962758409917 0.72288484399788 0.49410999439440 0.19976531964538 0.90973880256503 0.28258527454779 0.98951466471043 0.27013056668380 0.53941236224891 0.06423361312849 0.83280932817955 0.04800775490146 0.19138107114159 0.25274574614424 0.44086892668679 0.62900549523453 0.61107335987662 0.66434745738219 0.76459428959269 0.95598030407069 0.44169076704517 0.59933399078353 0.72277676503026 0.12992153960746 0.20424219003025 0.88151822515822 0.28825905317502 0.86945897652856 0.59390153920421 0.27532442140657 0.56047558642797 0.16708340849601 0.12471418129683 0.49164229797922 0.44817087635011 0.86114860482577 0.46313609828660 0.65834864729297 0.66856408895182 0.74273530222660 0.36716285460186 0.49142920437502 0.11227688257160 0.10957979739938 0.96724537241558 0.48785945492590 0.30369305655456 0.39537897591080 0.26378207784062 0.38741960493288 0.02886181161925 0.80682208060492 0.76078259103286 0.88500469177615 0.12426088178524 0.06294524202198 0.62962519763106 0.46053785389691 0.07288754371505 0.97882619346344 0.16389111472275 0.53974209969533 0.82395590411341 0.48152293844939 0.55992737949262 0.41751727449451 0.11953201865208 0.29024554733234 0.78075403396182 0.77968442910030 0.76709259461848 0.17766894482621 0.80573418095457 0.98434349691787 0.22725819986832 0.61846301123282 0.33011648255989 0.49103424123864 0.03590932574699 0.68651878713290 0.10608834489887 0.64024303416828 0.98886537977426 0.99324024188068 0.99091573442423 0.33118230634354 0.52129396939931 0.94647077501939 0.34882380999353 0.27054353520030 0.75249441990618 0.75948690618181 0.76776029824894 0.70169120811092 0.00884345927739 0.86538207937396 0.98466138208638 0.84793464736605 0.49591161575144 0.02737370963748 0.31851568410297 0.54826713289563 0.31145793777962 0.65966376437491 0.47328554285633 0.94539582906262 0.83203593911568 0.40570427145034 0.06737628609357 0.66044219880167 0.31157698533833 0.78560958620247 0.28225819182804 0.84729977472452
0.90963626786215 0.84831342336223 0.12410633540810 0.94841737557690 0.73345749958298 0.36561194728921 0.35747053509367 0.33064425083331 0.66666957845874 0.20606763043957 0.46079113761747 0.67284882114043 0.75446340916258 0.38490462520304 0.63999909845384 0.27215576107569 0.20914997074125 0.29250026133983 0.97144479044586 0.02567864638788 0.87704532555268 0.83574824361820 0.23213745719521 0.96114991711891 0.57229673123911 0.20381467470222 0.78633640978330 0.53623342167911 0.81177765634299 0.64788668990504 0.21885281276143 0.48997649629342 0.35196091968813 0.43589832047935 0.62696590615911 0.60879526810748 0.29007741043647 0.10956468984732 0.28449654464128 0.29828603391856 0.71156969383447 0.80048567842857 0.72929333460845 0.75516495353273 0.53796881477651 0.53338802373303 0.81749510722589 0.42585233461429 0.30309574481903 0.60084506940229 0.79713390174243 0.07724657619688 0.14920983962870 0.49259470143973 0.93415872304167 0.55649183698719 0.83507351559469 0.73977234030184 0.81157349191976 0.76147033491681 0.66458395630241 0.90832103011308 0.92567289408562 0.08046100110266 0.70061542131725 0.49194418554582 0.07387859325916 0.20642286172012 0.07848713650708 0.30843662076664 0.66640938966963 0.22037330353927 0.97372412863544 0.82651879663815 0.13214848346146 0.44363198406450 0.32445918748560 0.82492718553324 0.87092331211329 0.04138996656844 0.71715136133988 0.09701239244919 0.09385589909583 0.51255161412930 0.10453392812966 0.86634842812565 0.26279178276823 0.80862803966837 0.04085289830685 0.53549814905126 0.67490518065111 0.46375619054126 0.77358440394206 0.22087951562832 0.11836906878442 0.73578440768750 0.84176007786157 0.94658037669781 0.95316664222711 0.57504618246056 0.79651675456694 0.41168341842486 0.35621504764667 0.87503321697006 0.34903273779713 0.01815323067992 0.89305687180757 0.16430775372145 0.05598387038252 0.29424656396995 0.25309259708140 0.06767771587590 0.25781694956633 0.45716832623028 0.60242053338505 0.68368577046167 0.62410705757691 0.71341935474363 0.79167118135310 0.42832194308592 0.00206951297237 0.84283313412144 0.54566845494988 0.96606894288597 0.95592461449064 0.12517827489919 0.84615097199222 0.25486521733506 0.57773904364540 0.84840718912457 0.61320224730167 0.98076081956022 0.72603164152255 0.04250767355084 0.27177300409170 0.89228210852953 0.94552321895610 0.67070124428745 0.65363871142684 0.01855917778029 0.68951121555703 0.38194065243509 0.39764042050022 0.80980696844254 0.95786109523285 0.10254218800358 0.71754699346309 0.78694443122379 0.87043105850201 0.86574554899930 0.09659703883201 0.91855664245354 0.76555656952232 0.81146977711799 0.10404311420865 0.34416670031499 0.08321706247728 0.12690558662144 0.10656728846666 0.96431463928503 0.84802219653940 0.12592475660137 0.43360462537152 0.90507818612544 0.78695172408598 0.08439773479478 0.42240232301808 0.53032395487679 0.36185143698886 0.26181543305000 0.10189389726334 0.26307888521970 0.44339840758384 0.93116189126391 0.66333155012909 0.56557021493813 0.02459947882398 0.21659620955856 0.46999509506980 0.90585863416872 0.72324019888527 0.40749730793521 0.83780696416600 0.46554848819263 0.95804494435395 0.48891711406253 0.64247628229507 0.16778171196303 0.05466427999552 0.50812949608858 0.74936469408372 0.50688211019179 0.60877990744906 0.85078025196867 0.46012637093191 0.46237696952177 0.12124753350474 0.05659762763083 0.45681230342542 0.48888258831650
0.64192843323670 0.38112344890033 0.21378098037686 0.35925641929837 0.00707719063431 0.01450629949059 0.91079445352352 0.65108507338593 0.01448858197399 0.74078550574998 0.51587287931276 0.83810949832078 0.91548431394200 0.23615880730088 0.48964100120173 0.50192987568865 0.25368815122807 0.87375435088110 0.83039451739957 0.25994109476826 0.74506622685781 0.59744402200710 0.70862817028393 0.62738049118968 0.58758143183124 0.22899512258010 0.53630589455735 0.96428590212000 0.44694021582541 0.66127513862679 0.90521812790682 0.00466030101200 0.86665140242472 0.08260646846452 0.44311882849141 0.29475604585154 0.39365620438672 0.25336582077975 0.29083489972337 0.38576672752965 0.70534081165780 0.13710520295484 0.12335038612227 0.09961231435931 0.70403730000934 0.58547898624985 0.07774741173967 0.38535746875928 0.13895246691221 0.16360877516333 0.90158155880261 0.65230319623801 0.11790439471061 0.06241586715566 0.78377650542383 0.31543253486004 0.09466069415731 0.39428924946221 0.21920543931309 0.82176715119710 0.99911686808485 0.76499935766223 0.92689387976704 0.74446019045694 0.00495802841197 0.25039462571815 0.08843825585934 0.04969326816546 0.92151376393462 0.09668544819331 0.22130091065713 0.37578983168786 0.46521052810742 0.02342605517591 0.22623764995883 0.00985469571583 0.83843206959363 0.37244822457995 0.89865715379292 0.22362071734576 0.19521619983929 0.05515377139216 0.67847054873570 0.11045030769859 0.40574170831974 0.75486956391589 0.14781247232286 0.67149341444155 0.45830970841333 0.77520317137515 0.66434051955489 0.28143888761435 0.25011988449410 0.25501250789664 0.22796781654841 0.22280979355582 0.68949134483724 0.01639168091419 0.02515806590379 0.08827052879923 0.80611035418054 0.62858351098219 0.91532005541972 0.69279179943121 0.37957394562834 0.36099950943073 0.77352018977133 0.02904942598825 0.37621717273190 0.00621439870362 0.65042088099288 0.03296904276732 0.63326959422770 0.41067718722135 0.83253931870767 0.98720729983237 0.37649390852789 0.05166278552297 0.97733193982977 0.65583851938594 0.37368034922497 0.64248685673421 0.81614940006913 0.57435898602283 0.12538400334337 0.30115803502735 0.85341768764638 0.19089420442183 0.20192243692700 0.30023423338655 0.11078805075457 0.42563554432702 0.51719013588391 0.44342830994366 0.80159669017372 0.51361058201940 0.27803054790890 0.61991983322246 0.31172109278639 0.63058295559028 0.00577193437927 0.89940599901977 0.99080072427930 0.12522926872790 0.83874039718242 0.85268384324358 0.44274259856513 0.92262534589966 0.05404458039888 0.85426719688738 0.70481598309351 0.36278850232680 0.26818979038262 0.28392076622208 0.63598394190956 0.29518302667061 0.39503826995053 0.03085123828827 0.37528250434558 0.69392155526973 0.98929259134072 0.69545590487564 0.62166467305977 0.32337346523726 0.07634228979657 0.72450039685292 0.95156139998433 0.80401461280080 0.13189021114540 0.35422782811996 0.06416196718135 0.81707233143344 0.07190583175478 0.79865526712139 0.53081668243877 0.31413522010450 0.25769979149082 0.72322726902034 0.34632112664546 0.79858711362454 0.89644281395711 0.62568194242957 0.57654567347455 0.29574462993763 0.35948581168958 0.39029776614515 0.48743098657435 0.36590884512678 0.67735515469022 0.92889993589718 0.08060169979759 0.73256389664790 0.21487663644897 0.68245008376651 0.32434873452581 0.42556919074098 0.97753919979340 0.01460464894541 0.60917063833935 0.76615841168470
0.25402465880007 0.98276760908490 0.63489022653992 0.32220854372187 0.76040358664331 0.77449006302268 0.05182759419468 0.69947533388373 0.76660297715740 0.05827441250661 0.51271186163114 0.40337025494069 0.52835836033891 0.73130199291875 0.48915278709086 0.24388718154786 0.65492086709950 0.81228950332806 0.97631489444604 0.09595394574390 0.17261767678578 0.65856670599921 0.78577380583279 0.13870869155667 0.09193786441520 0.47975096163176 0.84663490246623 0.64562027134726 0.57197796740679 0.93670731829179 0.70937353868618 0.55775303130812 0.51571286447109 0.23004149180219 0.33444460849453 0.18926240623133 0.33704511124345 0.91722275058394 0.16836316570825 0.98333184273939 0.01966749690880 0.67343753032858 0.21748292576871 0.00061935881575 0.49133059899995 0.99920960585742 0.43194299898928 0.12318054720175 0.61461180116599 0.47547302313984 0.04109002514511 0.42529620880227 0.73873541497600 0.74188871298618 0.85276444579380 0.53613570737692 0.56872793528155 0.62957544009058 0.34163494569827 0.50532157748397 0.90861591806761 0.74876434851977 0.11613571373750 0.11029548819732 0.12529045991021 0.99305819439448 0.23591592662411 0.52037366320990 0.76776531997424 0.02831260154405 0.61522329899479 0.60485421013036 0.55616008325119 0.51130102536496 0.02717597240193 0.69709664755489 0.59543260131748 0.14255755873447 0.80586951026071 0.07899386717115 0.29934228685827 0.04019565473970 0.80646168006043 0.61992704299117 0.91258658089276 0.99266760446305 0.49214849879759 0.94154434059883 0.68753621464892 0.01695421377885 0.94987272080672 0.93435060209480 0.57905172428390 0.55965951513901 0.48329338721584 0.64180014766575 0.71805384503508 0.25734600194552 0.98979079373495 0.89468660461400 0.96189719516250 0.11762151548905 0.72963117557422 0.21767702228532 0.70710398413334 0.72820097151903 0.15832457935673 0.10615374076326 0.90357165462137 0.97825638695105 0.53804015310301 0.61745013434709 0.33709320511714 0.33861831050443 0.47476166313353 0.91529094688857 0.68721352448362 0.95899319604606 0.27818866604244 0.30656345060191 0.51813245558883 0.56541433033834 0.82265141395335 0.70062968914458 0.07338740670980 0.85275993012643 0.45801988794666 0.36163782621066 0.64442924517295 0.95895015882277 0.96805432325948 0.38698063578268 0.30748933451103 0.09770009078180 0.80384700219339 0.20579623779382 0.40455114766711 0.56501032103634 0.56246941842688 0.80666208828127 0.22497215646164 0.36745791285872 0.85986867457525 0.25235988031430 0.76974054947952 0.69802734328984 0.02955794426259 0.74162207741228 0.31248547584794 0.23385625690299 0.26116350355295 0.39870823572126 0.74154048478491 0.74714365718152 0.96494729960760 0.67253418212705 0.21853281718355 0.90448722472831 0.96814724357798 0.34949467004090 0.87108013760048 0.62050335720156 0.49734454859195 0.42265196504221 0.73221234549791 0.26909947495033 0.19530021738855 0.04986882754051 0.74003946232892 0.31182233054682 0.36659601175055 0.25955489814117 0.10787206834789 0.82070116756185 0.79804163115132 0.43008235925718 0.24060613486613 0.44927856096170 0.09468696653915 0.42609182768927 0.46646106119331 0.54145775582860 0.52439263088389 0.16768729557063 0.85544766923864 0.88843647933010 0.94383387410763 0.41518372629566 0.26692066033401 0.69525334105272 0.61140891836084 0.51114839539008 0.63902565248291 0.78601722292969 0.49439368020457 0.07568979577246 0.87150159858827 0.10338288718877 0.90965091463055 0.38289867926814
0.44197686818743 0.47636571150798 0.08815994956281 0.72529792176686 0.85324546665321 0.30207030742679 0.20716972570017 0.72346219071267 0.36994392561993 0.09216005581883 0.19636791694527 0.88230931155040 0.58913935784529 0.24395408376449 0.67608816704039 0.27125325915950 0.21486467411636 0.20374208990445 0.53493797444557 0.68157868643060 0.16290439139941 0.48274395344624 0.76486678971848 0.30907968637224 0.71754943521156 0.43384041223000 0.77520613944512 0.02924680313007 0.91159545706827 0.28359368104551 0.84814732950865 0.86573360624046 0.34740059804979 0.10532110446343 0.50168895620145 0.90349174552068 0.68957808160439 0.72316688428696 0.39569333681709 0.25183437800667 0.09467548996347 0.66411679790964 0.49381810421972 0.01025027687051 0.15705097096502 0.70183725432647 0.79502855656833 0.46410729351520 0.21937006046889 0.18226404830041 0.64805825228992 0.72308730237738 0.23354885203385 0.81011931702638 0.00077641384282 0.33014461100843 0.52052479529126 0.71914143004092 0.09492296320253 0.09230807878087 0.04952167758004 0.16671069521745 0.15693847879503 0.47041341478416 0.31429035794465 0.82516154876931 0.85105856638836 0.22990663106816 0.64478288724547 0.45219260780686 0.07251336927795 0.42058057529850 0.81914532952047 0.39034243706693 0.68131961113911 0.38658438985770 0.30585801578857 0.24389922282388 0.99326863560498 0.71746462825242 0.98032564564103 0.06519609946545 0.38944087328165 0.37812888432319 0.01894550449670 0.34143579730553 0.99621726711891 0.04802799920681 0.57138514450690 0.67223095246072 0.90836976986699 0.12279757201719 0.73861668912873 0.22199807223085 0.32916388217367 0.47222229283613 0.01349741829181 0.46324890762959 0.50956502815128 0.74334909450413 0.52996172262282 0.54307195193113 0.64087864016328 0.93969091597256 0.81926271979731 0.83537761464568 0.72957943909874 0.94460515667303 0.15178370345762 0.16286818702604 0.12906628707627 0.56081575690802 0.00161495759815 0.08725391519858 0.20592885622090 0.98379883073517 0.88101644295435 0.68201082356487 0.34479744214174 0.80668821101061 0.88061243722690 0.33428773719191 0.83059058974080 0.36183819189629 0.18614846289814 0.10012312992041 0.17737729181972 0.09224072445452 0.13925287879745 0.48268797953288 0.75608976471146 0.39469235605832 0.97664421126618 0.00381524632460 0.91359784748903 0.70308510075688 0.39373886691533 0.69061600803420 0.56621009706063 0.61599494178869 0.94432729083593 0.88750727814256 0.90427686908435 0.40219318382393 0.17373343107375 0.20094589326460 0.20651495353021 0.48505666567456 0.98288508226317 0.81526990643323 0.15215196871754 0.12647965869877 0.26365457969137 0.01965963181048 0.46756081324562 0.05401218945396 0.20113777374686 0.66716513324627 0.05652636484849 0.10375880731911 0.93584644017659 0.23238286708508 0.58602348294738 0.23577599956195 0.91268065625410 0.75484160239797 0.02863516083699 0.69559357454166 0.47655333927480 0.57442915094196 0.19420569152467 0.90097060370134 0.95438890976313 0.94675866938154 0.93578832821780 0.50736689103169 0.99649764415399 0.58471812377476 0.22425747234611 0.76183300585061 0.82678054230293 0.74654637797769 0.48323469585077 0.95534183841180 0.19036024877996 0.38153759270610 0.93331604109235 0.85084841381085 0.67562276819966 0.83533789607865 0.55640214985230 0.31986164341623 0.22555123456956 0.70731957901451 0.70689931068327 0.92601069260853 0.46041322415272 0.26734481445191 0.34430312965004 0.99009555045556
0.08852311095798 0.51378354677982 0.68084444609491 0.00878209416300 0.90922416572559 0.41780928829406 0.33198556587971 0.02240724304562 0.06113777893275 0.62089242092931 0.72105078859226 0.19988986845823 0.98594569841463 0.79715840648241 0.24331519994582 0.83233305275572 0.33184881211170 0.51968236522879 0.09085304558050 0.26348529876643 0.08158592016539 0.68824076451001 0.80883105741957 0.07954413509397 0.43555900054807 0.16168694606994 0.91991517081212 0.01876883225015 0.47459637651041 0.19679792428359 0.50309719842744 0.30618826597673 0.59438791052454 0.16732477801421 0.14574002195646 0.15210574050782 0.10107248513135 0.62826692989020 0.32544182258497 0.11784087303801 0.43140449965576 0.16682853617165 0.81963564876327 0.03373558674226 0.63773103054101 0.44023033296079 0.92045435879910 0.51625198566180 0.46891150968600 0.30941758286092 0.76056270446620 0.96596837130650 0.94513007307277 0.17039921010733 0.16214990205640 0.75837647373013 0.50589418364932 0.06847145528602 0.56294560244072 0.82295968223492 0.66738618131212 0.78312542070108 0.13404031209152 0.16553560696785 0.86704519669501 0.34751314697976 0.38318129382345 0.68987103105920 0.89934084288708 0.61732415038421 0.59999506217763 0.02912021596467 0.61390708733098 0.62699122722043 0.02332924786820 0.59973861114652 0.93084236310422 0.05689465177265 0.55202841947288 0.36630855234658 0.10818195276247 0.20267942120264 0.81789329030810 0.47513948375405 0.62649716879020 0.47588727311352 0.96578340810762 0.17831201412250 0.77031894722183 0.94917724577537 0.27319534470799 0.58499440951618 0.37418594173897 0.58735612313934 0.72824021677140 0.37103461790764 0.25690293622140 0.53265697454017 0.89972913702268 0.81108101216015 0.71654709436468 0.47984025600318 0.23188707813783 0.03367294978994 0.87606324436882 0.77011659007290 0.63191386061416 0.92984771704567 0.99756703958871 0.90480535090747 0.31170521806132 0.76820506056513 0.31271311031293 0.89259030811955 0.16716943198097 0.75982548068165 0.82492075190839 0.08314576941695 0.58113234634339 0.11934563410995 0.64954656937887 0.92954440798635 0.62083173716255 0.11790928976435 0.78033308816643 0.35825317047955 0.46068821970351 0.32903471650828 0.03577766066996 0.47089989300950 0.31086144616774 0.02611916110968 0.14989663969662 0.40670213894084 0.10273954590413 0.01437585279430 0.32028813546610 0.02594756976813 0.40229875263117 0.13752693796809 0.29103432457478 0.81810704250850 0.52338396204790 0.44941380669089 0.16471861339418 0.48993970429283 0.08179811165747 0.65472467011036 0.30518743188912 0.35086615599739 0.52114986896284 0.65535815650013 0.03245893900181 0.18427520795065 0.79716437714930 0.38281525390818 0.81526820630058 0.16097506355954 0.06790790955753 0.88261159041376 0.72970182549531 0.19029370487103 0.61114629468189 0.47202017877824 0.87221135223829 0.53151924856780 0.78906781340909 0.03129038953269 0.12025162215613 0.74310371705549 0.64016851571647 0.78785352098107 0.81723555357790 0.32574102567418 0.36769259510923 0.29135458865307 0.96852172875028 0.78557181409800 0.03036336654993 0.54583574620940 0.92411640844196 0.26759677393464 0.84621705567284 0.14406353566820 0.20168658678237 0.31749531227320 0.69324784092744 0.89942476295738 0.79748527196084 0.16799817883786 0.73531768791969 0.10787011407097 0.45004406397364 0.70877274029575 0.12277450844555 0.22702379162456 0.41013512253233 0.48164158790340 0.89454044442471 0.12463900527664
0.97650288068140 0.98550661539544 0.49948714820547 0.81056955575119 0.77892160984434 0.17578407595630 0.63772978507999 0.23321933424553 0.36771286962643 0.86930789212124 0.22998720237439 0.51814759245551 0.24321246052464 0.07943973792269 0.25862256537021 0.60306622340201 0.42175706046132 0.67019901781304 0.75333106928911 0.73945393952187 0.13209567320378 0.73354294635120 0.57504132167374 0.89879578160184 0.68905960769362 0.80457698452889 0.81357136381421 0.75310399693534 0.98864620285912 0.34359532963480 0.13820524157777 0.27528421193830 0.92604691754450 0.80381682092772 0.95776056271449 0.38020918293843 0.01982615869949 0.34211338169639 0.56714738345109 0.35885196780691 0.51283774798867 0.04473128894364 0.87685142069744 0.89017883797512 0.68526887670633 0.46441849647417 0.93852232573238 0.57570904967528 0.91547651432867 0.47570396351768 0.30102983311702 0.30442518085553 0.38302699774436 0.37977243681825 0.89905949354131 0.47296946598902 0.50134710408729 0.89035688006629 0.85095782857692 0.23357499193083 0.74574540809195 0.12626274240711 0.10249798069368 0.62599508271260 0.27317283425313 0.72241487100184 0.24229026308978 0.18611820381460 0.37884600364350 0.63546557289008 0.12968124758058 0.82048500067511 0.17184914169355 0.25136505881915 0.59171822726201 0.42460874739610 0.11678521806335 0.70599778889928 0.31404511187531 0.42835574983179 0.15356771085251 0.10462846189224 0.46448398588457 0.82946047681892 0.11541786986781 0.44661859696850 0.82150195108329 0.54259251268620 0.68071619171080 0.63196489711100 0.69609297419340 0.85293940706871 0.29228774339085 0.62469986646550 0.20258205157996 0.50974019976267 0.27773559584131 0.57919417976450 0.42700623110753 0.15508158678067 0.81492277613352 0.53966267832969 0.79596827922268 0.57654695299237 0.88923798255484 0.95803813483564 0.01166661299630 0.84260772404181 0.62260384810958 0.97473520758283 0.96541777479865 0.41427828683403 0.18153321248807 0.18590326349765 0.62197211791676 0.49957402080624 0.72070605620851 0.85005232998604 0.36494506355288 0.55949871134109 0.04305811580997 0.29326570411561 0.96575025404380 0.88903770897250 0.83956817587392 0.74307109097879 0.59554134031031 0.76693079267896 0.63611069722759 0.32556319136151 0.46409107980451 0.61386801129694 0.19948481818130 0.48517236391648 0.17596234103972 0.44958923500650 0.47651782934127 0.63545442025888 0.83378454203903 0.27634320615059 0.82987456866596 0.58191124207262 0.52698321767325 0.54872318520480 0.15771084854956 0.98190785546806 0.96842698359679 0.52588456037576 0.88388904496400 0.72101581225943 0.94726529360855 0.78246960935955 0.94135229489998 0.93979367037816 0.98188232296040 0.57073077202621 0.54885695932320 0.28410648635646 0.91380034739106 0.26131458228545 0.33941002641491 0.64988523922759 0.77758522758630 0.11516613668912 0.66191742658219 0.02231737259321 0.45875676334469 0.32029406380362 0.06106431710534 0.05925392331750 0.99577125178971 0.75681778484883 0.19828355935952 0.05968896563610 0.42168220247136 0.91048926557465 0.87082707310265 0.48263352362167 0.92785657280170 0.46784680109827 0.84906495603585 0.23930493283259 0.11661744738122 0.03018959079210 0.12234365351686 0.60222862804256 0.82630791462926 0.75307729408895 0.98600137674255 0.83980657638029 0.42577499365773 0.32038888015370 0.50344111871777 0.21866497815581 0.04889254397336 0.97970718113361 0.46703699819581 0.25247035016588 0.91506571527107 0.55106883513301
0.64887773131417 0.35078508849066 0.45343635899523 0.96701723746184 0.59903907750528 0.07324239286347 0.97369536134152 0.02836584536947 0.15214646839865 0.85281367289878 0.04202760245883 0.18399124182594 0.19912062397558 0.34630994733120 0.29286544829735 0.93533214649045 0.59018451376480 0.87836361907452 0.89751541145471 0.36635833302569 0.14725635313302 0.17565602775643 0.03024297435538 0.00181727169013 0.22745646969824 0.55460733129844 0.59765063809353 0.85672379604195 0.47532769942005 0.82461676236152 0.60968548495118 0.23416712651972 0.63804994986126 0.88555297423441 0.24773799324700 0.59363061959846 0.16207435219335 0.84082978132961 0.20166902353804 0.25307364826456 0.15147288900889 0.42935891221380 0.39760261549208 0.17437547613165 0.71226813216311 0.56280934260980 0.21516974307925 0.64182184528845 0.35428317931067 0.07451538509309 0.48691810359710 0.51100485698952 0.52354043876140 0.70418155029478 0.73141977420182 0.74991467865081 0.29416746284324 0.38498852070706 0.43914967781741 0.94220597010778 0.53697178665083 0.61039530608873 0.86040560256193 0.13213980570416 0.67273973700494 0.64864623916678 0.25747393000173 0.04509995061923 0.77039055277942 0.64004405812162 0.33475552734900 0.73957357243050 0.80822312228108 0.14478740680449 0.10956351885851 0.51262016633758 0.11201641899480 0.61949574861048 0.80134811235561 0.16013895233625 0.29927014722969 0.17655349108687 0.21739019686729 0.14393489758271 0.16423656786136 0.51734700545529 0.22554469243934 0.20791019717505 0.28231343458292 0.45070489338592 0.69673104737754 0.36185268692520 0.79463736414594 0.25038084038445 0.52951444924082 0.59271808916092 0.39745668098541 0.70620037048870 0.86980552799401 0.48242032394335 0.25694639496928 0.41000031051811 0.96226466910675 0.83022130633893 0.10961619487964 0.82028460214952 0.54195092860938 0.81076272088501 0.10666126586936 0.06274785159272 0.27089032362276 0.49368405171334 0.57734526457897 0.94477153057663 0.34687493748194 0.47976210463374 0.23796820591899 0.88318501738176 0.36090429580458 0.28555499580235 0.39719635820335 0.07690529909756 0.15586389873543 0.10750282739082 0.12247953433881 0.17874033440264 0.41649379702340 0.79116975734943 0.22028331703650 0.90151120340037 0.82199741663016 0.66573042526756 0.04600109854198 0.13819904121564 0.75771511622348 0.25962341247731 0.30280431542079 0.24871929242734 0.16207474367637 0.65873895769344 0.01205875772535 0.50734538322207 0.60364068861906 0.19594415115103 0.40490048013359 0.74623234250212 0.51762450572650 0.74788622778187 0.47064326372868 0.76716619252762 0.25091681363987 0.12768736545790 0.88226961366770 0.42367237924976 0.70467235259047 0.40204785777443 0.59377535558419 0.99565019606212 0.46057950303474 0.34950972823292 0.95448279729536 0.10031165055593 0.00817858230166 0.63169314679266 0.54655243697671 0.69209399847320 0.89231209943906 0.85248689467440 0.28348635430405 0.02721750033935 0.21616157845454 0.23595383725587 0.36370543622291 0.02860112188949 0.50081956610761 0.15248500743965 0.33019430300827 0.82719402910111 0.45550102347591 0.94887569554734 0.09136899221070 0.68739015413608 0.37641854792301 0.18497430422323 0.10017368073972 0.59069787784783 0.58100648088792 0.21037309617226 0.09379246311097 0.74997638651117 0.47275702533117 0.57452337384978 0.25387563523060 0.98470915512105 0.60282105983929 0.55513610684414 0.71488760640319 0.91627820111979 0.83187788058578 0.55139711351077
0.07755434807508 0.90419128734790 0.51043394921837 0.75428971968740 0.63431985329577 0.36743439639523 0.53634589501675 0.32603736661587 0.52846045162513 0.24869265984782 0.41076034735759 0.72970463145877 0.94074677209039 0.96487417494304 0.93947944294978 0.20117756060824 0.03464210831371 0.16915667662059 0.44810977942342 0.36137458411428 0.66528220925857 0.86091731666868 0.27745193387501 0.92136032010220 0.35436557347768 0.52003493900661 0.22411360243286 0.29385763333614 0.96299862970038 0.21319873023034 0.35298969348517 0.86848785376497 0.88538932554090 0.15577328685042 0.76392692985978 0.92317285814214 0.46956883108223 0.09693089021401 0.53595899407787 0.53115028075223 0.79708978406056 0.41450698380101 0.68488339196518 0.23990282017561 0.97460608237787 0.29185227207026 0.46368617469507 0.83791151493357 0.63846573062883 0.80202595819287 0.63211310670795 0.58876339481579 0.91671592020241 0.93162575245803 0.18769361940545 0.08233113058610 0.02546759051526 0.83386259346065 0.98701163979005 0.35075659050788 0.46111275848463 0.18930173773790 0.75277402389059 0.81518868062903 0.27683899121545 0.34244905283670 0.42965425877104 0.39137591605512 0.61169768712210 0.56210120516055 0.32551337387217 0.00685701084950 0.94076906047954 0.07018421684970 0.39936375400852 0.16234633567385 0.25784250436234 0.04185657469857 0.57217429218240 0.70707299486791 0.76579611409228 0.99785346072619 0.42362738306151 0.47306685253682 0.56366758840680 0.20737104215481 0.99013325222720 0.33938597705085 0.81874751254434 0.02054587938232 0.68535776469216 0.55336646284448 0.74403068987605 0.88330698061931 0.97435846920889 0.93823775374940 0.46009978624081 0.15634121534499 0.18964074621863 0.38104975654764 0.24912889100194 0.56153182681990 0.74430977496566 0.34162835464084 0.05343665903366 0.45345462155177 0.56294773083792 0.04705688171701 0.48351219856167 0.05043839936772 0.31689543849224 0.95051146723001 0.96501322937586 0.45041379979253 0.48243496315535 0.04256191568256 0.49150584526838 0.27407750759022 0.31493203093903 0.76104014376619 0.88316474073547 0.01361196983713 0.48947826618396 0.61271124146138 0.32935717630766 0.51814212652772 0.26780029635757 0.13166430596827 0.32151063508988 0.69882433900630 0.94473548175113 0.10248145293007 0.19779237031218 0.06503014669041 0.25435648354922 0.91863597179460 0.97163986998672 0.67211915572567 0.25874201955990 0.21798864862949 0.26609252006005 0.22329892296850 0.39670065089251 0.26967799460935 0.05123083084417 0.42049838957281 0.56504162109150 0.65808045260368 0.41016012818192 0.76934361366511 0.60667584572005 0.31349512533383 0.48874775548274 0.85879906232778 0.35712542624813 0.65848143292775 0.16073821168095 0.32569612644234 0.26944265363829 0.07989857015590 0.09094730236585 0.30509001788763 0.60394594327636 0.10258588973529 0.46022839298925 0.88011990323794 0.89657028090123 0.83702557706836 0.90922587158996 0.53521874890947 0.52340849798027 0.82198357219851 0.02817822626645 0.75607060114704 0.32789473311097 0.98269643488738 0.79165937047781 0.25815880747364 0.58409336614100 0.68411202287436 0.75674126499800 0.35636182397373 0.87457040053497 0.36326080051604 0.55203145259577 0.96960681732098 0.26407577600314 0.40628517057744 0.46996530002342 0.15791968637075 0.93979356145518 0.33866247866949 0.09580088821436 0.40878276179430 0.38345900827282 0.31131121512662 0.62529612447749 0.38311946509315 0.59868021154795 0.09673104496099
0.70113811204385 0.88463362897649 0.20814333656436 0.08384909884879 0.29148918856921 0.97331981983867 0.47188554056860 0.52630086049579 0.02443214630730 0.12291457297011 0.03958956902519 0.02519315187718 0.60977698238706 0.76865357201065 0.67406071407747 0.93456159656538 0.48656236273753 0.17012582334335 0.21968498099790 0.29774651125649 0.00623701119539 0.46879034829740 0.32977723946128 0.58183788874949 0.84883100241254 0.94061898893332 0.12225961903875 0.07653136969959 0.53313865303698 0.58328798244196 0.35820542575122 0.67266929427385 0.18389269292815 0.38105576211602 0.40692811271110 0.64397378087710 0.52573744361379 0.00711971216510 0.08873946570979 0.55304791746532 0.99517814918808 0.10440996798009 0.29318539325934 0.40456089203343 0.30837400557129 0.46276360936323 0.90802341707962 0.53352243563073 0.08829561177922 0.55110081357502 0.01237398168851 0.06958161471619 0.70031971963875 0.11786066850530 0.35828539157582 0.66522678141163 0.85996447088709 0.22806071418821 0.04260821129208 0.54870284197384 0.92361987132484 0.95972149262366 0.95512603962701 0.37295784161762 0.67368671006582 0.13650759726221 0.67952051531269 0.51866089380530 0.38306373117338 0.82495757693784 0.84922210707062 0.35261650290953 0.63915693139016 0.37730638392202 0.92370825181397 0.64259663961101 0.86192604206493 0.01732088150032 0.92713194923144 0.71470619755080 0.62264325110511 0.96402447557364 0.14458617151773 0.94277521970726 0.67220297822159 0.63810115869322 0.68551256678729 0.84710626308639 0.35885391507433 0.02411715880170 0.99003535600872 0.58400107918534 0.28116015838506 0.07662418542689 0.63317180807129 0.23294589238002 0.28515895267693 0.00907896188317 0.82859044540906 0.98941202039712 0.20722315125541 0.09226567947256 0.81350734437325 0.69525934881908 0.15652742537587 0.66972449691445 0.09044998302419 0.80936703544523 0.85065052476441 0.20426411328411 0.04831924934915 0.22168594131432 0.97063413735967 0.39673135864154 0.56194411236632 0.27536145706734 0.94017903305298 0.11534012928233 0.50434724778446 0.26812510415824 0.26176957233135 0.64511945566292 0.72215066912311 0.57770192046386 0.55089339897453 0.61861086217233 0.71902751347058 0.71904081344085 0.82721196380810 0.33983267793019 0.93519260767322 0.64480732636318 0.05611449194720 0.95187628821339 0.39081070188272 0.41431900580494 0.77888043949992 0.58548079936916 0.64999358185893 0.61525387425939 0.05940263277186 0.08247783725062 0.35362266423528 0.57678643127650 0.00588888856338 0.25205068136214 0.71296925736407 0.70830140956091 0.72152862003584 0.29760682190951 0.62797623242367 0.73914616956546 0.93505366541302 0.07312727233543 0.94660768864021 0.17583473711974 0.97429984388757 0.74493887601030 0.31811759618282 0.39095493811697 0.35895671840804 0.18361548223579 0.29691779132690 0.18684300169077 0.45725463317775 0.78614060629372 0.99359506799396 0.02803090601220 0.37252145124545 0.00184765114036 0.51777568383862 0.45729619583509 0.84235635980484 0.47710439856158 0.39358887121506 0.73566301832996 0.75050335975841 0.70322762428919 0.66597380084498 0.82719481386839 0.02937173012980 0.43602234546065 0.96160663568916 0.73851381264669 0.91358262154613 0.41278234812310 0.71277598438024 0.05720700933835 0.30014221672908 0.03344433513977 0.15971253056501 0.26903751634977 0.22068373564074 0.35507912341545 0.28932966479921 0.22944698044715 0.59486346905633 0.97360315246406 0.58189377031811 0.10108953417853
0.50386387173914 0.30161870254960 0.00716230033395 0.79706408700171 0.22014861068328 0.28508585398085 0.00621787364366 0.77381739728762 0.09417611929160 0.72576355383190 0.72797362619313 0.51739994894079 0.89751227543500 0.32236284251324 0.00427353844914 0.93329461259695 0.62108629261193 0.49669613475806 0.18811988472943 0.56134706308126 0.38219080675727 0.98731240931483 0.97213459407725 0.50296463324603 0.52777755876012 0.91872804257692 0.88874416251250 0.42257878618725 0.48554536905716 0.28535812295318 0.42592383866068 0.24220069575781 0.65636062672376 0.43555775437754 0.60579500166462 0.18566976673434 0.39751283140511 0.65527210475488 0.04423481621155 0.91202676101023 0.46879641690271 0.16782726230853 0.66341118380989 0.23376789651650 0.44255712181221 0.25459368022246 0.70624071248175 0.56143894819924 0.34223730040793 0.76632093612920 0.39390436214519 0.03086905253150 0.30222030720593 0.61880959345053 0.96010027908191 0.98410211685325 0.48280086076935 0.09009070087619 0.49783897520499 0.77291958239229 0.59813033904176 0.39363609446081 0.13990442201166 0.31953017528839 0.47111989506776 0.05640660042147 0.77928454690707 0.49645690114922 0.35478976435022 0.33701976810375 0.33023859731252 0.78640948570188 0.93887808944882 0.97178453062009 0.09294201745654 0.06631292343141 0.01947535409791 0.99918465294304 0.33126595221969 0.72731908551401 0.90862352280511 0.49471697599537 0.37710870901188 0.13815679433402 0.09259125580226 0.10941976638105 0.30877457384477 0.72225071190748 0.81947307824405 0.54286002333562 0.21749255303708 0.90041652644538 0.01381725781141 0.53591817465434 0.22517232668551 0.97327287670120 0.11893823448368 0.63419479322496 0.00221689391671 0.38754560817224 0.08291975391981 0.45766565857590 0.23897551651968 0.12315290966659 0.07154954966535 0.63356210381455 0.96245215971731 0.59898115840221 0.24162835531367 0.73886431661630 0.00011410562434 0.67758331565498 0.29671319475755 0.61781242075149 0.73812100463158 0.35923140990500 0.43915127635889 0.31034600748848 0.20664570034221 0.51971479149834 0.24163108499602 0.65618764480924 0.43756796232623 0.95438114135560 0.44002539035243 0.20521585031421 0.16084253075838 0.51728440779454 0.50718089761296 0.81691916951035 0.89694616724763 0.00311098623190 0.83895587097982 0.78313569787148 0.27869427852783 0.38989503100365 0.46947171347902 0.79582560247322 0.72989980382923 0.34496689665942 0.16446613476225 0.70998900124952 0.79173860658458 0.53289379611993 0.58049819084632 0.63529283252038 0.14355650343920 0.47746226762441 0.22384817963538 0.34633530334605 0.64361716031274 0.27703363159142 0.09440878131327 0.41051189302530 0.10074474215946 0.81954762887977 0.08565160283603 0.69068043467680 0.09819959513149 0.72251962791654 0.11734405456217 0.22274465515336 0.94866800550256 0.32528012310259 0.10139059649908 0.36127626210684 0.92962036258997 0.11622177963246 0.57043384068109 0.88263629342889 0.34923884454799 0.69918578417289 0.50393829621927 0.09896226406744 0.13477749078774 0.34984175169897 0.28508151970278 0.68659270431062 0.19663958744333 0.21652539000038 0.90596225816724 0.93406069435558 0.08347779988478 0.93816812346629 0.80058796059559 0.59020529451722 0.80808342520869 0.01452943269529 0.82863305382783 0.29527537789810 0.32824047576144 0.77985220632294 0.65273214983176 0.95690836583409 0.20786070206796 0.59701171655607 0.89979056207886 0.67469845709508 0.39958998064376 0.25784236725493
0.40220162212230 0.61971965172445 0.57516873332972 0.30565916513511 0.14038382049140 0.73558402087694 0.70159993372106 0.42126607547746 0.13295368982490 0.33453121959465 0.07787076800511 0.14300176873153 0.84471083605312 0.82865936920437 0.65073141975802 0.17772982698622 0.68051335329659 0.73783499332623 0.49184628425783 0.76592850649992 0.53932958196257 0.92867441703270 0.05005419025647 0.37077610245206 0.88118055803680 0.19471298659202 0.41325504555603 0.70169086461652 0.76812123264468 0.67732478129502 0.44169727543129 0.09414634320116 0.81375671904141 0.76928539512281 0.53465310288610 0.03762967549565 0.70089519377660 0.35257686928592 0.22944626585479 0.00886113711085 0.71224400871028 0.43729804604349 0.42630789138215 0.68118929190106 0.80336410292476 0.28367628177922 0.92337999187836 0.22662648854690 0.59222840246596 0.71807380546523 0.79616328207790 0.92705061402542 0.15508182462704 0.13733931869709 0.04931678872699 0.81547364050530 0.94288997836981 0.46939767244965 0.77206626137911 0.40250446467672 0.58917327142203 0.92653311365890 0.01930356000188 0.29962786777333 0.84948615351769 0.30814002453517 0.81104360898125 0.44115377696898 0.00544827120660 0.81016568540145 0.01535234273612 0.57890075856394 0.20336734231900 0.60119898770894 0.91003336538297 0.81099321804655 0.83720198461367 0.48810734670149 0.80994064701297 0.83511983078403 0.76443253065780 0.81866993256540 0.76688954221461 0.39640081760485 0.93006141165387 0.90965843738595 0.69236795084664 0.40151269771236 0.83028084923064 0.48728128855103 0.51805973802529 0.23968169891833 0.03748786496064 0.99974204636627 0.75117805680837 0.37928850085023 0.39746282727347 0.00580919498431 0.72951535013245 0.53673063426219 0.92387946289762 0.59345918508376 0.49162847930457 0.32807674839953 0.99118593009861 0.88124632909074 0.99773762711072 0.84417200535324 0.57050678273060 0.56519439725126 0.85157749894273 0.83971633152960 0.34302417617197 0.71204489805934 0.42211328272135 0.24956422459996 0.49720272241768 0.06537113604501 0.30342882913675 0.01061056541909 0.15972829372007 0.77657731088785 0.16943079730671 0.70337940994116 0.77906280991606 0.12296448957173 0.73738479044255 0.55442111114349 0.29513401897081 0.13804610488091 0.07068295629525 0.18294261813510 0.64581068645105 0.03893210012844 0.30198414121837 0.21320514480431 0.11416373805232 0.31431314665594 0.74559138659657 0.46983660493942 0.98391799667656 0.15848222906760 0.74305465260700 0.98301484062171 0.35543069951155 0.60519889654104 0.54525681266068 0.86324033653524 0.09306215477433 0.64662540875283 0.80152467653459 0.35485807864659 0.14442069714812 0.24800065303908 0.40307578625627 0.56503913080156 0.77595871610351 0.10263223405216 0.26153660592099 0.71879288714765 0.18409219356671 0.73264836238221 0.09847628339586 0.67340490916564 0.00528076023541 0.79352946839037 0.80588966691007 0.46693378094452 0.90614974906769 0.87276903899129 0.51821993073623 0.50411382834294 0.42121233950022 0.37232672095143 0.07738493523628 0.21149692801494 0.67345135964999 0.90439098726332 0.55683917207543 0.04339028854706 0.03450235322372 0.64841992427740 0.54816163679706 0.92219787181237 0.57453053815944 0.77487038152414 0.75895746343965 0.94733097919452 0.00067823002071 0.80836647437576 0.62302743967232 0.90722692455094 0.03690840695177 0.42317024764347 0.37673739744951 0.74168096197535 0.03725340376977 0.40161546456336 0.15303811948683 0.93630996859561
0.46541193296540 0.94484185061955 0.53935055310444 0.64953413253147 0.28820200626843 0.76352942267210 0.79927686453226 0.22314346162501 0.38508449584186 0.23314837276906 0.56571632316881 0.25221761521741 0.36362858622770 0.75868018357631 0.41849940007828 0.51382868772647 0.21882704906823 0.03125898552637 0.96005237951820 0.90844997628310 0.97146067341498 0.19215786452001 0.35490399958434 0.24748164215552 0.85987625309614 0.62594619098034 0.09615190726708 0.49759985354649 0.83752800798874 0.65721225424569 0.26763279657291 0.13323940380619 0.30292252314071 0.86727348861054 0.94488766398324 0.33593904376794 0.53048555854656 0.63848789423951 0.65153837361601 0.50096761805058 0.00324926193573 0.45920926322797 0.71050721118664 0.93142248132827 0.12281443775936 0.58960112790829 0.21481467114496 0.04569655774781 0.41603683271316 0.89618182311692 0.74823970915836 0.48653085419486 0.31769926401369 0.52927262393247 0.07838384956365 0.55731087426099 0.39960463097579 0.98664450867478 0.56281055769255 0.22131439386889 0.36596947591683 0.88730887525645 0.77972500064775 0.18460263212388 0.27130964286012 0.17573076968334 0.60615962471655 0.90524582313325 0.27287140053314 0.71197342320843 0.47769861221717 0.01997156632280 0.49101080648614 0.26059165021463 0.74173437996139 0.31494352609428 0.67096291151678 0.02455964656016 0.78289363126022 0.46726699534172 0.45936529160137 0.16905993528313 0.51089631971001 0.43459447884591 0.95709611114873 0.52039283221844 0.23868745679300 0.38430862979862 0.97078732750667 0.26761297095539 0.34246201046689 0.36291886787002 0.00527606674171 0.70300558907941 0.21500774973759 0.77138203486958 0.41388533325428 0.07843726224970 0.20321624747561 0.20124668336831 0.52281909895395 0.81589231168769 0.56428111991994 0.58591445774342 0.33780446271846 0.30085457613611 0.20940633315942 0.84095877887384 0.48576040592542 0.28170428573909 0.92091904151459 0.51385798176566 0.53348542050588 0.07962211421658 0.03043029948494 0.79337772980653 0.50161672168813 0.29973402215692 0.84075853236093 0.58110291713454 0.80921019226881 0.12509431048641 0.46689620680805 0.66575666640468 0.80871448779474 0.47327750121815 0.20433418513871 0.24492914998589 0.94903933693527 0.63477804430580 0.44998144626408 0.04003345070428 0.56411660599101 0.83627465663207 0.48792730771807 0.30957067933166 0.91382278458959 0.46273653444975 0.84769274814182 0.65252638727687 0.22794891469797 0.21773338534881 0.03729780607552 0.16463721633628 0.51369383366679 0.18684261652710 0.91816558725305 0.86694111872432 0.41109805868043 0.64635315799900 0.65759867467930 0.23389157375877 0.59037218764433 0.00989093504510 0.20481480534960 0.36445362327997 0.99009478463096 0.09566156063470 0.35710870565341 0.11726402394367 0.09802617641992 0.53705656567950 0.85455570286409 0.28849572608932 0.13768953522565 0.92516104490072 0.17393698540964 0.69024148447574 0.89210353296894 0.45799549031951 0.81660567233695 0.24779642509640 0.91759839857663 0.53420906574962 0.98939089223680 0.62330571907544 0.74446851229630 0.60313420993271 0.49322317436841 0.41725448798274 0.74516098345679 0.11957909326811 0.35460988331550 0.58156338596897 0.12203307282167 0.84263745124110 0.68553742993457 0.70422641006639 0.24182913696530 0.89383097844347 0.40600820089006 0.64058415143881 0.10313041134500 0.25672642194144 0.40737865962235 0.61379629696107 0.64181004539446 0.28634195783333 0.39787584712129 0.01187863726509
0.56541202810321 0.49618000965382 0.66090146820242 0.53572696035624 0.22279784791014 0.60932775322036 0.03522491146430 0.90841658746256 0.26433905824412 0.01653212986942 0.22306575227522 0.63511852971946 0.17644440456421 0.84589711059336 0.31142604483241 0.48503118520559 0.26233623214375 0.82522296564200 0.85590014511364 0.01867951161360 0.43883381308029 0.54006303775462 0.45366578586099 0.09594332896701 0.57812144733699 0.70071709024702 0.45029301683164 0.16662744392648 0.44147509695115 0.16480795054203 0.23275520468136 0.90976823463278 0.13338080689380 0.91276825498313 0.30643362788875 0.24109880538823 0.13414119780596 0.09169335761119 0.17185742514611 0.26975577652246 0.24783599623534 0.53934623952334 0.88477775261542 0.46913573029439 0.92213915661808 0.50574495445865 0.08117014992454 0.52650326326465 0.88639096418035 0.13811264507489 0.58781541831771 0.03546586268632 0.12743360760034 0.66363288655132 0.17720883701224 0.11435450495762 0.35945648578086 0.55597508250729 0.51521729953031 0.18969045707805 0.93144322860213 0.80753468763412 0.95990071282490 0.58091956579549 0.31755761430389 0.47767357129629 0.34417062508564 0.45379552821038 0.94160626486102 0.27466557996204 0.43406068773442 0.36997101038906 0.25659629871781 0.01129147829708 0.90336599781457 0.69565974967511 0.09234340031571 0.21484405439149 0.20961171895573 0.38252658869520 0.65969708378428 0.22151375726468 0.28117401616101 0.02055731303411 0.44522604581117 0.19677736020293 0.07208077682146 0.54265385037678 0.74550298443861 0.06067576708984 0.83615623000299 0.11683654743682 0.33600796221453 0.52038499478459 0.52434867111134 0.87765286471543 0.03577364065511 0.25574380821326 0.78974216753069 0.82519571972413 0.12892964557843 0.70745846733834 0.67096693590291 0.59459398787811 0.26464654452200 0.47890501092059 0.88574510465237 0.30930284755792 0.98557740049714 0.36767315312131 0.73957355986307 0.62243492533972 0.27569525048855 0.92005314498325 0.06221656411491 0.52093326128564 0.85040086221429 0.33529551160271 0.66206967899224 0.99569707018024 0.34701886952725 0.43287217526347 0.55306426158146 0.91243899442276 0.58451391312838 0.32157735379087 0.50496989324444 0.98928731315643 0.69973429001056 0.25405984683722 0.03663110150312 0.51092342337732 0.57689648138206 0.43178371627122 0.10500645651535 0.32050047493079 0.22099511919199 0.28554072725069 0.86991156511429 0.47759597588071 0.25056671013806 0.91519223024493 0.04086193638612 0.09723145483208 0.31210992216848 0.69164262314018 0.14789695513767 0.60105906299477 0.50333584953091 0.55978852390442 0.34679918937070 0.56715829048678 0.17358088114387 0.32414214575040 0.58117174656716 0.19377894236028 0.47156304912069 0.99856493745357 0.30521643107893 0.18067223626762 0.25086138800220 0.51029734980636 0.75711112817977 0.18576339119206 0.69199206366060 0.58053091131303 0.84467720846047 0.94211003932555 0.13483183459601 0.45267186484201 0.19549318219047 0.69186216536876 0.21437436557491 0.53988144467932 0.53174019456857 0.60965116767101 0.18064682274852 0.69594562406726 0.75729760266547 0.54685522486030 0.51117011428823 0.87152053760587 0.28985308724635 0.71045058725357 0.57409407621965 0.39181672758963 0.83979937307954 0.80074302265601 0.46355838792685 0.52852769890179 0.04629879846815 0.50956735146418 0.54840641393128 0.00438059020311 0.65900085709505 0.88353203648097 0.25904604701457 0.86833898085230 0.66761297829439 0.26160541205649
0.15806026419262 0.56559805055459 0.34021428961557 0.52870833805807 0.81301812570770 0.27331897751846 0.03324897113255 0.96611905453620 0.67416662571028 0.88160297607053 0.89080118571127 0.59938040932280 0.53384543401745 0.43996023549889 0.38102809357134 0.93505070542041 0.61129199132410 0.35387706814129 0.26213904723558 0.28157352408147 0.81371155899093 0.37854864765338 0.26657945616751 0.24869361856529 0.58865680404891 0.16864603168427 0.88686317224044 0.78833396133932 0.41099152441288 0.23490792073039 0.84456938346503 0.45362889312266 0.71686735883625 0.93559304650741 0.08075329217610 0.21957799091610 0.31876250586660 0.13995480595617 0.60239815050036 0.63089370895308 0.27106852585015 0.50911420244023 0.65691846343460 0.91012920985562 0.44134161230071 0.19098262273009 0.47841249691795 0.55221639075482 0.68344079300130 0.36642349155660 0.86715492828881 0.56530341446628 0.22667877568159 0.12932454573096 0.24183970420083 0.31903634824374 0.19549488353798 0.06405002045838 0.82951113062984 0.10716764226534 0.64539636893656 0.92676864531323 0.48662732078232 0.28999627847818 0.00893432450763 0.04994482208404 0.13569110408498 0.51424860435072 0.94302064499219 0.78783792058898 0.63813236735377 0.50293755506474 0.55710952713184 0.24547656713777 0.02387303266678 0.82022615394981 0.11224227326623 0.45788452938602 0.12856576974178 0.48668979116660 0.80020270497091 0.38872234557192 0.28173065166175 0.17012558186391 0.47029586930669 0.06412355315477 0.05505862076922 0.80790230687429 0.14360393792521 0.25953805944991 0.96063073456118 0.18629061266503 0.79398562170249 0.44160567570484 0.00804968607711 0.10255955424443 0.92923790968735 0.99862426671709 0.27364656212959 0.89631795680915 0.40518234056894 0.46653920456331 0.92208569743309 0.16586564258399 0.95516899668218 0.75541763980650 0.16330532276971 0.91202680057193 0.89923979748901 0.24411198041279 0.35081955367465 0.44470700221942 0.75415723828878 0.02079458736706 0.78604046563571 0.36855860317705 0.18764768180433 0.98910188867097 0.30006226191649 0.74228658478563 0.85808231803436 0.12384678722325 0.30355295537186 0.63634898531016 0.89939337310232 0.78931054973309 0.00049219613024 0.49178872595159 0.99792372372813 0.96785006505966 0.84851670150138 0.96996685667814 0.63643709196665 0.58067125108182 0.96609717870072 0.76109883508703 0.97233356791006 0.26798452365367 0.22423269788709 0.96793195384047 0.35179770021069 0.38357201738579 0.09376335083533 0.86933871721441 0.14452866311168 0.13124723020286 0.81349422018818 0.37557394626562 0.09229784813123 0.32788795223727 0.49608685452686 0.50695950640449 0.89914521984972 0.60835471988566 0.54915455170279 0.89725459290827 0.63384460256787 0.65616601195175 0.47225384117179 0.81133679793591 0.13857015377277 0.29372306955249 0.49728581264233 0.74811681405548 0.28070338655192 0.02274866732328 0.42511166466829 0.58699267368452 0.54512429138922 0.79917122123744 0.47137323988612 0.24727430225223 0.46947540177835 0.26396797737168 0.76855748820779 0.02752812956522 0.95674488913593 0.83265397349300 0.23646785872777 0.97034685812404 0.38167068833251 0.05252623389407 0.96100499467862 0.87730802473881 0.85234945700367 0.52383689611401 0.27057707185290 0.06202926671796 0.60146568105968 0.90356813522175 0.76469717981240 0.41820550917232 0.58588218377802 0.87147699553515 0.54976967815793 0.61732114632773 0.85935701061141 0.86848320218105 0.71200355757969 0.32067035348000
0.90697673440898 0.80000630821770 0.87437336086722 0.72350295751630 0.31633569865762 0.09869682159468 0.04068860720914 0.99365302851282 0.56836733852504 0.80504943960171 0.92985601761368 0.48395827632400 0.97194191670531 0.55725323819768 0.12719769310401 0.18441986995558 0.26944426556419 0.24275731781836 0.29426261105157 0.73099228828944 0.79485991882572 0.32989891857756 0.37011893700606 0.91502284788159 0.15443544205708 0.97917620369700 0.68597870743442 0.13725045017483 0.71654868155154 0.91895929788540 0.62668290706796 0.01952997906778 0.68250124446194 0.66804552207621 0.13230372916810 0.07738695234827 0.25139992106793 0.06063867992677 0.05302060941155 0.93694707148563 0.20313282823305 0.00714859689663 0.29836423543091 0.24046971270380 0.41075833550878 0.59478093398576 0.78224896106821 0.62243741732999 0.07903401418630 0.24913974355696 0.12957502844204 0.57128041847526 0.11997066635931 0.32045711607648 0.87918818676591 0.94883416409439 0.19423476290705 0.88761845286188 0.00343095858312 0.43188488305332 0.35248292210170 0.38716046403099 0.13887102852898 0.01254436327877 0.21961916853713 0.51119987003090 0.11280562208208 0.64307680366846 0.04009898936822 0.27842954355381 0.58464191888979 0.05514921475869 0.81388490759256 0.00828311745792 0.88759758879737 0.81194863431565 0.50610901498988 0.71742439679954 0.40457095913409 0.15045945434609 0.65754576381638 0.60551227234281 0.23063847661599 0.32959240805648 0.63552909979328 0.11151867935272 0.12570606704088 0.00662151968274 0.42657811824444 0.35387152231209 0.92153241964892 0.94945245508375 0.40345453683108 0.95324420944978 0.18433387406955 0.73702430789722 0.63764864669945 0.65536424740866 0.60099473269881 0.21851151797026 0.76584668658686 0.58283743257395 0.50977266490272 0.25778681934791 0.89378941503126 0.53395146000593 0.90877736196466 0.63168439574956 0.97058469008015 0.66528256109632 0.12569534661764 0.05607828970315 0.42953769181087 0.19633857907117 0.68550769086728 0.01479345400332 0.33464479908815 0.12022015965915 0.81907695904767 0.67359806705365 0.28998206715791 0.61641718401419 0.41729647383748 0.92971220868764 0.53197578311123 0.36267205265111 0.50563189053506 0.49911530020383 0.10638039664605 0.51086025737117 0.10772982173542 0.56423963768911 0.15538859607308 0.37952793520158 0.68651283530689 0.10073211729427 0.53313652685531 0.64676255179588 0.38021775528760 0.01500677441964 0.56864021982380 0.31251049985319 0.15148576491283 0.25261989866082 0.18417557076997 0.35174688621059 0.76616211266372 0.15229112066503 0.22318356073144 0.20630538842515 0.38571738680913 0.05690116634758 0.70696189129848 0.99908616317548 0.15030609380464 0.76526734810694 0.91441369754516 0.36547667796554 0.25273528034583 0.75871028509167 0.21985658879575 0.76898184093723 0.01520939267139 0.24640754394354 0.27885399079381 0.62464798923401 0.60224952242971 0.65556355723575 0.17820171112185 0.99358846506778 0.43665134608540 0.89328895735617 0.37499216994175 0.88264781565495 0.28965767741185 0.84597460576203 0.82999545817738 0.85373376174759 0.67125898958026 0.69667148040575 0.25595954002752 0.98852857743627 0.52828171757416 0.73615884202798 0.01741667199977 0.14060894585423 0.52539440449375 0.37139339418741 0.71813268737926 0.68763345486403 0.68299716259106 0.66786913804535 0.35232201958114 0.75556795542058 0.22139649676180 0.38597576744247 0.43051527982470 0.51519657820707 0.68457873042757 0.80175322113378
